[2026-09-04T21:18:41.640688+00:00] collection started
[2026-09-04T21:18:42.288567+00:00] repo collected: sake_dataset
[2026-09-04T21:18:46.603228+00:00] repo collected: sakeopendata
[2026-09-04T21:18:49.860094+00:00] API collected: sakenowa
[2026-09-04T21:18:57.428155+00:00] sake_suggest: sitemap contains 8053 URLs
[2026-09-04T21:19:15.637712+00:00] retry 500 https://sake-suggest.com/prefecture/%E4%B8%89%E9%87%8D in 2.0s
[2026-09-04T21:19:16.126975+00:00] retry 500 https://sake-suggest.com/prefecture/%E4%BA%AC%E9%83%BD in 1.0s
[2026-09-04T21:19:16.203987+00:00] retry 500 https://sake-suggest.com/prefecture/%E5%85%B5%E5%BA%AB in 1.7s
[2026-09-04T21:19:16.471481+00:00] retry 500 https://sake-suggest.com/prefecture/%E4%BD%90%E8%B3%80 in 1.9s
[2026-09-04T21:19:16.730697+00:00] retry 500 https://sake-suggest.com/prefecture/%E5%8C%97%E6%B5%B7%E9%81%93 in 1.8s
[2026-09-04T21:19:19.128243+00:00] retry 500 https://sake-suggest.com/prefecture/%E5%8D%83%E8%91%89 in 1.8s
[2026-09-04T21:19:25.144194+00:00] retry 500 https://sake-suggest.com/prefecture/%E4%BA%AC%E9%83%BD in 2.2s
[2026-09-04T21:19:25.535945+00:00] retry 500 https://sake-suggest.com/prefecture/%E4%B8%89%E9%87%8D in 2.6s
[2026-09-04T21:19:25.953454+00:00] retry 500 https://sake-suggest.com/prefecture/%E5%85%B5%E5%BA%AB in 2.7s
[2026-09-04T21:19:26.197791+00:00] retry 500 https://sake-suggest.com/prefecture/%E4%BD%90%E8%B3%80 in 2.4s
[2026-09-04T21:19:26.717714+00:00] retry 500 https://sake-suggest.com/prefecture/%E5%8C%97%E6%B5%B7%E9%81%93 in 2.3s
[2026-09-04T21:19:29.494571+00:00] retry 500 https://sake-suggest.com/prefecture/%E5%8D%83%E8%91%89 in 2.2s
[2026-09-04T21:19:35.785287+00:00] retry 500 https://sake-suggest.com/prefecture/%E4%BA%AC%E9%83%BD in 4.1s
[2026-09-04T21:19:35.931185+00:00] retry 500 https://sake-suggest.com/prefecture/%E4%B8%89%E9%87%8D in 4.5s
[2026-09-04T21:19:36.536433+00:00] retry 500 https://sake-suggest.com/prefecture/%E4%BD%90%E8%B3%80 in 4.4s
[2026-09-04T21:19:36.745462+00:00] retry 500 https://sake-suggest.com/prefecture/%E5%85%B5%E5%BA%AB in 4.5s
[2026-09-04T21:19:36.908472+00:00] retry 500 https://sake-suggest.com/prefecture/%E5%8C%97%E6%B5%B7%E9%81%93 in 4.2s
[2026-09-04T21:19:40.082960+00:00] retry 500 https://sake-suggest.com/prefecture/%E5%8D%83%E8%91%89 in 4.6s
[2026-09-04T21:19:47.711684+00:00] retry 500 https://sake-suggest.com/prefecture/%E4%BA%AC%E9%83%BD in 8.8s
[2026-09-04T21:19:48.341111+00:00] retry 500 https://sake-suggest.com/prefecture/%E4%B8%89%E9%87%8D in 8.8s
[2026-09-04T21:19:48.992916+00:00] retry 500 https://sake-suggest.com/prefecture/%E4%BD%90%E8%B3%80 in 8.8s
[2026-09-04T21:19:49.235898+00:00] retry 500 https://sake-suggest.com/prefecture/%E5%8C%97%E6%B5%B7%E9%81%93 in 8.4s
[2026-09-04T21:19:49.452780+00:00] retry 500 https://sake-suggest.com/prefecture/%E5%85%B5%E5%BA%AB in 8.8s
[2026-09-04T21:19:52.683772+00:00] retry 500 https://sake-suggest.com/prefecture/%E5%8D%83%E8%91%89 in 8.8s
[2026-09-04T21:20:05.026565+00:00] retry 500 https://sake-suggest.com/prefecture/%E4%BA%AC%E9%83%BD in 17.0s
[2026-09-04T21:20:05.064565+00:00] retry 500 https://sake-suggest.com/prefecture/%E4%B8%89%E9%87%8D in 16.9s
[2026-09-04T21:20:05.930122+00:00] retry 500 https://sake-suggest.com/prefecture/%E5%8C%97%E6%B5%B7%E9%81%93 in 16.9s
[2026-09-04T21:20:05.932122+00:00] retry 500 https://sake-suggest.com/prefecture/%E4%BD%90%E8%B3%80 in 16.5s
[2026-09-04T21:20:06.123717+00:00] retry 500 https://sake-suggest.com/prefecture/%E5%85%B5%E5%BA%AB in 16.5s
[2026-09-04T21:20:09.406845+00:00] retry 500 https://sake-suggest.com/prefecture/%E5%8D%83%E8%91%89 in 16.4s
[2026-09-04T21:20:56.251983+00:00] collection started
[2026-09-04T21:20:56.253984+00:00] repo collected: sake_dataset
[2026-09-04T21:20:56.261983+00:00] repo collected: sakeopendata
[2026-09-04T21:20:56.262984+00:00] API collected: sakenowa
[2026-09-04T21:20:56.293255+00:00] sake_suggest: sitemap contains 8053 URLs
[2026-09-04T21:21:04.761124+00:00] retry 500 https://sake-suggest.com/prefecture/%E5%85%B5%E5%BA%AB in 1.7s
[2026-09-04T21:21:04.762124+00:00] retry 500 https://sake-suggest.com/prefecture/%E4%BD%90%E8%B3%80 in 1.4s
[2026-09-04T21:21:04.912875+00:00] retry 500 https://sake-suggest.com/prefecture/%E5%8C%97%E6%B5%B7%E9%81%93 in 1.3s
[2026-09-04T21:21:04.913877+00:00] retry 500 https://sake-suggest.com/prefecture/%E4%BA%AC%E9%83%BD in 1.0s
[2026-09-04T21:21:04.965713+00:00] retry 500 https://sake-suggest.com/prefecture/%E4%B8%89%E9%87%8D in 1.6s
[2026-09-04T21:21:05.023893+00:00] retry 500 https://sake-suggest.com/prefecture/%E5%8D%83%E8%91%89 in 1.2s
[2026-09-04T21:21:14.286389+00:00] retry 500 https://sake-suggest.com/prefecture/%E4%BA%AC%E9%83%BD in 2.7s
[2026-09-04T21:21:14.433705+00:00] retry 500 https://sake-suggest.com/prefecture/%E5%8C%97%E6%B5%B7%E9%81%93 in 2.3s
[2026-09-04T21:21:14.531288+00:00] retry 500 https://sake-suggest.com/prefecture/%E5%8D%83%E8%91%89 in 2.4s
[2026-09-04T21:21:14.567703+00:00] retry 500 https://sake-suggest.com/prefecture/%E4%BD%90%E8%B3%80 in 2.6s
[2026-09-04T21:21:14.605027+00:00] retry 500 https://sake-suggest.com/prefecture/%E5%85%B5%E5%BA%AB in 2.7s
[2026-09-04T21:21:14.699104+00:00] retry 500 https://sake-suggest.com/prefecture/%E4%B8%89%E9%87%8D in 2.8s
[2026-09-04T21:21:33.174186+00:00] retry 500 https://sake-suggest.com/prefecture/%E5%92%8C%E6%AD%8C%E5%B1%B1 in 1.4s
[2026-09-04T21:21:33.371457+00:00] retry 500 https://sake-suggest.com/prefecture/%E5%9F%BC%E7%8E%89 in 1.8s
[2026-09-04T21:21:33.741112+00:00] retry 500 https://sake-suggest.com/prefecture/%E5%A4%A7%E5%88%86 in 1.3s
[2026-09-04T21:21:33.741112+00:00] retry 500 https://sake-suggest.com/prefecture/%E5%A4%A7%E9%98%AA in 1.9s
[2026-09-04T21:21:33.777604+00:00] retry 500 https://sake-suggest.com/prefecture/%E5%A5%88%E8%89%AF in 1.3s
[2026-09-04T21:21:33.848364+00:00] retry 500 https://sake-suggest.com/prefecture/%E5%AE%AE%E5%9F%8E in 1.3s
[2026-09-04T21:21:42.585807+00:00] retry 500 https://sake-suggest.com/prefecture/%E5%92%8C%E6%AD%8C%E5%B1%B1 in 2.6s
[2026-09-04T21:21:43.304083+00:00] retry 500 https://sake-suggest.com/prefecture/%E5%A4%A7%E5%88%86 in 2.6s
[2026-09-04T21:21:43.389427+00:00] retry 500 https://sake-suggest.com/prefecture/%E5%9F%BC%E7%8E%89 in 2.0s
[2026-09-04T21:21:43.515985+00:00] retry 500 https://sake-suggest.com/prefecture/%E5%A5%88%E8%89%AF in 2.5s
[2026-09-04T21:21:43.616677+00:00] retry 500 https://sake-suggest.com/prefecture/%E5%AE%AE%E5%9F%8E in 2.1s
[2026-09-04T21:21:43.854871+00:00] retry 500 https://sake-suggest.com/prefecture/%E5%A4%A7%E9%98%AA in 2.7s
[2026-09-04T21:22:01.074002+00:00] retry 500 https://sake-suggest.com/prefecture/%E5%AF%8C%E5%B1%B1 in 1.1s
[2026-09-04T21:22:01.602282+00:00] retry 500 https://sake-suggest.com/prefecture/%E5%B1%B1%E5%8F%A3 in 1.7s
[2026-09-04T21:22:02.040952+00:00] retry 500 https://sake-suggest.com/prefecture/%E5%B1%B1%E5%BD%A2 in 1.6s
[2026-09-04T21:22:02.085752+00:00] retry 500 https://sake-suggest.com/prefecture/%E5%B2%90%E9%98%9C in 1.2s
[2026-09-04T21:22:02.190338+00:00] retry 500 https://sake-suggest.com/prefecture/%E5%B1%B1%E6%A2%A8 in 1.5s
[2026-09-04T21:22:02.466083+00:00] retry 500 https://sake-suggest.com/prefecture/%E5%B2%A1%E5%B1%B1 in 1.4s
[2026-09-04T21:22:10.339436+00:00] retry 500 https://sake-suggest.com/prefecture/%E5%AF%8C%E5%B1%B1 in 2.4s
[2026-09-04T21:22:11.215322+00:00] retry 500 https://sake-suggest.com/prefecture/%E5%B2%90%E9%98%9C in 2.8s
[2026-09-04T21:22:11.239700+00:00] retry 500 https://sake-suggest.com/prefecture/%E5%B1%B1%E5%8F%A3 in 2.5s
[2026-09-04T21:22:11.569851+00:00] retry 500 https://sake-suggest.com/prefecture/%E5%B1%B1%E5%BD%A2 in 2.6s
[2026-09-04T21:22:11.770248+00:00] retry 500 https://sake-suggest.com/prefecture/%E5%B2%A1%E5%B1%B1 in 2.2s
[2026-09-04T21:22:11.888609+00:00] retry 500 https://sake-suggest.com/prefecture/%E5%B1%B1%E6%A2%A8 in 2.9s
[2026-09-04T21:22:28.639751+00:00] retry 500 https://sake-suggest.com/prefecture/%E5%B2%A9%E6%89%8B in 1.3s
[2026-09-04T21:22:29.806953+00:00] retry 500 https://sake-suggest.com/prefecture/%E5%B3%B6%E6%A0%B9 in 1.4s
[2026-09-04T21:22:30.262090+00:00] retry 500 https://sake-suggest.com/prefecture/%E6%84%9B%E5%AA%9B in 1.4s
[2026-09-04T21:22:30.264602+00:00] retry 500 https://sake-suggest.com/prefecture/%E5%BA%83%E5%B3%B6 in 1.4s
[2026-09-04T21:22:30.407762+00:00] retry 500 https://sake-suggest.com/prefecture/%E5%BE%B3%E5%B3%B6 in 1.1s
[2026-09-04T21:22:30.766328+00:00] retry 500 https://sake-suggest.com/prefecture/%E6%84%9B%E7%9F%A5 in 1.3s
[2026-09-04T21:22:37.969603+00:00] retry 500 https://sake-suggest.com/prefecture/%E5%B2%A9%E6%89%8B in 2.1s
[2026-09-04T21:22:39.316559+00:00] retry 500 https://sake-suggest.com/prefecture/%E5%B3%B6%E6%A0%B9 in 2.8s
[2026-09-04T21:22:39.553552+00:00] retry 500 https://sake-suggest.com/prefecture/%E5%BE%B3%E5%B3%B6 in 2.5s
[2026-09-04T21:22:39.805270+00:00] retry 500 https://sake-suggest.com/prefecture/%E5%BA%83%E5%B3%B6 in 2.5s
[2026-09-04T21:22:39.855734+00:00] retry 500 https://sake-suggest.com/prefecture/%E6%84%9B%E5%AA%9B in 2.8s
[2026-09-04T21:22:40.019615+00:00] retry 500 https://sake-suggest.com/prefecture/%E6%84%9B%E7%9F%A5 in 2.5s
[2026-09-04T21:22:56.559502+00:00] retry 500 https://sake-suggest.com/prefecture/%E6%96%B0%E6%BD%9F in 1.2s
[2026-09-04T21:22:58.144842+00:00] retry 500 https://sake-suggest.com/prefecture/%E6%9D%B1%E4%BA%AC in 1.8s
[2026-09-04T21:22:58.685611+00:00] retry 500 https://sake-suggest.com/prefecture/%E6%BB%8B%E8%B3%80 in 1.8s
[2026-09-04T21:22:58.708769+00:00] retry 500 https://sake-suggest.com/prefecture/%E6%A0%83%E6%9C%A8 in 1.4s
[2026-09-04T21:22:59.187494+00:00] retry 500 https://sake-suggest.com/prefecture/%E7%86%8A%E6%9C%AC in 1.3s
[2026-09-04T21:22:59.241030+00:00] retry 500 https://sake-suggest.com/prefecture/%E7%9F%B3%E5%B7%9D in 1.5s
[2026-09-04T21:23:05.703914+00:00] retry 500 https://sake-suggest.com/prefecture/%E6%96%B0%E6%BD%9F in 3.0s
[2026-09-04T21:23:08.141512+00:00] retry 500 https://sake-suggest.com/prefecture/%E6%9D%B1%E4%BA%AC in 2.6s
[2026-09-04T21:23:08.305087+00:00] retry 500 https://sake-suggest.com/prefecture/%E6%A0%83%E6%9C%A8 in 2.1s
[2026-09-04T21:23:08.430191+00:00] retry 500 https://sake-suggest.com/prefecture/%E6%BB%8B%E8%B3%80 in 3.0s
[2026-09-04T21:23:08.705737+00:00] retry 500 https://sake-suggest.com/prefecture/%E7%86%8A%E6%9C%AC in 2.2s
[2026-09-04T21:23:08.715736+00:00] retry 500 https://sake-suggest.com/prefecture/%E7%9F%B3%E5%B7%9D in 2.6s
[2026-09-04T21:23:25.057496+00:00] retry 500 https://sake-suggest.com/prefecture/%E7%A5%9E%E5%A5%88%E5%B7%9D in 2.0s
[2026-09-04T21:23:26.768411+00:00] retry 500 https://sake-suggest.com/prefecture/%E7%A6%8F%E4%BA%95 in 1.9s
[2026-09-04T21:23:26.964983+00:00] retry 500 https://sake-suggest.com/prefecture/%E7%A6%8F%E5%B2%A1 in 1.3s
[2026-09-04T21:23:27.049969+00:00] retry 500 https://sake-suggest.com/prefecture/%E7%A6%8F%E5%B3%B6 in 1.6s
[2026-09-04T21:23:27.449460+00:00] retry 500 https://sake-suggest.com/prefecture/%E7%BE%A4%E9%A6%AC in 1.1s
[2026-09-04T21:23:27.649460+00:00] retry 500 https://sake-suggest.com/prefecture/%E7%A7%8B%E7%94%B0 in 1.4s
[2026-09-04T21:23:34.972297+00:00] retry 500 https://sake-suggest.com/prefecture/%E7%A5%9E%E5%A5%88%E5%B7%9D in 3.0s
[2026-09-04T21:23:36.372714+00:00] retry 500 https://sake-suggest.com/prefecture/%E7%A6%8F%E5%B2%A1 in 2.3s
[2026-09-04T21:23:36.666271+00:00] retry 500 https://sake-suggest.com/prefecture/%E7%A6%8F%E4%BA%95 in 2.7s
[2026-09-04T21:23:36.826581+00:00] retry 500 https://sake-suggest.com/prefecture/%E7%A6%8F%E5%B3%B6 in 2.0s
[2026-09-04T21:23:36.900423+00:00] retry 500 https://sake-suggest.com/prefecture/%E7%A7%8B%E7%94%B0 in 3.0s
[2026-09-04T21:23:36.925251+00:00] retry 500 https://sake-suggest.com/prefecture/%E7%BE%A4%E9%A6%AC in 2.6s
[2026-09-04T21:23:54.337764+00:00] retry 500 https://sake-suggest.com/prefecture/%E8%8C%A8%E5%9F%8E in 1.0s
[2026-09-04T21:23:54.990944+00:00] retry 500 https://sake-suggest.com/prefecture/%E9%95%B7%E9%87%8E in 1.2s
[2026-09-04T21:23:55.093219+00:00] retry 500 https://sake-suggest.com/prefecture/%E9%95%B7%E5%B4%8E in 1.8s
[2026-09-04T21:23:56.235279+00:00] retry 500 https://sake-suggest.com/prefecture/%E9%9D%92%E6%A3%AE in 1.1s
[2026-09-04T21:23:56.486741+00:00] retry 500 https://sake-suggest.com/prefecture/%E9%9D%99%E5%B2%A1 in 1.9s
[2026-09-04T21:23:56.629778+00:00] retry 500 https://sake-suggest.com/prefecture/%E9%A6%99%E5%B7%9D in 1.3s
[2026-09-04T21:24:03.289105+00:00] retry 500 https://sake-suggest.com/prefecture/%E8%8C%A8%E5%9F%8E in 2.2s
[2026-09-04T21:24:04.143878+00:00] retry 500 https://sake-suggest.com/prefecture/%E9%95%B7%E9%87%8E in 2.0s
[2026-09-04T21:24:04.990521+00:00] retry 500 https://sake-suggest.com/prefecture/%E9%95%B7%E5%B4%8E in 2.6s
[2026-09-04T21:24:05.343165+00:00] retry 500 https://sake-suggest.com/prefecture/%E9%9D%92%E6%A3%AE in 2.2s
[2026-09-04T21:24:06.095023+00:00] retry 500 https://sake-suggest.com/prefecture/%E9%A6%99%E5%B7%9D in 2.1s
[2026-09-04T21:24:06.260348+00:00] retry 500 https://sake-suggest.com/prefecture/%E9%9D%99%E5%B2%A1 in 2.6s
[2026-09-04T21:24:21.576082+00:00] retry 500 https://sake-suggest.com/prefecture/%E9%AB%98%E7%9F%A5 in 1.4s
[2026-09-04T21:24:22.861969+00:00] retry 500 https://sake-suggest.com/prefecture/%E9%B3%A5%E5%8F%96 in 1.4s
[2026-09-04T21:24:23.637588+00:00] retry 500 https://sake-suggest.com/category/%E5%90%9F%E9%86%B8%E9%85%92 in 1.5s
[2026-09-04T21:24:23.751482+00:00] retry 500 https://sake-suggest.com/category/%E5%A4%A7%E5%90%9F%E9%86%B8 in 1.9s
[2026-09-04T21:24:24.160700+00:00] retry 500 https://sake-suggest.com/category/%E5%A4%A7%E5%90%9F%E9%86%B8%E9%85%92 in 1.5s
[2026-09-04T21:24:24.915764+00:00] retry 500 https://sake-suggest.com/category/%E5%B1%B1%E5%BB%83%E7%B4%94%E7%B1%B3 in 1.5s
[2026-09-04T21:24:30.934533+00:00] retry 500 https://sake-suggest.com/prefecture/%E9%AB%98%E7%9F%A5 in 2.0s
[2026-09-04T21:24:32.180328+00:00] retry 500 https://sake-suggest.com/prefecture/%E9%B3%A5%E5%8F%96 in 2.3s
[2026-09-04T21:24:33.052503+00:00] retry 500 https://sake-suggest.com/category/%E5%90%9F%E9%86%B8%E9%85%92 in 2.9s
[2026-09-04T21:24:33.811224+00:00] retry 500 https://sake-suggest.com/category/%E5%A4%A7%E5%90%9F%E9%86%B8%E9%85%92 in 2.5s
[2026-09-04T21:24:33.887426+00:00] retry 500 https://sake-suggest.com/category/%E5%A4%A7%E5%90%9F%E9%86%B8 in 2.4s
[2026-09-04T21:24:34.362398+00:00] retry 500 https://sake-suggest.com/category/%E5%B1%B1%E5%BB%83%E7%B4%94%E7%B1%B3 in 3.0s
[2026-09-04T21:24:49.067377+00:00] retry 500 https://sake-suggest.com/category/%E6%99%AE%E9%80%9A%E9%85%92 in 1.2s
[2026-09-04T21:24:50.888161+00:00] retry 500 https://sake-suggest.com/category/%E6%9C%AC%E9%86%B8%E9%80%A0 in 1.6s
[2026-09-04T21:24:51.891210+00:00] retry 500 https://sake-suggest.com/category/%E6%9C%AC%E9%86%B8%E9%80%A0%E9%85%92 in 1.9s
[2026-09-04T21:24:52.359652+00:00] retry 500 https://sake-suggest.com/category/%E7%89%B9%E5%88%A5%E6%9C%AC%E9%86%B8%E9%80%A0 in 1.6s
[2026-09-04T21:24:52.499515+00:00] retry 500 https://sake-suggest.com/category/%E7%89%B9%E5%88%A5%E7%B4%94%E7%B1%B3 in 1.5s
[2026-09-04T21:24:53.516789+00:00] retry 500 https://sake-suggest.com/category/%E7%89%B9%E5%88%A5%E7%B4%94%E7%B1%B3%E7%94%9F in 1.0s
[2026-09-04T21:24:58.428887+00:00] retry 500 https://sake-suggest.com/category/%E6%99%AE%E9%80%9A%E9%85%92 in 2.0s
[2026-09-04T21:25:00.504679+00:00] retry 500 https://sake-suggest.com/category/%E6%9C%AC%E9%86%B8%E9%80%A0 in 2.5s
[2026-09-04T21:25:01.758040+00:00] retry 500 https://sake-suggest.com/category/%E6%9C%AC%E9%86%B8%E9%80%A0%E9%85%92 in 2.5s
[2026-09-04T21:25:02.023712+00:00] retry 500 https://sake-suggest.com/category/%E7%89%B9%E5%88%A5%E7%B4%94%E7%B1%B3 in 2.8s
[2026-09-04T21:25:02.029712+00:00] retry 500 https://sake-suggest.com/category/%E7%89%B9%E5%88%A5%E6%9C%AC%E9%86%B8%E9%80%A0 in 2.9s
[2026-09-04T21:25:02.647750+00:00] retry 500 https://sake-suggest.com/category/%E7%89%B9%E5%88%A5%E7%B4%94%E7%B1%B3%E7%94%9F in 2.4s
[2026-09-04T21:25:16.765034+00:00] retry 500 https://sake-suggest.com/category/%E7%94%9F%E3%82%82%E3%81%A8%E7%B4%94%E7%B1%B3 in 1.6s
[2026-09-04T21:25:19.403457+00:00] retry 500 https://sake-suggest.com/category/%E7%B4%94%E7%B1%B3 in 1.4s
[2026-09-04T21:25:20.124502+00:00] retry 500 https://sake-suggest.com/category/%E7%B4%94%E7%B1%B3%E3%81%AB%E3%81%94%E3%82%8A in 1.5s
[2026-09-04T21:25:20.702029+00:00] retry 500 https://sake-suggest.com/category/%E7%B4%94%E7%B1%B3%E5%8E%9F%E9%85%92 in 1.4s
[2026-09-04T21:25:20.874305+00:00] retry 500 https://sake-suggest.com/category/%E7%B4%94%E7%B1%B3%E5%90%9F%E9%86%B8 in 2.0s
[2026-09-04T21:25:21.229927+00:00] retry 500 https://sake-suggest.com/category/%E7%B4%94%E7%B1%B3%E5%90%9F%E9%86%B8%E7%94%9F in 1.5s
[2026-09-04T21:25:26.246487+00:00] retry 500 https://sake-suggest.com/category/%E7%94%9F%E3%82%82%E3%81%A8%E7%B4%94%E7%B1%B3 in 2.1s
[2026-09-04T21:25:28.709341+00:00] retry 500 https://sake-suggest.com/category/%E7%B4%94%E7%B1%B3 in 2.2s
[2026-09-04T21:25:29.480339+00:00] retry 500 https://sake-suggest.com/category/%E7%B4%94%E7%B1%B3%E3%81%AB%E3%81%94%E3%82%8A in 2.5s
[2026-09-04T21:25:30.144672+00:00] retry 500 https://sake-suggest.com/category/%E7%B4%94%E7%B1%B3%E5%8E%9F%E9%85%92 in 2.1s
[2026-09-04T21:25:30.778918+00:00] retry 500 https://sake-suggest.com/category/%E7%B4%94%E7%B1%B3%E5%90%9F%E9%86%B8%E7%94%9F in 3.0s
[2026-09-04T21:25:30.894961+00:00] retry 500 https://sake-suggest.com/category/%E7%B4%94%E7%B1%B3%E5%90%9F%E9%86%B8 in 2.4s
[2026-09-04T21:25:44.562169+00:00] retry 500 https://sake-suggest.com/category/%E7%B4%94%E7%B1%B3%E5%90%9F%E9%86%B8%E7%94%9F%E5%8E%9F%E9%85%92 in 1.1s
[2026-09-04T21:25:46.719146+00:00] retry 500 https://sake-suggest.com/category/%E7%B4%94%E7%B1%B3%E5%A4%A7%E5%90%9F%E9%86%B8 in 1.4s
[2026-09-04T21:25:47.744104+00:00] retry 500 https://sake-suggest.com/category/%E7%B4%94%E7%B1%B3%E5%A4%A7%E5%90%9F%E9%86%B8%E7%94%9F in 1.9s
[2026-09-04T21:25:48.355172+00:00] retry 500 https://sake-suggest.com/category/%E7%B4%94%E7%B1%B3%E7%94%9F in 1.5s
[2026-09-04T21:25:49.517468+00:00] retry 500 https://sake-suggest.com/category/%E7%B4%94%E7%B1%B3%E7%94%9F%E5%8E%9F%E9%85%92 in 1.4s
[2026-09-04T21:25:49.906224+00:00] retry 500 https://sake-suggest.com/category/%E7%B4%94%E7%B1%B3%E7%94%9F%E9%85%92 in 1.7s
[2026-09-04T21:25:53.584861+00:00] retry 500 https://sake-suggest.com/category/%E7%B4%94%E7%B1%B3%E5%90%9F%E9%86%B8%E7%94%9F%E5%8E%9F%E9%85%92 in 2.0s
[2026-09-04T21:25:56.015922+00:00] retry 500 https://sake-suggest.com/category/%E7%B4%94%E7%B1%B3%E5%A4%A7%E5%90%9F%E9%86%B8 in 2.7s
[2026-09-04T21:25:57.576755+00:00] retry 500 https://sake-suggest.com/category/%E7%B4%94%E7%B1%B3%E5%A4%A7%E5%90%9F%E9%86%B8%E7%94%9F in 2.7s
[2026-09-04T21:25:57.958874+00:00] retry 500 https://sake-suggest.com/category/%E7%B4%94%E7%B1%B3%E7%94%9F in 2.6s
[2026-09-04T21:25:58.835245+00:00] retry 500 https://sake-suggest.com/category/%E7%B4%94%E7%B1%B3%E7%94%9F%E5%8E%9F%E9%85%92 in 2.2s
[2026-09-04T21:25:59.537590+00:00] retry 500 https://sake-suggest.com/category/%E7%B4%94%E7%B1%B3%E7%94%9F%E9%85%92 in 2.2s
[2026-09-04T21:26:11.858881+00:00] retry 500 https://sake-suggest.com/category/%E7%B4%94%E7%B1%B3%E9%85%92 in 1.3s
[2026-09-04T21:26:14.912275+00:00] retry 500 https://sake-suggest.com/sake/0003f742-12c4-4d6d-a06b-c7905f9bd673 in 1.3s
[2026-09-04T21:26:16.455589+00:00] retry 500 https://sake-suggest.com/sake/00050512-14f1-4a9c-af31-b591c7747545 in 1.6s
[2026-09-04T21:26:16.730966+00:00] retry 500 https://sake-suggest.com/sake/00066234-e4a3-47d8-b682-d915b5c6a047 in 1.9s
[2026-09-04T21:26:17.151953+00:00] retry 500 https://sake-suggest.com/sake/001a561c-d69f-4273-ab45-18ec4cdca0b7 in 1.3s
[2026-09-04T21:26:17.960062+00:00] retry 500 https://sake-suggest.com/sake/00281ae4-3cbf-4176-95c0-15da5e64d97e in 1.5s
[2026-09-04T21:26:21.063022+00:00] retry 500 https://sake-suggest.com/category/%E7%B4%94%E7%B1%B3%E9%85%92 in 2.3s
[2026-09-04T21:26:24.089856+00:00] retry 500 https://sake-suggest.com/sake/0003f742-12c4-4d6d-a06b-c7905f9bd673 in 2.5s
[2026-09-04T21:26:25.969922+00:00] retry 500 https://sake-suggest.com/sake/00050512-14f1-4a9c-af31-b591c7747545 in 2.0s
[2026-09-04T21:26:26.274438+00:00] retry 500 https://sake-suggest.com/sake/001a561c-d69f-4273-ab45-18ec4cdca0b7 in 2.7s
[2026-09-04T21:26:26.773331+00:00] retry 500 https://sake-suggest.com/sake/00066234-e4a3-47d8-b682-d915b5c6a047 in 2.9s
[2026-09-04T21:26:27.374344+00:00] retry 500 https://sake-suggest.com/sake/00281ae4-3cbf-4176-95c0-15da5e64d97e in 2.9s
[2026-09-04T21:26:39.450695+00:00] retry 500 https://sake-suggest.com/sake/002b6611-3320-4172-b3b4-9a04066c3d17 in 1.8s
[2026-09-04T21:26:43.107027+00:00] retry 500 https://sake-suggest.com/sake/004b482b-e195-4b55-8970-ed9d84e22dba in 1.4s
[2026-09-04T21:26:44.365098+00:00] retry 500 https://sake-suggest.com/sake/00517106-9b0e-4073-b887-6fe15e8005c8 in 1.6s
[2026-09-04T21:26:46.133962+00:00] retry 500 https://sake-suggest.com/sake/005281a8-5cae-4116-9617-4fa2b7bcc28c in 1.7s
[2026-09-04T21:26:46.168961+00:00] retry 500 https://sake-suggest.com/sake/0054a081-6bfd-4163-92f9-98ed788a7612 in 1.7s
[2026-09-04T21:26:47.242816+00:00] retry 500 https://sake-suggest.com/sake/005d5137-b5c9-47dd-ad5d-e49724d17e7d in 1.4s
[2026-09-04T21:26:49.152895+00:00] retry 500 https://sake-suggest.com/sake/002b6611-3320-4172-b3b4-9a04066c3d17 in 2.5s
[2026-09-04T21:26:52.376076+00:00] retry 500 https://sake-suggest.com/sake/004b482b-e195-4b55-8970-ed9d84e22dba in 2.3s
[2026-09-04T21:26:54.196405+00:00] retry 500 https://sake-suggest.com/sake/00517106-9b0e-4073-b887-6fe15e8005c8 in 2.9s
[2026-09-04T21:26:55.798850+00:00] retry 500 https://sake-suggest.com/sake/005281a8-5cae-4116-9617-4fa2b7bcc28c in 2.5s
[2026-09-04T21:26:55.846371+00:00] retry 500 https://sake-suggest.com/sake/0054a081-6bfd-4163-92f9-98ed788a7612 in 2.3s
[2026-09-04T21:26:56.775730+00:00] retry 500 https://sake-suggest.com/sake/005d5137-b5c9-47dd-ad5d-e49724d17e7d in 2.1s
[2026-09-04T21:27:07.742764+00:00] retry 500 https://sake-suggest.com/sake/00604a0d-c3e7-46ab-a778-041cdfd0d082 in 1.1s
[2026-09-04T21:27:10.900459+00:00] retry 500 https://sake-suggest.com/sake/008159f2-e288-4f7d-ab1d-db5f640b494e in 1.3s
[2026-09-04T21:27:13.464598+00:00] retry 500 https://sake-suggest.com/sake/008324df-242f-4fa7-b87b-28627d965734 in 1.8s
[2026-09-04T21:27:14.611371+00:00] retry 500 https://sake-suggest.com/sake/0086f3d1-391d-437a-9001-c4832de45771 in 1.9s
[2026-09-04T21:27:14.611371+00:00] retry 500 https://sake-suggest.com/sake/008502e8-644e-45ea-a9e9-f6394b046bac in 1.8s
[2026-09-04T21:27:15.084861+00:00] retry 500 https://sake-suggest.com/sake/008918b7-7b16-4a46-807a-5e39fa2c6ec9 in 1.8s
[2026-09-04T21:27:16.949953+00:00] retry 500 https://sake-suggest.com/sake/00604a0d-c3e7-46ab-a778-041cdfd0d082 in 2.9s
[2026-09-04T21:27:20.859968+00:00] retry 500 https://sake-suggest.com/sake/008159f2-e288-4f7d-ab1d-db5f640b494e in 2.1s
[2026-09-04T21:27:23.512065+00:00] retry 500 https://sake-suggest.com/sake/008324df-242f-4fa7-b87b-28627d965734 in 2.3s
[2026-09-04T21:27:24.429611+00:00] retry 500 https://sake-suggest.com/sake/008502e8-644e-45ea-a9e9-f6394b046bac in 2.4s
[2026-09-04T21:27:24.545433+00:00] retry 500 https://sake-suggest.com/sake/0086f3d1-391d-437a-9001-c4832de45771 in 2.7s
[2026-09-04T21:27:25.174811+00:00] retry 500 https://sake-suggest.com/sake/008918b7-7b16-4a46-807a-5e39fa2c6ec9 in 2.9s
[2026-09-04T21:27:36.404610+00:00] retry 500 https://sake-suggest.com/sake/00899cb7-40e1-42f1-90d1-4c284df13513 in 1.3s
[2026-09-04T21:27:39.081812+00:00] retry 500 https://sake-suggest.com/sake/008b9681-ccc2-4630-baaf-3373f61ae162 in 1.7s
[2026-09-04T21:27:42.869300+00:00] retry 500 https://sake-suggest.com/sake/008efd64-3e02-4f1a-bb84-e0f9f822746f in 1.3s
[2026-09-04T21:27:42.925455+00:00] retry 500 https://sake-suggest.com/sake/008f8c8c-ec9f-465b-ae4a-846c2214a603 in 1.8s
[2026-09-04T21:27:44.134834+00:00] retry 500 https://sake-suggest.com/sake/00963ef3-2a65-4d0b-9c41-594d34b9cc74 in 2.0s
[2026-09-04T21:27:44.245577+00:00] retry 500 https://sake-suggest.com/sake/009adef9-aa61-44d0-abea-d44467749e2a in 1.3s
[2026-09-04T21:27:45.757845+00:00] retry 500 https://sake-suggest.com/sake/00899cb7-40e1-42f1-90d1-4c284df13513 in 2.1s
[2026-09-04T21:27:48.739675+00:00] retry 500 https://sake-suggest.com/sake/008b9681-ccc2-4630-baaf-3373f61ae162 in 2.5s
[2026-09-04T21:27:52.324259+00:00] retry 500 https://sake-suggest.com/sake/008efd64-3e02-4f1a-bb84-e0f9f822746f in 2.5s
[2026-09-04T21:27:52.639637+00:00] retry 500 https://sake-suggest.com/sake/008f8c8c-ec9f-465b-ae4a-846c2214a603 in 2.2s
[2026-09-04T21:27:53.800695+00:00] retry 500 https://sake-suggest.com/sake/009adef9-aa61-44d0-abea-d44467749e2a in 2.7s
[2026-09-04T21:27:54.190645+00:00] retry 500 https://sake-suggest.com/sake/00963ef3-2a65-4d0b-9c41-594d34b9cc74 in 2.6s
[2026-09-04T21:28:03.831851+00:00] retry 500 https://sake-suggest.com/sake/009cbb16-90e2-42bc-9f0a-1531247075d5 in 1.5s
[2026-09-04T21:28:09.570319+00:00] retry 500 https://sake-suggest.com/sake/00aa1b8d-9004-4121-9488-f469ccab8202 in 1.7s
[2026-09-04T21:28:11.177286+00:00] retry 500 https://sake-suggest.com/sake/00bd704a-8cb6-442e-aff5-9b6679f8fecc in 1.3s
[2026-09-04T21:28:11.325716+00:00] retry 500 https://sake-suggest.com/sake/00c19fe6-f9f1-4de5-a76b-187911b6e8e5 in 2.0s
[2026-09-04T21:28:12.443796+00:00] retry 500 https://sake-suggest.com/sake/00c8dc2b-9070-439c-a617-eb85b4801d3b in 1.4s
[2026-09-04T21:28:13.807956+00:00] retry 500 https://sake-suggest.com/sake/009cbb16-90e2-42bc-9f0a-1531247075d5 in 2.2s
[2026-09-04T21:28:13.934471+00:00] retry 500 https://sake-suggest.com/sake/00cf8619-2f35-4eef-9e4a-78f8637f2212 in 1.1s
[2026-09-04T21:28:19.096485+00:00] retry 500 https://sake-suggest.com/sake/00aa1b8d-9004-4121-9488-f469ccab8202 in 2.4s
[2026-09-04T21:28:20.637390+00:00] retry 500 https://sake-suggest.com/sake/00bd704a-8cb6-442e-aff5-9b6679f8fecc in 2.4s
[2026-09-04T21:28:21.256637+00:00] retry 500 https://sake-suggest.com/sake/00c19fe6-f9f1-4de5-a76b-187911b6e8e5 in 2.4s
[2026-09-04T21:28:22.016272+00:00] retry 500 https://sake-suggest.com/sake/00c8dc2b-9070-439c-a617-eb85b4801d3b in 2.9s
[2026-09-04T21:28:22.881491+00:00] retry 500 https://sake-suggest.com/sake/00cf8619-2f35-4eef-9e4a-78f8637f2212 in 3.0s
[2026-09-04T21:28:32.617252+00:00] retry 500 https://sake-suggest.com/sake/00dd3ec3-8a17-4d9b-8ea1-b3ee46472eb0 in 1.7s
[2026-09-04T21:28:37.602187+00:00] retry 500 https://sake-suggest.com/sake/00e5d185-9fe6-4def-af41-8a99418a9731 in 1.2s
[2026-09-04T21:28:38.988696+00:00] retry 500 https://sake-suggest.com/sake/00e5ef5f-7945-4a89-bd61-84638bece15e in 1.2s
[2026-09-04T21:28:39.776290+00:00] retry 500 https://sake-suggest.com/sake/00ed6cef-9b99-4627-83dc-f7b4d397c83e in 1.7s
[2026-09-04T21:28:41.017475+00:00] retry 500 https://sake-suggest.com/sake/00f2da2a-1834-4f1c-8560-104441f87293 in 1.1s
[2026-09-04T21:28:41.924580+00:00] retry 500 https://sake-suggest.com/sake/00f4f742-3a1c-4041-bf50-46abe2cc57b2 in 2.0s
[2026-09-04T21:28:42.263158+00:00] retry 500 https://sake-suggest.com/sake/00dd3ec3-8a17-4d9b-8ea1-b3ee46472eb0 in 2.1s
[2026-09-04T21:28:47.064318+00:00] retry 500 https://sake-suggest.com/sake/00e5d185-9fe6-4def-af41-8a99418a9731 in 2.5s
[2026-09-04T21:28:48.170867+00:00] retry 500 https://sake-suggest.com/sake/00e5ef5f-7945-4a89-bd61-84638bece15e in 2.0s
[2026-09-04T21:28:49.308374+00:00] retry 500 https://sake-suggest.com/sake/00ed6cef-9b99-4627-83dc-f7b4d397c83e in 3.0s
[2026-09-04T21:28:49.996352+00:00] retry 500 https://sake-suggest.com/sake/00f2da2a-1834-4f1c-8560-104441f87293 in 2.3s
[2026-09-04T21:28:52.527844+00:00] retry 500 https://sake-suggest.com/sake/00f4f742-3a1c-4041-bf50-46abe2cc57b2 in 2.9s
[2026-09-04T21:29:00.841672+00:00] retry 500 https://sake-suggest.com/sake/00faaf9e-cd03-4cce-b3bc-99de820de55e in 1.5s
[2026-09-04T21:29:05.858051+00:00] retry 500 https://sake-suggest.com/sake/00fb7b4e-9bd0-4d76-bee4-8c205447f116 in 1.9s
[2026-09-04T21:29:06.174272+00:00] retry 500 https://sake-suggest.com/sake/00ff5b2a-3667-410a-8069-ed08fe128a64 in 1.7s
[2026-09-04T21:29:08.456892+00:00] retry 500 https://sake-suggest.com/sake/01059aa3-3e7d-4ac0-bfbb-4ece13a01868 in 1.2s
[2026-09-04T21:29:08.939873+00:00] retry 500 https://sake-suggest.com/sake/010e6e6c-207b-41a2-9f1a-2cf4fd2863a5 in 1.2s
[2026-09-04T21:29:10.235523+00:00] retry 500 https://sake-suggest.com/sake/00faaf9e-cd03-4cce-b3bc-99de820de55e in 2.3s
[2026-09-04T21:29:11.755289+00:00] retry 500 https://sake-suggest.com/sake/01131166-f9e9-4a90-b40b-2f798c227deb in 1.4s
[2026-09-04T21:29:15.768719+00:00] retry 500 https://sake-suggest.com/sake/00fb7b4e-9bd0-4d76-bee4-8c205447f116 in 2.0s
[2026-09-04T21:29:16.228384+00:00] retry 500 https://sake-suggest.com/sake/00ff5b2a-3667-410a-8069-ed08fe128a64 in 2.6s
[2026-09-04T21:29:17.542810+00:00] retry 500 https://sake-suggest.com/sake/01059aa3-3e7d-4ac0-bfbb-4ece13a01868 in 2.3s
[2026-09-04T21:29:18.083550+00:00] retry 500 https://sake-suggest.com/sake/010e6e6c-207b-41a2-9f1a-2cf4fd2863a5 in 3.0s
[2026-09-04T21:29:21.332218+00:00] retry 500 https://sake-suggest.com/sake/01131166-f9e9-4a90-b40b-2f798c227deb in 2.2s
[2026-09-04T21:29:28.896866+00:00] retry 500 https://sake-suggest.com/sake/0117d9da-56bb-4fa1-a147-a93d2cafbae3 in 1.3s
[2026-09-04T21:29:33.635748+00:00] retry 500 https://sake-suggest.com/sake/0122d717-b38c-4680-a557-de3f1ddf5eb1 in 1.8s
[2026-09-04T21:29:34.967164+00:00] retry 500 https://sake-suggest.com/sake/01339aca-c8e5-4449-baac-180d1a3a8602 in 1.9s
[2026-09-04T21:29:35.765407+00:00] retry 500 https://sake-suggest.com/sake/0139d0ab-299b-41d5-bfae-f522f3a112b2 in 1.3s
[2026-09-04T21:29:36.919827+00:00] retry 500 https://sake-suggest.com/sake/014a330a-0519-493b-b270-7ed386bc990c in 1.9s
[2026-09-04T21:29:38.315439+00:00] retry 500 https://sake-suggest.com/sake/0117d9da-56bb-4fa1-a147-a93d2cafbae3 in 2.5s
[2026-09-04T21:29:40.301302+00:00] retry 500 https://sake-suggest.com/sake/015d1de2-63ee-4b7e-a3d3-ae45b31a0553 in 2.0s
[2026-09-04T21:29:43.518955+00:00] retry 500 https://sake-suggest.com/sake/0122d717-b38c-4680-a557-de3f1ddf5eb1 in 2.8s
[2026-09-04T21:29:44.941634+00:00] retry 500 https://sake-suggest.com/sake/01339aca-c8e5-4449-baac-180d1a3a8602 in 2.7s
[2026-09-04T21:29:45.324355+00:00] retry 500 https://sake-suggest.com/sake/0139d0ab-299b-41d5-bfae-f522f3a112b2 in 3.0s
[2026-09-04T21:29:47.599071+00:00] retry 500 https://sake-suggest.com/sake/014a330a-0519-493b-b270-7ed386bc990c in 2.7s
[2026-09-04T21:29:50.124233+00:00] retry 500 https://sake-suggest.com/sake/015d1de2-63ee-4b7e-a3d3-ae45b31a0553 in 2.5s
[2026-09-04T21:29:57.888854+00:00] retry 500 https://sake-suggest.com/sake/01652ca5-d713-4b00-a598-b8d024f46045 in 1.7s
[2026-09-04T21:30:02.775418+00:00] retry 500 https://sake-suggest.com/sake/016c0fc4-ce49-41c4-bd50-65351ede348f in 1.7s
[2026-09-04T21:30:05.361826+00:00] retry 500 https://sake-suggest.com/sake/016f970e-7640-482e-ab69-4804baaee85a in 1.4s
[2026-09-04T21:30:06.762970+00:00] retry 500 https://sake-suggest.com/sake/01806adc-d933-4dc7-bcd1-98768cf99fb3 in 1.9s
[2026-09-04T21:30:06.917014+00:00] retry 500 https://sake-suggest.com/sake/018b232a-58b1-45b5-9e8d-8cefdb54030c in 1.8s
[2026-09-04T21:30:07.465042+00:00] retry 500 https://sake-suggest.com/sake/01652ca5-d713-4b00-a598-b8d024f46045 in 2.9s
[2026-09-04T21:30:09.698192+00:00] retry 500 https://sake-suggest.com/sake/018fba0b-b6d0-430a-9dec-02144fa9394f in 1.6s
[2026-09-04T21:30:12.876193+00:00] retry 500 https://sake-suggest.com/sake/016c0fc4-ce49-41c4-bd50-65351ede348f in 2.3s
[2026-09-04T21:30:14.608402+00:00] retry 500 https://sake-suggest.com/sake/016f970e-7640-482e-ab69-4804baaee85a in 2.9s
[2026-09-04T21:30:17.717165+00:00] retry 500 https://sake-suggest.com/sake/018b232a-58b1-45b5-9e8d-8cefdb54030c in 2.3s
[2026-09-04T21:30:17.718166+00:00] retry 500 https://sake-suggest.com/sake/01806adc-d933-4dc7-bcd1-98768cf99fb3 in 3.0s
[2026-09-04T21:30:19.361398+00:00] retry 500 https://sake-suggest.com/sake/018fba0b-b6d0-430a-9dec-02144fa9394f in 2.7s
[2026-09-04T21:30:27.420403+00:00] retry 500 https://sake-suggest.com/sake/019042e9-db35-4e06-bb22-6fb23df2b63d in 1.7s
[2026-09-04T21:30:31.449294+00:00] retry 500 https://sake-suggest.com/sake/019dc869-3fc4-4180-b2b9-325046729719 in 1.4s
[2026-09-04T21:30:33.985269+00:00] retry 500 https://sake-suggest.com/sake/01a27eaf-a5a2-4983-9e80-86fd68a37e9a in 1.4s
[2026-09-04T21:30:36.590049+00:00] retry 500 https://sake-suggest.com/sake/01afba50-2beb-4dc2-8ee3-121cf9b7086a in 1.8s
[2026-09-04T21:30:37.039425+00:00] retry 500 https://sake-suggest.com/sake/01bdcdaf-6620-42aa-854b-01376708ab3c in 1.6s
[2026-09-04T21:30:37.088341+00:00] retry 500 https://sake-suggest.com/sake/019042e9-db35-4e06-bb22-6fb23df2b63d in 2.5s
[2026-09-04T21:30:38.420861+00:00] retry 500 https://sake-suggest.com/sake/01f05c48-7908-4417-8d43-540d9d1126ac in 1.3s
[2026-09-04T21:30:41.125523+00:00] retry 500 https://sake-suggest.com/sake/019dc869-3fc4-4180-b2b9-325046729719 in 2.5s
[2026-09-04T21:30:43.329997+00:00] retry 500 https://sake-suggest.com/sake/01a27eaf-a5a2-4983-9e80-86fd68a37e9a in 2.4s
[2026-09-04T21:30:46.193780+00:00] retry 500 https://sake-suggest.com/sake/01afba50-2beb-4dc2-8ee3-121cf9b7086a in 2.6s
[2026-09-04T21:30:46.589131+00:00] retry 500 https://sake-suggest.com/sake/01bdcdaf-6620-42aa-854b-01376708ab3c in 2.6s
[2026-09-04T21:30:47.655557+00:00] retry 500 https://sake-suggest.com/sake/01f05c48-7908-4417-8d43-540d9d1126ac in 2.7s
[2026-09-04T21:30:55.789499+00:00] retry 500 https://sake-suggest.com/sake/01f2136b-6ddd-4bfa-9aa1-b6c3163527d0 in 1.2s
[2026-09-04T21:30:59.801191+00:00] retry 500 https://sake-suggest.com/sake/01fb7258-e7ac-4d9a-936a-731783bf518f in 1.5s
[2026-09-04T21:31:01.804134+00:00] retry 500 https://sake-suggest.com/sake/0200ffb6-ed68-4e78-b942-a39b3af9c1db in 1.9s
[2026-09-04T21:31:04.740002+00:00] retry 500 https://sake-suggest.com/sake/0202985f-8fd3-47c2-b2a4-83435abc1226 in 1.4s
[2026-09-04T21:31:04.790004+00:00] retry 500 https://sake-suggest.com/sake/01f2136b-6ddd-4bfa-9aa1-b6c3163527d0 in 2.2s
[2026-09-04T21:31:05.343080+00:00] retry 500 https://sake-suggest.com/sake/02088d10-189c-413b-8dd9-34e11ba10930 in 1.1s
[2026-09-04T21:31:06.768387+00:00] retry 500 https://sake-suggest.com/sake/021166f7-d01e-42b8-9195-fd3fec076c61 in 1.9s
[2026-09-04T21:31:09.399063+00:00] retry 500 https://sake-suggest.com/sake/01fb7258-e7ac-4d9a-936a-731783bf518f in 2.4s
[2026-09-04T21:31:11.521287+00:00] retry 500 https://sake-suggest.com/sake/0200ffb6-ed68-4e78-b942-a39b3af9c1db in 2.9s
[2026-09-04T21:31:14.053530+00:00] retry 500 https://sake-suggest.com/sake/0202985f-8fd3-47c2-b2a4-83435abc1226 in 2.5s
[2026-09-04T21:31:14.327536+00:00] retry 500 https://sake-suggest.com/sake/02088d10-189c-413b-8dd9-34e11ba10930 in 2.9s
[2026-09-04T21:31:16.873081+00:00] retry 500 https://sake-suggest.com/sake/021166f7-d01e-42b8-9195-fd3fec076c61 in 2.4s
[2026-09-04T21:31:23.154817+00:00] retry 500 https://sake-suggest.com/sake/021a9e5f-ecf7-4d6d-8d73-3aa12b4b7602 in 1.4s
[2026-09-04T21:31:27.859479+00:00] retry 500 https://sake-suggest.com/sake/0226424d-cbad-4150-82ee-6b29044132a6 in 1.7s
[2026-09-04T21:31:30.546249+00:00] retry 500 https://sake-suggest.com/sake/023422bf-641a-45f8-9b66-72cf57c80cda in 1.6s
[2026-09-04T21:31:32.449180+00:00] retry 500 https://sake-suggest.com/sake/021a9e5f-ecf7-4d6d-8d73-3aa12b4b7602 in 2.1s
[2026-09-04T21:31:32.698960+00:00] retry 500 https://sake-suggest.com/sake/023ab010-0bb2-4c61-8dda-207606065820 in 1.1s
[2026-09-04T21:31:33.523565+00:00] retry 500 https://sake-suggest.com/sake/02445d48-a8f0-40b8-afce-7232792bd315 in 1.7s
[2026-09-04T21:31:35.408281+00:00] retry 500 https://sake-suggest.com/sake/0252b3e1-2eae-4252-8c88-b24bc41eb929 in 1.8s
[2026-09-04T21:31:37.407794+00:00] retry 500 https://sake-suggest.com/sake/0226424d-cbad-4150-82ee-6b29044132a6 in 2.2s
[2026-09-04T21:31:40.075008+00:00] retry 500 https://sake-suggest.com/sake/023422bf-641a-45f8-9b66-72cf57c80cda in 2.8s
[2026-09-04T21:31:41.956815+00:00] retry 500 https://sake-suggest.com/sake/023ab010-0bb2-4c61-8dda-207606065820 in 2.3s
[2026-09-04T21:31:43.084279+00:00] retry 500 https://sake-suggest.com/sake/02445d48-a8f0-40b8-afce-7232792bd315 in 2.4s
[2026-09-04T21:31:45.176862+00:00] retry 500 https://sake-suggest.com/sake/0252b3e1-2eae-4252-8c88-b24bc41eb929 in 2.3s
[2026-09-04T21:31:50.471883+00:00] retry 500 https://sake-suggest.com/sake/02575d6d-3d64-4be3-9fcb-87729abcc3de in 1.8s
[2026-09-04T21:31:55.596699+00:00] retry 500 https://sake-suggest.com/sake/025b3096-b284-4e6f-8388-699de7445bbc in 1.3s
[2026-09-04T21:31:59.117703+00:00] retry 500 https://sake-suggest.com/sake/026a3699-4081-4aff-ab1f-d83af20d4735 in 1.3s
[2026-09-04T21:32:00.303513+00:00] retry 500 https://sake-suggest.com/sake/026e1af5-b9d6-44c0-824c-4f245e59f91e in 1.9s
[2026-09-04T21:32:00.364886+00:00] retry 500 https://sake-suggest.com/sake/02575d6d-3d64-4be3-9fcb-87729abcc3de in 2.4s
[2026-09-04T21:32:01.491974+00:00] retry 500 https://sake-suggest.com/sake/02834d41-0126-43c9-950b-5a05b02f4ad3 in 1.5s
[2026-09-04T21:32:03.603112+00:00] retry 500 https://sake-suggest.com/sake/0283c6c4-dde6-473c-9260-e91156c9d42c in 1.6s
[2026-09-04T21:32:04.995904+00:00] retry 500 https://sake-suggest.com/sake/025b3096-b284-4e6f-8388-699de7445bbc in 2.7s
[2026-09-04T21:32:08.314257+00:00] retry 500 https://sake-suggest.com/sake/026a3699-4081-4aff-ab1f-d83af20d4735 in 2.9s
[2026-09-04T21:32:10.030034+00:00] retry 500 https://sake-suggest.com/sake/026e1af5-b9d6-44c0-824c-4f245e59f91e in 2.8s
[2026-09-04T21:32:11.148654+00:00] retry 500 https://sake-suggest.com/sake/02834d41-0126-43c9-950b-5a05b02f4ad3 in 2.3s
[2026-09-04T21:32:13.038865+00:00] retry 500 https://sake-suggest.com/sake/0283c6c4-dde6-473c-9260-e91156c9d42c in 2.3s
[2026-09-04T21:32:18.577452+00:00] retry 500 https://sake-suggest.com/sake/02870f57-f983-49a0-a62a-a40525e0cb3a in 1.2s
[2026-09-04T21:32:23.828415+00:00] retry 500 https://sake-suggest.com/sake/028a658d-b7ba-4f5a-b708-29b70ab2c90b in 1.0s
[2026-09-04T21:32:27.573124+00:00] retry 500 https://sake-suggest.com/sake/028f95f0-9559-42ad-905a-b4961d2162d3 in 1.8s
[2026-09-04T21:32:27.783452+00:00] retry 500 https://sake-suggest.com/sake/02870f57-f983-49a0-a62a-a40525e0cb3a in 2.4s
[2026-09-04T21:32:28.743748+00:00] retry 500 https://sake-suggest.com/sake/028ff888-c1ad-4f61-a1da-e0b53086e01e in 1.5s
[2026-09-04T21:32:29.441938+00:00] retry 500 https://sake-suggest.com/sake/0292ade8-b18a-4a28-b21d-dae38c2a0120 in 1.9s
[2026-09-04T21:32:31.414322+00:00] retry 500 https://sake-suggest.com/sake/029a4770-8162-4523-b433-014bac5118ec in 1.7s
[2026-09-04T21:32:35.581153+00:00] retry 500 https://sake-suggest.com/sake/028a658d-b7ba-4f5a-b708-29b70ab2c90b in 2.3s
[2026-09-04T21:32:37.494685+00:00] retry 500 https://sake-suggest.com/sake/028f95f0-9559-42ad-905a-b4961d2162d3 in 2.3s
[2026-09-04T21:32:38.702094+00:00] retry 500 https://sake-suggest.com/sake/028ff888-c1ad-4f61-a1da-e0b53086e01e in 2.9s
[2026-09-04T21:32:39.192007+00:00] retry 500 https://sake-suggest.com/sake/0292ade8-b18a-4a28-b21d-dae38c2a0120 in 2.1s
[2026-09-04T21:32:41.081871+00:00] retry 500 https://sake-suggest.com/sake/029a4770-8162-4523-b433-014bac5118ec in 2.3s
[2026-09-04T21:32:46.130878+00:00] retry 500 https://sake-suggest.com/sake/029d92e9-36eb-45d5-b614-c32ad82aa50c in 1.2s
[2026-09-04T21:32:54.016718+00:00] retry 500 https://sake-suggest.com/sake/029ea678-b00b-4772-ba91-aeff21e735f6 in 1.2s
[2026-09-04T21:32:55.144630+00:00] retry 500 https://sake-suggest.com/sake/029d92e9-36eb-45d5-b614-c32ad82aa50c in 2.7s
[2026-09-04T21:32:55.744551+00:00] retry 500 https://sake-suggest.com/sake/02a4a8c8-3bd1-437b-bd03-e8e6bb1c81d6 in 1.7s
[2026-09-04T21:32:57.211812+00:00] retry 500 https://sake-suggest.com/sake/02ad2e33-7357-4d07-a8ee-6d7d0406f936 in 1.2s
[2026-09-04T21:32:57.944612+00:00] retry 500 https://sake-suggest.com/sake/02c4b169-c170-4434-81a2-0fc4f87d682b in 1.1s
[2026-09-04T21:33:00.323450+00:00] retry 500 https://sake-suggest.com/sake/02d016a4-2296-4f6a-b0f3-e0fed3f1f82d in 1.0s
[2026-09-04T21:33:03.136983+00:00] retry 500 https://sake-suggest.com/sake/029ea678-b00b-4772-ba91-aeff21e735f6 in 2.1s
[2026-09-04T21:33:05.323009+00:00] retry 500 https://sake-suggest.com/sake/02a4a8c8-3bd1-437b-bd03-e8e6bb1c81d6 in 2.5s
[2026-09-04T21:33:06.639713+00:00] retry 500 https://sake-suggest.com/sake/02ad2e33-7357-4d07-a8ee-6d7d0406f936 in 2.2s
[2026-09-04T21:33:07.312581+00:00] retry 500 https://sake-suggest.com/sake/02c4b169-c170-4434-81a2-0fc4f87d682b in 2.1s
[2026-09-04T21:33:09.384780+00:00] retry 500 https://sake-suggest.com/sake/02d016a4-2296-4f6a-b0f3-e0fed3f1f82d in 2.5s
[2026-09-04T21:33:14.210863+00:00] retry 500 https://sake-suggest.com/sake/02d2d7a5-9f95-4ca6-be9b-38da1753bc11 in 1.2s
[2026-09-04T21:33:22.319940+00:00] retry 500 https://sake-suggest.com/sake/02d3dfe0-875e-4495-82e6-432d740dcd1a in 1.3s
[2026-09-04T21:33:23.339116+00:00] retry 500 https://sake-suggest.com/sake/02d2d7a5-9f95-4ca6-be9b-38da1753bc11 in 2.7s
[2026-09-04T21:33:24.213359+00:00] retry 500 https://sake-suggest.com/sake/02da6ea6-ba19-4569-9cea-b99bc0195c2f in 1.2s
[2026-09-04T21:33:24.804868+00:00] retry 500 https://sake-suggest.com/sake/02dc6053-dd9c-4ab6-92f7-8be7814a9b7d in 1.2s
[2026-09-04T21:33:25.789061+00:00] retry 500 https://sake-suggest.com/sake/02e19948-9bab-4ba5-906c-07f39449a974 in 1.9s
[2026-09-04T21:33:28.054024+00:00] retry 500 https://sake-suggest.com/sake/02e366c4-371a-4286-a1f6-8067e285fa4f in 1.5s
[2026-09-04T21:33:32.273889+00:00] retry 500 https://sake-suggest.com/sake/02d3dfe0-875e-4495-82e6-432d740dcd1a in 2.1s
[2026-09-04T21:33:33.288666+00:00] retry 500 https://sake-suggest.com/sake/02da6ea6-ba19-4569-9cea-b99bc0195c2f in 2.8s
[2026-09-04T21:33:34.097933+00:00] retry 500 https://sake-suggest.com/sake/02dc6053-dd9c-4ab6-92f7-8be7814a9b7d in 2.2s
[2026-09-04T21:33:35.564040+00:00] retry 500 https://sake-suggest.com/sake/02e19948-9bab-4ba5-906c-07f39449a974 in 2.0s
[2026-09-04T21:33:37.381837+00:00] retry 500 https://sake-suggest.com/sake/02e366c4-371a-4286-a1f6-8067e285fa4f in 2.4s
[2026-09-04T21:33:42.093010+00:00] retry 500 https://sake-suggest.com/sake/02e949ee-f24e-43bf-b029-5e674679354b in 1.1s
[2026-09-04T21:33:50.278592+00:00] retry 500 https://sake-suggest.com/sake/02effc88-8981-4ef8-8257-bab444db35c2 in 1.6s
[2026-09-04T21:33:51.151232+00:00] retry 500 https://sake-suggest.com/sake/02e949ee-f24e-43bf-b029-5e674679354b in 2.7s
[2026-09-04T21:33:52.187604+00:00] retry 500 https://sake-suggest.com/sake/02f652e9-f5f5-4bbb-801d-a8c7b6ec21ef in 1.3s
[2026-09-04T21:33:52.418795+00:00] retry 500 https://sake-suggest.com/sake/030b0fa1-5018-43b0-9bd0-e0c8bcec3bc1 in 1.9s
[2026-09-04T21:33:53.569024+00:00] retry 500 https://sake-suggest.com/sake/030f973d-05fa-4fdd-a46b-7605fa976e7e in 1.8s
[2026-09-04T21:33:55.814734+00:00] retry 500 https://sake-suggest.com/sake/031e2ae3-fa75-43b5-b221-7f5a5aeb07de in 1.5s
[2026-09-04T21:33:59.710740+00:00] retry 500 https://sake-suggest.com/sake/02effc88-8981-4ef8-8257-bab444db35c2 in 2.1s
[2026-09-04T21:34:01.441085+00:00] retry 500 https://sake-suggest.com/sake/02f652e9-f5f5-4bbb-801d-a8c7b6ec21ef in 2.9s
[2026-09-04T21:34:02.179297+00:00] retry 500 https://sake-suggest.com/sake/030b0fa1-5018-43b0-9bd0-e0c8bcec3bc1 in 2.7s
[2026-09-04T21:34:03.420951+00:00] retry 500 https://sake-suggest.com/sake/030f973d-05fa-4fdd-a46b-7605fa976e7e in 3.0s
[2026-09-04T21:34:05.456432+00:00] retry 500 https://sake-suggest.com/sake/031e2ae3-fa75-43b5-b221-7f5a5aeb07de in 2.4s
[2026-09-04T21:34:09.890128+00:00] retry 500 https://sake-suggest.com/sake/0333976e-49a4-46e0-9330-ff73d640511c in 1.8s
[2026-09-04T21:34:17.807285+00:00] retry 500 https://sake-suggest.com/sake/03371e35-6e9f-433a-b366-56b775b49b99 in 1.2s
[2026-09-04T21:34:19.601975+00:00] retry 500 https://sake-suggest.com/sake/0333976e-49a4-46e0-9330-ff73d640511c in 2.7s
[2026-09-04T21:34:20.411761+00:00] retry 500 https://sake-suggest.com/sake/033b82a6-fec0-4617-b4a3-2a9dd75c446f in 1.7s
[2026-09-04T21:34:20.977622+00:00] retry 500 https://sake-suggest.com/sake/033ed1ce-2aa7-4e3a-b4ce-790bbc0bcec9 in 1.1s
[2026-09-04T21:34:22.264400+00:00] retry 500 https://sake-suggest.com/sake/0341e4e2-e9c6-456c-975f-b020ff03abfc in 1.3s
[2026-09-04T21:34:24.194163+00:00] retry 500 https://sake-suggest.com/sake/0346d58a-18a6-40a3-8f2d-8137e46affd4 in 1.6s
[2026-09-04T21:34:27.362333+00:00] retry 500 https://sake-suggest.com/sake/03371e35-6e9f-433a-b366-56b775b49b99 in 2.6s
[2026-09-04T21:34:30.067401+00:00] retry 500 https://sake-suggest.com/sake/033ed1ce-2aa7-4e3a-b4ce-790bbc0bcec9 in 3.0s
[2026-09-04T21:34:30.194429+00:00] retry 500 https://sake-suggest.com/sake/033b82a6-fec0-4617-b4a3-2a9dd75c446f in 2.6s
[2026-09-04T21:34:31.383311+00:00] retry 500 https://sake-suggest.com/sake/0341e4e2-e9c6-456c-975f-b020ff03abfc in 2.4s
[2026-09-04T21:34:34.048125+00:00] retry 500 https://sake-suggest.com/sake/0346d58a-18a6-40a3-8f2d-8137e46affd4 in 2.5s
[2026-09-04T21:34:38.255069+00:00] retry 500 https://sake-suggest.com/sake/03620e9d-041f-4caf-961d-0c059bff2095 in 1.5s
[2026-09-04T21:34:45.784928+00:00] retry 500 https://sake-suggest.com/sake/03622464-0747-4e0e-b46e-613a6df3052d in 1.3s
[2026-09-04T21:34:47.648968+00:00] retry 500 https://sake-suggest.com/sake/03620e9d-041f-4caf-961d-0c059bff2095 in 2.2s
[2026-09-04T21:34:48.955127+00:00] retry 500 https://sake-suggest.com/sake/03682712-daf2-4a37-91e0-096b92812f9e in 1.9s
[2026-09-04T21:34:49.256400+00:00] retry 500 https://sake-suggest.com/sake/0370ded0-c47d-41f2-8dd2-8fb7517d9c27 in 1.4s
[2026-09-04T21:34:49.992498+00:00] retry 500 https://sake-suggest.com/sake/0378e627-356b-4a36-a501-1604afbd00ab in 1.6s
[2026-09-04T21:34:52.762194+00:00] retry 500 https://sake-suggest.com/sake/0383eaf2-52f6-4999-b829-937f587b0985 in 1.9s
[2026-09-04T21:34:55.207099+00:00] retry 500 https://sake-suggest.com/sake/03622464-0747-4e0e-b46e-613a6df3052d in 2.1s
[2026-09-04T21:34:58.648258+00:00] retry 500 https://sake-suggest.com/sake/0370ded0-c47d-41f2-8dd2-8fb7517d9c27 in 2.8s
[2026-09-04T21:34:59.291386+00:00] retry 500 https://sake-suggest.com/sake/03682712-daf2-4a37-91e0-096b92812f9e in 2.3s
[2026-09-04T21:34:59.692580+00:00] retry 500 https://sake-suggest.com/sake/0378e627-356b-4a36-a501-1604afbd00ab in 2.6s
[2026-09-04T21:35:02.795418+00:00] retry 500 https://sake-suggest.com/sake/0383eaf2-52f6-4999-b829-937f587b0985 in 2.2s
[2026-09-04T21:35:05.959933+00:00] retry 500 https://sake-suggest.com/sake/03894dd0-a326-48c9-88e1-50343ad42ef6 in 1.6s
[2026-09-04T21:35:13.431067+00:00] retry 500 https://sake-suggest.com/sake/038b75e5-7b96-471a-ae2d-619c372c41c0 in 1.2s
[2026-09-04T21:35:15.687597+00:00] retry 500 https://sake-suggest.com/sake/03894dd0-a326-48c9-88e1-50343ad42ef6 in 2.1s
[2026-09-04T21:35:17.524069+00:00] retry 500 https://sake-suggest.com/sake/03908eaf-c936-47ea-b6f9-2d5c38d69d13 in 2.0s
[2026-09-04T21:35:17.986496+00:00] retry 500 https://sake-suggest.com/sake/03932463-bc78-420f-9729-d0ce2e088933 in 1.4s
[2026-09-04T21:35:18.189455+00:00] retry 500 https://sake-suggest.com/sake/03942f07-408b-4167-9357-d246b5623092 in 1.4s
[2026-09-04T21:35:21.766962+00:00] retry 500 https://sake-suggest.com/sake/03948ecf-3a3f-459f-99af-a73cbedfbcbd in 1.2s
[2026-09-04T21:35:22.832066+00:00] retry 500 https://sake-suggest.com/sake/038b75e5-7b96-471a-ae2d-619c372c41c0 in 3.0s
[2026-09-04T21:35:27.266562+00:00] retry 500 https://sake-suggest.com/sake/03932463-bc78-420f-9729-d0ce2e088933 in 2.4s
[2026-09-04T21:35:27.509544+00:00] retry 500 https://sake-suggest.com/sake/03908eaf-c936-47ea-b6f9-2d5c38d69d13 in 2.3s
[2026-09-04T21:35:27.907429+00:00] retry 500 https://sake-suggest.com/sake/03942f07-408b-4167-9357-d246b5623092 in 2.7s
[2026-09-04T21:35:31.211531+00:00] retry 500 https://sake-suggest.com/sake/03948ecf-3a3f-459f-99af-a73cbedfbcbd in 2.4s
[2026-09-04T21:35:34.307884+00:00] retry 500 https://sake-suggest.com/sake/0396b2af-4bca-4b10-b63c-592858106ce9 in 1.7s
[2026-09-04T21:35:42.591570+00:00] retry 500 https://sake-suggest.com/sake/03b18708-cd39-4fd9-9016-b9b2ea91af62 in 1.1s
[2026-09-04T21:35:44.056972+00:00] retry 500 https://sake-suggest.com/sake/0396b2af-4bca-4b10-b63c-592858106ce9 in 2.9s
[2026-09-04T21:35:45.789722+00:00] retry 500 https://sake-suggest.com/sake/03cd4d58-85f2-4106-8da4-98df2c39046c in 1.4s
[2026-09-04T21:35:46.124504+00:00] retry 500 https://sake-suggest.com/sake/03c5cf64-77fd-46fd-bc9e-c183f54d5a8a in 1.8s
[2026-09-04T21:35:49.514999+00:00] retry 500 https://sake-suggest.com/sake/03f2c1c5-4322-4b27-a4b7-78f146152e32 in 1.0s
[2026-09-04T21:35:49.759646+00:00] retry 500 https://sake-suggest.com/sake/03dd7d2d-4d1e-425e-bed4-521fc7ac64e3 in 1.8s
[2026-09-04T21:35:51.565022+00:00] retry 500 https://sake-suggest.com/sake/03b18708-cd39-4fd9-9016-b9b2ea91af62 in 2.4s
[2026-09-04T21:35:55.360076+00:00] retry 500 https://sake-suggest.com/sake/03cd4d58-85f2-4106-8da4-98df2c39046c in 2.2s
[2026-09-04T21:35:55.832980+00:00] retry 500 https://sake-suggest.com/sake/03c5cf64-77fd-46fd-bc9e-c183f54d5a8a in 2.9s
[2026-09-04T21:35:58.733585+00:00] retry 500 https://sake-suggest.com/sake/03f2c1c5-4322-4b27-a4b7-78f146152e32 in 2.1s
[2026-09-04T21:35:59.451739+00:00] retry 500 https://sake-suggest.com/sake/03dd7d2d-4d1e-425e-bed4-521fc7ac64e3 in 2.9s
[2026-09-04T21:36:03.174904+00:00] retry 500 https://sake-suggest.com/sake/03f6027c-82c2-45ef-8845-21f992e7885b in 1.3s
[2026-09-04T21:36:10.110887+00:00] retry 500 https://sake-suggest.com/sake/03f8be98-a97b-47b4-a547-1c6c0d1c143a in 1.2s
[2026-09-04T21:36:12.575574+00:00] retry 500 https://sake-suggest.com/sake/03f6027c-82c2-45ef-8845-21f992e7885b in 2.3s
[2026-09-04T21:36:13.481277+00:00] retry 500 https://sake-suggest.com/sake/03fc22f0-11e9-45b1-836c-d3d548f23780 in 1.4s
[2026-09-04T21:36:14.973849+00:00] retry 500 https://sake-suggest.com/sake/0403d926-2660-4058-98f9-8fa1ddab1b64 in 1.3s
[2026-09-04T21:36:16.693018+00:00] retry 500 https://sake-suggest.com/sake/04224587-d230-46b9-855e-4ffa74924c30 in 1.6s
[2026-09-04T21:36:18.591863+00:00] retry 500 https://sake-suggest.com/sake/0424b977-1e0f-4b76-a4c8-cd59e729ed40 in 1.5s
[2026-09-04T21:36:19.277058+00:00] retry 500 https://sake-suggest.com/sake/03f8be98-a97b-47b4-a547-1c6c0d1c143a in 2.6s
[2026-09-04T21:36:23.157666+00:00] retry 500 https://sake-suggest.com/sake/03fc22f0-11e9-45b1-836c-d3d548f23780 in 2.6s
[2026-09-04T21:36:24.136560+00:00] retry 500 https://sake-suggest.com/sake/0403d926-2660-4058-98f9-8fa1ddab1b64 in 2.9s
[2026-09-04T21:36:26.154830+00:00] retry 500 https://sake-suggest.com/sake/04224587-d230-46b9-855e-4ffa74924c30 in 2.7s
[2026-09-04T21:36:27.973715+00:00] retry 500 https://sake-suggest.com/sake/0424b977-1e0f-4b76-a4c8-cd59e729ed40 in 2.0s
[2026-09-04T21:36:30.901285+00:00] retry 500 https://sake-suggest.com/sake/042538ac-7723-4e5f-b49f-12e711d64a61 in 1.5s
[2026-09-04T21:36:38.337852+00:00] retry 500 https://sake-suggest.com/sake/042541e4-bcfe-4f3a-8aa6-2c10c107772f in 1.5s
[2026-09-04T21:36:40.452908+00:00] retry 500 https://sake-suggest.com/sake/042538ac-7723-4e5f-b49f-12e711d64a61 in 2.8s
[2026-09-04T21:36:42.191846+00:00] retry 500 https://sake-suggest.com/sake/04305f69-de13-41ca-a816-4ac630918afc in 1.9s
[2026-09-04T21:36:43.238641+00:00] retry 500 https://sake-suggest.com/sake/0433a0dc-f15f-4dfd-a5aa-981da1470618 in 1.9s
[2026-09-04T21:36:44.671234+00:00] retry 500 https://sake-suggest.com/sake/0442fbb2-35b2-45fb-b7b9-41c574b8a346 in 1.2s
[2026-09-04T21:36:45.956353+00:00] retry 500 https://sake-suggest.com/sake/045d935e-5e40-4203-88c8-6a48fb1dd24f in 1.5s
[2026-09-04T21:36:47.893383+00:00] retry 500 https://sake-suggest.com/sake/042541e4-bcfe-4f3a-8aa6-2c10c107772f in 2.7s
[2026-09-04T21:36:51.981633+00:00] retry 500 https://sake-suggest.com/sake/04305f69-de13-41ca-a816-4ac630918afc in 2.1s
[2026-09-04T21:36:53.190760+00:00] retry 500 https://sake-suggest.com/sake/0433a0dc-f15f-4dfd-a5aa-981da1470618 in 2.7s
[2026-09-04T21:36:53.762897+00:00] retry 500 https://sake-suggest.com/sake/0442fbb2-35b2-45fb-b7b9-41c574b8a346 in 2.8s
[2026-09-04T21:36:55.307898+00:00] retry 500 https://sake-suggest.com/sake/045d935e-5e40-4203-88c8-6a48fb1dd24f in 2.1s
[2026-09-04T21:36:59.150944+00:00] retry 500 https://sake-suggest.com/sake/047131bb-1b6b-4dd3-8e17-371c864a0f37 in 1.9s
[2026-09-04T21:37:06.921943+00:00] retry 500 https://sake-suggest.com/sake/047aa035-7849-4f84-8e33-c141eee8f6e7 in 1.2s
[2026-09-04T21:37:09.117891+00:00] retry 500 https://sake-suggest.com/sake/047131bb-1b6b-4dd3-8e17-371c864a0f37 in 2.2s
[2026-09-04T21:37:09.952730+00:00] retry 500 https://sake-suggest.com/sake/047e7158-8353-4f7b-81c6-bba06da48c99 in 1.2s
[2026-09-04T21:37:11.762703+00:00] retry 500 https://sake-suggest.com/sake/047ee251-8487-44a3-aa29-080091e2ed1e in 1.2s
[2026-09-04T21:37:12.375764+00:00] retry 500 https://sake-suggest.com/sake/048e33bc-71f2-4676-8cf6-267b514cf7ce in 1.4s
[2026-09-04T21:37:13.334763+00:00] retry 500 https://sake-suggest.com/sake/049edb5f-890c-47b6-b112-d33e65aabb5e in 1.8s
[2026-09-04T21:37:16.264453+00:00] retry 500 https://sake-suggest.com/sake/047aa035-7849-4f84-8e33-c141eee8f6e7 in 2.4s
[2026-09-04T21:37:19.310812+00:00] retry 500 https://sake-suggest.com/sake/047e7158-8353-4f7b-81c6-bba06da48c99 in 2.4s
[2026-09-04T21:37:21.058581+00:00] retry 500 https://sake-suggest.com/sake/047ee251-8487-44a3-aa29-080091e2ed1e in 2.6s
[2026-09-04T21:37:21.843648+00:00] retry 500 https://sake-suggest.com/sake/048e33bc-71f2-4676-8cf6-267b514cf7ce in 2.8s
[2026-09-04T21:37:23.399537+00:00] retry 500 https://sake-suggest.com/sake/049edb5f-890c-47b6-b112-d33e65aabb5e in 2.9s
[2026-09-04T21:37:27.742638+00:00] retry 500 https://sake-suggest.com/sake/04be353d-86af-4a2c-bf29-30a071f8307e in 1.7s
[2026-09-04T21:37:34.994546+00:00] retry 500 https://sake-suggest.com/sake/04bf6442-22fb-47bb-8926-2b00763c2b38 in 1.2s
[2026-09-04T21:37:37.654452+00:00] retry 500 https://sake-suggest.com/sake/04c0bbb4-2269-4446-87ad-e6546efdbaca in 1.6s
[2026-09-04T21:37:37.700807+00:00] retry 500 https://sake-suggest.com/sake/04be353d-86af-4a2c-bf29-30a071f8307e in 2.5s
[2026-09-04T21:37:39.640552+00:00] retry 500 https://sake-suggest.com/sake/04d8229a-0b43-48da-8780-f5a8068ebff7 in 1.1s
[2026-09-04T21:37:40.436530+00:00] retry 500 https://sake-suggest.com/sake/04db157f-9e11-411b-9bda-8eae7ea5cffe in 1.2s
[2026-09-04T21:37:42.404020+00:00] retry 500 https://sake-suggest.com/sake/04dc8d0b-3549-47c7-bee4-34c4827acf33 in 1.4s
[2026-09-04T21:37:44.329411+00:00] retry 500 https://sake-suggest.com/sake/04bf6442-22fb-47bb-8926-2b00763c2b38 in 2.3s
[2026-09-04T21:37:47.120688+00:00] retry 500 https://sake-suggest.com/sake/04c0bbb4-2269-4446-87ad-e6546efdbaca in 2.2s
[2026-09-04T21:37:48.710784+00:00] retry 500 https://sake-suggest.com/sake/04d8229a-0b43-48da-8780-f5a8068ebff7 in 2.4s
[2026-09-04T21:37:49.547189+00:00] retry 500 https://sake-suggest.com/sake/04db157f-9e11-411b-9bda-8eae7ea5cffe in 2.5s
[2026-09-04T21:37:51.692519+00:00] retry 500 https://sake-suggest.com/sake/04dc8d0b-3549-47c7-bee4-34c4827acf33 in 2.3s
[2026-09-04T21:37:54.733801+00:00] sake_suggest: 250/8053 complete; ok=38 failed=212
[2026-09-04T21:37:56.952742+00:00] retry 500 https://sake-suggest.com/sake/04e4e2fb-5fa2-4bb9-b6f9-f4a6346277d4 in 2.0s
[2026-09-04T21:38:02.882485+00:00] retry 500 https://sake-suggest.com/sake/04e4f9a1-56b7-4998-855e-e671a6bf88b5 in 1.3s
[2026-09-04T21:38:05.323222+00:00] retry 500 https://sake-suggest.com/sake/04fe2fa3-0ec8-4ff1-b77d-04efa3697081 in 1.7s
[2026-09-04T21:38:07.066735+00:00] retry 500 https://sake-suggest.com/sake/04e4e2fb-5fa2-4bb9-b6f9-f4a6346277d4 in 3.0s
[2026-09-04T21:38:07.262918+00:00] retry 500 https://sake-suggest.com/sake/0501c6a7-9eda-48c2-bb06-4a12b8879475 in 1.7s
[2026-09-04T21:38:07.910030+00:00] retry 500 https://sake-suggest.com/sake/0504ce2b-c0f8-44d7-b9f1-1c05d8eb0fbb in 1.5s
[2026-09-04T21:38:10.083627+00:00] retry 500 https://sake-suggest.com/sake/050f301b-062e-4a12-9074-3f24cb5100fe in 1.0s
[2026-09-04T21:38:12.141748+00:00] retry 500 https://sake-suggest.com/sake/04e4f9a1-56b7-4998-855e-e671a6bf88b5 in 2.7s
[2026-09-04T21:38:14.873482+00:00] retry 500 https://sake-suggest.com/sake/04fe2fa3-0ec8-4ff1-b77d-04efa3697081 in 2.7s
[2026-09-04T21:38:17.144661+00:00] retry 500 https://sake-suggest.com/sake/0501c6a7-9eda-48c2-bb06-4a12b8879475 in 2.9s
[2026-09-04T21:38:17.363645+00:00] retry 500 https://sake-suggest.com/sake/0504ce2b-c0f8-44d7-b9f1-1c05d8eb0fbb in 2.7s
[2026-09-04T21:38:19.008983+00:00] retry 500 https://sake-suggest.com/sake/050f301b-062e-4a12-9074-3f24cb5100fe in 2.3s
[2026-09-04T21:38:25.924159+00:00] retry 500 https://sake-suggest.com/sake/0518462a-4127-480a-be99-0c13b498fb1f in 1.4s
[2026-09-04T21:38:30.817589+00:00] retry 500 https://sake-suggest.com/sake/051ad21f-074a-4051-b1f8-969894d92011 in 1.1s
[2026-09-04T21:38:33.864676+00:00] retry 500 https://sake-suggest.com/sake/051d0cc5-e672-42f3-8a28-5497d059a1b4 in 1.2s
[2026-09-04T21:38:35.214347+00:00] retry 500 https://sake-suggest.com/sake/0518462a-4127-480a-be99-0c13b498fb1f in 2.4s
[2026-09-04T21:38:36.280228+00:00] retry 500 https://sake-suggest.com/sake/0543e19e-7b8e-4421-8c0b-78093c94aee7 in 1.1s
[2026-09-04T21:38:36.355625+00:00] retry 500 https://sake-suggest.com/sake/052795b9-b0a1-4876-b571-78ec5bcb1d09 in 1.6s
[2026-09-04T21:38:37.156282+00:00] retry 500 https://sake-suggest.com/sake/0558da8e-7cf7-4775-85c9-e8805c017426 in 1.2s
[2026-09-04T21:38:39.862851+00:00] retry 500 https://sake-suggest.com/sake/051ad21f-074a-4051-b1f8-969894d92011 in 2.3s
[2026-09-04T21:38:43.081708+00:00] retry 500 https://sake-suggest.com/sake/051d0cc5-e672-42f3-8a28-5497d059a1b4 in 2.8s
[2026-09-04T21:38:45.585507+00:00] retry 500 https://sake-suggest.com/sake/0543e19e-7b8e-4421-8c0b-78093c94aee7 in 2.2s
[2026-09-04T21:38:46.126403+00:00] retry 500 https://sake-suggest.com/sake/052795b9-b0a1-4876-b571-78ec5bcb1d09 in 2.7s
[2026-09-04T21:38:46.272587+00:00] retry 500 https://sake-suggest.com/sake/0558da8e-7cf7-4775-85c9-e8805c017426 in 2.6s
[2026-09-04T21:38:53.916117+00:00] retry 500 https://sake-suggest.com/sake/0559bd76-8304-4677-8896-170d81735b0d in 1.1s
[2026-09-04T21:38:58.075763+00:00] retry 500 https://sake-suggest.com/sake/0562c41a-b16c-459e-96bc-cfa3bd86362b in 1.9s
[2026-09-04T21:39:01.727542+00:00] retry 500 https://sake-suggest.com/sake/0563a962-e662-4a2d-add5-24e28abafc03 in 1.7s
[2026-09-04T21:39:03.363063+00:00] retry 500 https://sake-suggest.com/sake/0559bd76-8304-4677-8896-170d81735b0d in 2.9s
[2026-09-04T21:39:03.581459+00:00] retry 500 https://sake-suggest.com/sake/0570b4d6-0bf2-4546-b408-e3efb2b33540 in 1.7s
[2026-09-04T21:39:04.855608+00:00] retry 500 https://sake-suggest.com/sake/0575208e-a168-4ac3-89d0-fe0a0ed5a276 in 1.0s
[2026-09-04T21:39:05.114134+00:00] retry 500 https://sake-suggest.com/sake/05779126-a0cc-4f8a-bc03-3a3ac726e8ec in 2.0s
[2026-09-04T21:39:08.068177+00:00] retry 500 https://sake-suggest.com/sake/0562c41a-b16c-459e-96bc-cfa3bd86362b in 2.7s
[2026-09-04T21:39:11.388828+00:00] retry 500 https://sake-suggest.com/sake/0563a962-e662-4a2d-add5-24e28abafc03 in 2.3s
[2026-09-04T21:39:13.464372+00:00] retry 500 https://sake-suggest.com/sake/0570b4d6-0bf2-4546-b408-e3efb2b33540 in 2.2s
[2026-09-04T21:39:14.034336+00:00] retry 500 https://sake-suggest.com/sake/0575208e-a168-4ac3-89d0-fe0a0ed5a276 in 2.9s
[2026-09-04T21:39:14.975065+00:00] retry 500 https://sake-suggest.com/sake/05779126-a0cc-4f8a-bc03-3a3ac726e8ec in 2.7s
[2026-09-04T21:39:22.179359+00:00] retry 500 https://sake-suggest.com/sake/058568da-dfcd-4469-8516-4c2acc07657c in 1.2s
[2026-09-04T21:39:27.002721+00:00] retry 500 https://sake-suggest.com/sake/058f88e1-b90c-4396-b1bf-433c25ea70b6 in 1.3s
[2026-09-04T21:39:29.739161+00:00] retry 500 https://sake-suggest.com/sake/05934502-e2b9-47bd-8d37-c45193dd1869 in 1.2s
[2026-09-04T21:39:31.492605+00:00] retry 500 https://sake-suggest.com/sake/058568da-dfcd-4469-8516-4c2acc07657c in 2.0s
[2026-09-04T21:39:31.663630+00:00] retry 500 https://sake-suggest.com/sake/059a08aa-6e2c-491d-8333-3365435d9848 in 2.0s
[2026-09-04T21:39:32.897362+00:00] retry 500 https://sake-suggest.com/sake/05a5c62a-3336-461c-b811-34f1a9b5aa71 in 1.2s
[2026-09-04T21:39:34.048220+00:00] retry 500 https://sake-suggest.com/sake/05a6e1d4-4d00-456c-9a62-a54084e1fd08 in 1.2s
[2026-09-04T21:39:36.436519+00:00] retry 500 https://sake-suggest.com/sake/058f88e1-b90c-4396-b1bf-433c25ea70b6 in 2.4s
[2026-09-04T21:39:38.850192+00:00] retry 500 https://sake-suggest.com/sake/05934502-e2b9-47bd-8d37-c45193dd1869 in 2.5s
[2026-09-04T21:39:41.714604+00:00] retry 500 https://sake-suggest.com/sake/059a08aa-6e2c-491d-8333-3365435d9848 in 2.4s
[2026-09-04T21:39:42.053392+00:00] retry 500 https://sake-suggest.com/sake/05a5c62a-3336-461c-b811-34f1a9b5aa71 in 2.1s
[2026-09-04T21:39:43.149436+00:00] retry 500 https://sake-suggest.com/sake/05a6e1d4-4d00-456c-9a62-a54084e1fd08 in 2.3s
[2026-09-04T21:39:49.897538+00:00] retry 500 https://sake-suggest.com/sake/05b6ef93-6673-4960-b3a8-8f9cba6b2a8d in 1.5s
[2026-09-04T21:39:55.079419+00:00] retry 500 https://sake-suggest.com/sake/05b89aa6-3d70-43ed-9f69-f6c0cb8dfa53 in 1.1s
[2026-09-04T21:39:57.402970+00:00] retry 500 https://sake-suggest.com/sake/05dd116d-92ea-4ef7-9155-52e0192a25b7 in 1.7s
[2026-09-04T21:39:59.281991+00:00] retry 500 https://sake-suggest.com/sake/05b6ef93-6673-4960-b3a8-8f9cba6b2a8d in 2.1s
[2026-09-04T21:39:59.961637+00:00] retry 500 https://sake-suggest.com/sake/05e0ce83-2733-405c-909d-67297ea5d52f in 1.9s
[2026-09-04T21:40:00.368246+00:00] retry 500 https://sake-suggest.com/sake/05eb0939-0e63-4b86-9953-431af3473141 in 1.7s
[2026-09-04T21:40:01.639655+00:00] retry 500 https://sake-suggest.com/sake/05ee9d21-4b13-4783-81c2-34a740b7392f in 1.8s
[2026-09-04T21:40:04.350681+00:00] retry 500 https://sake-suggest.com/sake/05b89aa6-3d70-43ed-9f69-f6c0cb8dfa53 in 2.4s
[2026-09-04T21:40:07.232801+00:00] retry 500 https://sake-suggest.com/sake/05dd116d-92ea-4ef7-9155-52e0192a25b7 in 2.2s
[2026-09-04T21:40:09.971579+00:00] retry 500 https://sake-suggest.com/sake/05eb0939-0e63-4b86-9953-431af3473141 in 2.0s
[2026-09-04T21:40:09.982620+00:00] retry 500 https://sake-suggest.com/sake/05e0ce83-2733-405c-909d-67297ea5d52f in 2.2s
[2026-09-04T21:40:11.412038+00:00] retry 500 https://sake-suggest.com/sake/05ee9d21-4b13-4783-81c2-34a740b7392f in 2.6s
[2026-09-04T21:40:17.415135+00:00] retry 500 https://sake-suggest.com/sake/05f67afc-97fb-481c-9341-5839b45d240a in 1.1s
[2026-09-04T21:40:22.923890+00:00] retry 500 https://sake-suggest.com/sake/05f955af-a906-4922-8a6e-11b029952339 in 1.0s
[2026-09-04T21:40:25.603466+00:00] retry 500 https://sake-suggest.com/sake/062b3b5a-c25c-45ed-85fb-a127f9a7c60e in 1.7s
[2026-09-04T21:40:26.465522+00:00] retry 500 https://sake-suggest.com/sake/05f67afc-97fb-481c-9341-5839b45d240a in 2.7s
[2026-09-04T21:40:27.922135+00:00] retry 500 https://sake-suggest.com/sake/062e6a42-c447-4470-812d-bc80bb4ef71c in 1.5s
[2026-09-04T21:40:28.360607+00:00] retry 500 https://sake-suggest.com/sake/063395da-4829-4f24-b52f-c422dc0ffc49 in 1.7s
[2026-09-04T21:40:30.389646+00:00] retry 500 https://sake-suggest.com/sake/06387458-c31b-497c-85e3-fe45dafead13 in 1.8s
[2026-09-04T21:40:32.187352+00:00] retry 500 https://sake-suggest.com/sake/05f955af-a906-4922-8a6e-11b029952339 in 2.6s
[2026-09-04T21:40:35.266191+00:00] retry 500 https://sake-suggest.com/sake/062b3b5a-c25c-45ed-85fb-a127f9a7c60e in 3.0s
[2026-09-04T21:40:37.541948+00:00] retry 500 https://sake-suggest.com/sake/062e6a42-c447-4470-812d-bc80bb4ef71c in 2.3s
[2026-09-04T21:40:37.925436+00:00] retry 500 https://sake-suggest.com/sake/063395da-4829-4f24-b52f-c422dc0ffc49 in 2.1s
[2026-09-04T21:40:40.473901+00:00] retry 500 https://sake-suggest.com/sake/06387458-c31b-497c-85e3-fe45dafead13 in 2.7s
[2026-09-04T21:40:45.387678+00:00] retry 500 https://sake-suggest.com/sake/063c162c-5258-4db7-bccc-089ce6ef2dfa in 1.3s
[2026-09-04T21:40:50.814574+00:00] retry 500 https://sake-suggest.com/sake/0649ce58-9e9a-46f1-b594-dc87985e90d9 in 1.8s
[2026-09-04T21:40:54.532115+00:00] retry 500 https://sake-suggest.com/sake/06643dc3-db9b-442f-969d-d59764b27c6a in 1.5s
[2026-09-04T21:40:54.890026+00:00] retry 500 https://sake-suggest.com/sake/063c162c-5258-4db7-bccc-089ce6ef2dfa in 2.3s
[2026-09-04T21:40:55.666727+00:00] retry 500 https://sake-suggest.com/sake/0666c1c8-cba2-4e2f-a354-2cca7621b308 in 1.8s
[2026-09-04T21:40:55.947492+00:00] retry 500 https://sake-suggest.com/sake/0669937e-b1a3-413b-9823-6faf8753f317 in 1.9s
[2026-09-04T21:40:59.369035+00:00] retry 500 https://sake-suggest.com/sake/06789998-4b1b-4113-894a-866f921ec75f in 1.3s
[2026-09-04T21:41:00.544003+00:00] retry 500 https://sake-suggest.com/sake/0649ce58-9e9a-46f1-b594-dc87985e90d9 in 2.2s
[2026-09-04T21:41:04.133019+00:00] retry 500 https://sake-suggest.com/sake/06643dc3-db9b-442f-969d-d59764b27c6a in 2.4s
[2026-09-04T21:41:05.355565+00:00] retry 500 https://sake-suggest.com/sake/0666c1c8-cba2-4e2f-a354-2cca7621b308 in 2.8s
[2026-09-04T21:41:05.721316+00:00] retry 500 https://sake-suggest.com/sake/0669937e-b1a3-413b-9823-6faf8753f317 in 2.2s
[2026-09-04T21:41:08.680299+00:00] retry 500 https://sake-suggest.com/sake/06789998-4b1b-4113-894a-866f921ec75f in 2.1s
[2026-09-04T21:41:13.374213+00:00] retry 500 https://sake-suggest.com/sake/0694f898-8832-497e-90d2-39efa0ef435e in 1.4s
[2026-09-04T21:41:19.118970+00:00] retry 500 https://sake-suggest.com/sake/06a52b42-57a4-453b-80f4-bb70e71f82e9 in 1.4s
[2026-09-04T21:41:22.804776+00:00] retry 500 https://sake-suggest.com/sake/0694f898-8832-497e-90d2-39efa0ef435e in 2.2s
[2026-09-04T21:41:22.815913+00:00] retry 500 https://sake-suggest.com/sake/06a53da1-cc0f-413e-aef9-578d238cfe88 in 1.8s
[2026-09-04T21:41:23.874510+00:00] retry 500 https://sake-suggest.com/sake/06ad8829-41e1-402b-8623-5e33e5fc1f24 in 1.0s
[2026-09-04T21:41:24.522543+00:00] retry 500 https://sake-suggest.com/sake/06b5a1d8-d98d-4522-a364-80af77bf79a3 in 1.9s
[2026-09-04T21:41:26.576971+00:00] retry 500 https://sake-suggest.com/sake/06bbb3b1-0b53-456b-953b-b77343582c3b in 1.5s
[2026-09-04T21:41:28.411280+00:00] retry 500 https://sake-suggest.com/sake/06a52b42-57a4-453b-80f4-bb70e71f82e9 in 2.9s
[2026-09-04T21:41:32.744865+00:00] retry 500 https://sake-suggest.com/sake/06a53da1-cc0f-413e-aef9-578d238cfe88 in 2.9s
[2026-09-04T21:41:33.105605+00:00] retry 500 https://sake-suggest.com/sake/06ad8829-41e1-402b-8623-5e33e5fc1f24 in 3.0s
[2026-09-04T21:41:34.334093+00:00] retry 500 https://sake-suggest.com/sake/06b5a1d8-d98d-4522-a364-80af77bf79a3 in 2.5s
[2026-09-04T21:41:36.093296+00:00] retry 500 https://sake-suggest.com/sake/06bbb3b1-0b53-456b-953b-b77343582c3b in 2.4s
[2026-09-04T21:41:41.773408+00:00] retry 500 https://sake-suggest.com/sake/06be2172-09af-4762-8a39-4736f4e7d250 in 2.0s
[2026-09-04T21:41:47.353546+00:00] retry 500 https://sake-suggest.com/sake/06c08905-3354-465d-a39b-54f1215937a4 in 1.5s
[2026-09-04T21:41:51.588927+00:00] retry 500 https://sake-suggest.com/sake/06c33ae0-62d6-4711-b8d9-83c95d38a491 in 1.7s
[2026-09-04T21:41:51.784178+00:00] retry 500 https://sake-suggest.com/sake/06be2172-09af-4762-8a39-4736f4e7d250 in 2.7s
[2026-09-04T21:41:51.970439+00:00] retry 500 https://sake-suggest.com/sake/06c3a57f-e685-4f62-801b-82307eabafff in 1.3s
[2026-09-04T21:41:53.448499+00:00] retry 500 https://sake-suggest.com/sake/06ce4ef7-bb6f-482b-967b-572106a5a11b in 1.6s
[2026-09-04T21:41:54.589685+00:00] retry 500 https://sake-suggest.com/sake/06cf1888-e0b0-48d2-aa00-eada5cc103f7 in 1.4s
[2026-09-04T21:41:56.709254+00:00] retry 500 https://sake-suggest.com/sake/06c08905-3354-465d-a39b-54f1215937a4 in 2.5s
[2026-09-04T21:42:01.315716+00:00] retry 500 https://sake-suggest.com/sake/06c33ae0-62d6-4711-b8d9-83c95d38a491 in 2.2s
[2026-09-04T21:42:01.469283+00:00] retry 500 https://sake-suggest.com/sake/06c3a57f-e685-4f62-801b-82307eabafff in 2.9s
[2026-09-04T21:42:03.061973+00:00] retry 500 https://sake-suggest.com/sake/06ce4ef7-bb6f-482b-967b-572106a5a11b in 2.3s
[2026-09-04T21:42:03.854486+00:00] retry 500 https://sake-suggest.com/sake/06cf1888-e0b0-48d2-aa00-eada5cc103f7 in 2.2s
[2026-09-04T21:42:10.588193+00:00] retry 500 https://sake-suggest.com/sake/06d400fe-8f6b-40d8-9bba-8c894c76abbb in 1.4s
[2026-09-04T21:42:15.105496+00:00] retry 500 https://sake-suggest.com/sake/06e149dd-1de3-44de-a770-81df935cc870 in 1.5s
[2026-09-04T21:42:19.533736+00:00] retry 500 https://sake-suggest.com/sake/06fd2ce2-9eed-4569-a44a-41dd17e72cfd in 1.0s
[2026-09-04T21:42:19.920623+00:00] retry 500 https://sake-suggest.com/sake/06d400fe-8f6b-40d8-9bba-8c894c76abbb in 2.1s
[2026-09-04T21:42:20.233254+00:00] retry 500 https://sake-suggest.com/sake/0705c3fd-dfc0-4016-b8bd-7e012193b73a in 1.1s
[2026-09-04T21:42:21.260834+00:00] retry 500 https://sake-suggest.com/sake/070d1513-ec69-4839-b063-c096e677c123 in 1.6s
[2026-09-04T21:42:22.062843+00:00] retry 500 https://sake-suggest.com/sake/071dd769-728a-42b0-b09c-e00209b7e96d in 1.1s
[2026-09-04T21:42:24.511262+00:00] retry 500 https://sake-suggest.com/sake/06e149dd-1de3-44de-a770-81df935cc870 in 2.6s
[2026-09-04T21:42:28.686852+00:00] retry 500 https://sake-suggest.com/sake/06fd2ce2-9eed-4569-a44a-41dd17e72cfd in 2.3s
[2026-09-04T21:42:29.218358+00:00] retry 500 https://sake-suggest.com/sake/0705c3fd-dfc0-4016-b8bd-7e012193b73a in 2.4s
[2026-09-04T21:42:30.922089+00:00] retry 500 https://sake-suggest.com/sake/070d1513-ec69-4839-b063-c096e677c123 in 2.9s
[2026-09-04T21:42:31.009749+00:00] retry 500 https://sake-suggest.com/sake/071dd769-728a-42b0-b09c-e00209b7e96d in 3.0s
[2026-09-04T21:42:37.960278+00:00] retry 500 https://sake-suggest.com/sake/072583f4-922c-4dfb-8467-6f02cfaf4aa3 in 1.2s
[2026-09-04T21:42:43.198780+00:00] retry 500 https://sake-suggest.com/sake/073092aa-4285-4ead-ac33-009b9f1ecad4 in 1.1s
[2026-09-04T21:42:47.239504+00:00] retry 500 https://sake-suggest.com/sake/073192a6-f24d-46bd-b8f4-33e771e2bc62 in 1.3s
[2026-09-04T21:42:47.389445+00:00] retry 500 https://sake-suggest.com/sake/072583f4-922c-4dfb-8467-6f02cfaf4aa3 in 2.7s
[2026-09-04T21:42:47.476951+00:00] retry 500 https://sake-suggest.com/sake/0731d019-034c-4e90-9af4-64fa53a6ce4b in 1.4s
[2026-09-04T21:42:49.977474+00:00] retry 500 https://sake-suggest.com/sake/073ad8d7-4006-4153-be12-71a28d2ddac2 in 1.9s
[2026-09-04T21:42:50.452919+00:00] retry 500 https://sake-suggest.com/sake/07446c2c-86c4-4cba-9e31-bab1741fe629 in 1.1s
[2026-09-04T21:42:52.181322+00:00] retry 500 https://sake-suggest.com/sake/073092aa-4285-4ead-ac33-009b9f1ecad4 in 2.5s
[2026-09-04T21:42:56.664954+00:00] retry 500 https://sake-suggest.com/sake/073192a6-f24d-46bd-b8f4-33e771e2bc62 in 2.9s
[2026-09-04T21:42:56.683147+00:00] retry 500 https://sake-suggest.com/sake/0731d019-034c-4e90-9af4-64fa53a6ce4b in 2.1s
[2026-09-04T21:42:59.533937+00:00] retry 500 https://sake-suggest.com/sake/07446c2c-86c4-4cba-9e31-bab1741fe629 in 2.2s
[2026-09-04T21:42:59.745319+00:00] retry 500 https://sake-suggest.com/sake/073ad8d7-4006-4153-be12-71a28d2ddac2 in 2.8s
[2026-09-04T21:43:06.083616+00:00] retry 500 https://sake-suggest.com/sake/074da913-fa0d-4f9c-8078-ac2b3a219ea6 in 1.6s
[2026-09-04T21:43:10.667220+00:00] retry 500 https://sake-suggest.com/sake/075871bf-b62c-475e-a65d-8ff19a863b2b in 1.5s
[2026-09-04T21:43:14.625057+00:00] retry 500 https://sake-suggest.com/sake/075b014b-6934-44e8-a0de-c8f9489d55cc in 1.2s
[2026-09-04T21:43:15.663174+00:00] retry 500 https://sake-suggest.com/sake/074da913-fa0d-4f9c-8078-ac2b3a219ea6 in 2.9s
[2026-09-04T21:43:15.673846+00:00] retry 500 https://sake-suggest.com/sake/076a33f5-1992-48d1-99e3-873e7501f934 in 1.2s
[2026-09-04T21:43:17.499842+00:00] retry 500 https://sake-suggest.com/sake/076b802e-c72f-4fa6-945f-fbe6f0779d9e in 1.5s
[2026-09-04T21:43:18.811114+00:00] retry 500 https://sake-suggest.com/sake/076ce316-7721-4a2d-ade6-833dbe8d59db in 1.4s
[2026-09-04T21:43:20.017920+00:00] retry 500 https://sake-suggest.com/sake/075871bf-b62c-475e-a65d-8ff19a863b2b in 2.6s
[2026-09-04T21:43:23.641438+00:00] retry 500 https://sake-suggest.com/sake/075b014b-6934-44e8-a0de-c8f9489d55cc in 2.7s
[2026-09-04T21:43:24.746875+00:00] retry 500 https://sake-suggest.com/sake/076a33f5-1992-48d1-99e3-873e7501f934 in 2.3s
[2026-09-04T21:43:27.140442+00:00] retry 500 https://sake-suggest.com/sake/076b802e-c72f-4fa6-945f-fbe6f0779d9e in 2.9s
[2026-09-04T21:43:28.249340+00:00] retry 500 https://sake-suggest.com/sake/076ce316-7721-4a2d-ade6-833dbe8d59db in 2.9s
[2026-09-04T21:43:34.369967+00:00] retry 500 https://sake-suggest.com/sake/077dccba-1e77-406f-b0c3-29557a162cd3 in 1.7s
[2026-09-04T21:43:38.511689+00:00] retry 500 https://sake-suggest.com/sake/078b3d28-be62-4461-9a11-09a8a24eef84 in 1.3s
[2026-09-04T21:43:42.128470+00:00] retry 500 https://sake-suggest.com/sake/079379ba-e8aa-4a2a-b1f3-40f3ccd91576 in 1.2s
[2026-09-04T21:43:43.058099+00:00] retry 500 https://sake-suggest.com/sake/0793f30a-a81c-42f1-babd-50edcbc8473f in 1.8s
[2026-09-04T21:43:43.967990+00:00] retry 500 https://sake-suggest.com/sake/077dccba-1e77-406f-b0c3-29557a162cd3 in 2.7s
[2026-09-04T21:43:46.429791+00:00] retry 500 https://sake-suggest.com/sake/07a6136c-eb48-4230-93ff-792b2404cc07 in 1.1s
[2026-09-04T21:43:46.990064+00:00] retry 500 https://sake-suggest.com/sake/07ad00d4-8605-4834-ab7d-76d09e0f1a42 in 2.0s
[2026-09-04T21:43:47.909319+00:00] retry 500 https://sake-suggest.com/sake/078b3d28-be62-4461-9a11-09a8a24eef84 in 2.3s
[2026-09-04T21:43:51.452053+00:00] retry 500 https://sake-suggest.com/sake/079379ba-e8aa-4a2a-b1f3-40f3ccd91576 in 3.0s
[2026-09-04T21:43:53.056891+00:00] retry 500 https://sake-suggest.com/sake/0793f30a-a81c-42f1-babd-50edcbc8473f in 2.7s
[2026-09-04T21:43:55.402556+00:00] retry 500 https://sake-suggest.com/sake/07a6136c-eb48-4230-93ff-792b2404cc07 in 2.1s
[2026-09-04T21:43:57.259972+00:00] retry 500 https://sake-suggest.com/sake/07ad00d4-8605-4834-ab7d-76d09e0f1a42 in 2.0s
[2026-09-04T21:44:02.528594+00:00] retry 500 https://sake-suggest.com/sake/07adbd5d-9f2d-4e6f-b223-a160272ce740 in 1.9s
[2026-09-04T21:44:06.100007+00:00] retry 500 https://sake-suggest.com/sake/07b012dc-ddd7-4f3c-8a86-c2dbe2e9ecf5 in 1.1s
[2026-09-04T21:44:10.642807+00:00] retry 500 https://sake-suggest.com/sake/07b31027-a21b-4058-8711-d6896a7e80b1 in 1.8s
[2026-09-04T21:44:11.646766+00:00] retry 500 https://sake-suggest.com/sake/07c4f5a5-b6cd-4c69-b3b0-c9578a4fbad9 in 1.8s
[2026-09-04T21:44:12.281092+00:00] retry 500 https://sake-suggest.com/sake/07adbd5d-9f2d-4e6f-b223-a160272ce740 in 2.5s
[2026-09-04T21:44:13.331430+00:00] retry 500 https://sake-suggest.com/sake/07cd7ce3-3f4a-4e5e-846b-6a3a0cfb7c3b in 1.2s
[2026-09-04T21:44:15.353254+00:00] retry 500 https://sake-suggest.com/sake/07d5edde-62aa-4c91-bd18-4233e03d1df0 in 1.5s
[2026-09-04T21:44:15.633411+00:00] retry 500 https://sake-suggest.com/sake/07b012dc-ddd7-4f3c-8a86-c2dbe2e9ecf5 in 2.1s
[2026-09-04T21:44:20.272105+00:00] retry 500 https://sake-suggest.com/sake/07b31027-a21b-4058-8711-d6896a7e80b1 in 2.4s
[2026-09-04T21:44:21.301146+00:00] retry 500 https://sake-suggest.com/sake/07c4f5a5-b6cd-4c69-b3b0-c9578a4fbad9 in 2.9s
[2026-09-04T21:44:22.435925+00:00] retry 500 https://sake-suggest.com/sake/07cd7ce3-3f4a-4e5e-846b-6a3a0cfb7c3b in 2.2s
[2026-09-04T21:44:24.737917+00:00] retry 500 https://sake-suggest.com/sake/07d5edde-62aa-4c91-bd18-4233e03d1df0 in 2.7s
[2026-09-04T21:44:30.729633+00:00] retry 500 https://sake-suggest.com/sake/07d7141c-3d7b-4de1-915d-3270e6186abe in 1.2s
[2026-09-04T21:44:33.484457+00:00] retry 500 https://sake-suggest.com/sake/07d809e0-f809-468c-8763-a7f0898ea89b in 1.1s
[2026-09-04T21:44:38.896332+00:00] retry 500 https://sake-suggest.com/sake/07e76663-63b4-4bbb-86d8-6dc642b4577d in 1.9s
[2026-09-04T21:44:40.020294+00:00] retry 500 https://sake-suggest.com/sake/07d7141c-3d7b-4de1-915d-3270e6186abe in 2.8s
[2026-09-04T21:44:40.102608+00:00] retry 500 https://sake-suggest.com/sake/07efbf11-5e91-459c-a874-85855f453ae3 in 1.2s
[2026-09-04T21:44:40.446077+00:00] retry 500 https://sake-suggest.com/sake/07effd9c-491c-4a98-a763-305f40fc4cc5 in 1.5s
[2026-09-04T21:44:42.687899+00:00] retry 500 https://sake-suggest.com/sake/07d809e0-f809-468c-8763-a7f0898ea89b in 2.5s
[2026-09-04T21:44:43.693251+00:00] retry 500 https://sake-suggest.com/sake/07f5f590-1b69-4b44-b0d1-0819ec7ff96e in 1.2s
[2026-09-04T21:44:48.894059+00:00] retry 500 https://sake-suggest.com/sake/07e76663-63b4-4bbb-86d8-6dc642b4577d in 2.5s
[2026-09-04T21:44:49.386130+00:00] retry 500 https://sake-suggest.com/sake/07efbf11-5e91-459c-a874-85855f453ae3 in 2.5s
[2026-09-04T21:44:49.809631+00:00] retry 500 https://sake-suggest.com/sake/07effd9c-491c-4a98-a763-305f40fc4cc5 in 3.0s
[2026-09-04T21:44:52.855423+00:00] retry 500 https://sake-suggest.com/sake/07f5f590-1b69-4b44-b0d1-0819ec7ff96e in 2.7s
[2026-09-04T21:44:58.724043+00:00] retry 500 https://sake-suggest.com/sake/07f7d7b1-0897-48dc-a017-bbd30191e63e in 1.2s
[2026-09-04T21:45:01.586510+00:00] retry 500 https://sake-suggest.com/sake/07f88c03-5b5d-45e5-b1de-e96444373407 in 1.3s
[2026-09-04T21:45:07.266373+00:00] retry 500 https://sake-suggest.com/sake/07fcd325-7901-44df-9024-c26a08faedb0 in 1.2s
[2026-09-04T21:45:07.841363+00:00] retry 500 https://sake-suggest.com/sake/07f7d7b1-0897-48dc-a017-bbd30191e63e in 2.6s
[2026-09-04T21:45:07.955783+00:00] retry 500 https://sake-suggest.com/sake/08004543-4471-4bc9-83a1-7364e79b4914 in 1.4s
[2026-09-04T21:45:08.547487+00:00] retry 500 https://sake-suggest.com/sake/0802e4ec-6c69-4acb-ac03-9a3d4d031d25 in 1.8s
[2026-09-04T21:45:11.108131+00:00] retry 500 https://sake-suggest.com/sake/07f88c03-5b5d-45e5-b1de-e96444373407 in 3.0s
[2026-09-04T21:45:11.988316+00:00] retry 500 https://sake-suggest.com/sake/080b1556-2c6a-42fd-8f83-59c7465ced91 in 1.3s
[2026-09-04T21:45:16.462127+00:00] retry 500 https://sake-suggest.com/sake/07fcd325-7901-44df-9024-c26a08faedb0 in 2.1s
[2026-09-04T21:45:17.494866+00:00] retry 500 https://sake-suggest.com/sake/08004543-4471-4bc9-83a1-7364e79b4914 in 2.4s
[2026-09-04T21:45:18.216733+00:00] retry 500 https://sake-suggest.com/sake/0802e4ec-6c69-4acb-ac03-9a3d4d031d25 in 2.2s
[2026-09-04T21:45:21.108328+00:00] retry 500 https://sake-suggest.com/sake/080b1556-2c6a-42fd-8f83-59c7465ced91 in 2.6s
[2026-09-04T21:45:26.532040+00:00] retry 500 https://sake-suggest.com/sake/080f7b34-77b5-4310-9b88-3654a570e264 in 1.7s
[2026-09-04T21:45:30.727618+00:00] retry 500 https://sake-suggest.com/sake/0811ad53-e6dc-4ad3-8cb8-48d8a883e9a1 in 1.8s
[2026-09-04T21:45:34.478799+00:00] retry 500 https://sake-suggest.com/sake/0812bcb9-caa0-4d50-951b-aacca94f7111 in 1.1s
[2026-09-04T21:45:36.092090+00:00] retry 500 https://sake-suggest.com/sake/0813d904-2ace-4e84-8e25-b51273363f00 in 1.9s
[2026-09-04T21:45:36.117195+00:00] retry 500 https://sake-suggest.com/sake/080f7b34-77b5-4310-9b88-3654a570e264 in 2.2s
[2026-09-04T21:45:36.464905+00:00] retry 500 https://sake-suggest.com/sake/08289aca-e092-470c-91f3-88851c19b03d in 1.5s
[2026-09-04T21:45:39.580051+00:00] retry 500 https://sake-suggest.com/sake/082d5585-daed-49c8-b40c-54fec1078739 in 1.2s
[2026-09-04T21:45:40.340819+00:00] retry 500 https://sake-suggest.com/sake/0811ad53-e6dc-4ad3-8cb8-48d8a883e9a1 in 2.9s
[2026-09-04T21:45:43.419769+00:00] retry 500 https://sake-suggest.com/sake/0812bcb9-caa0-4d50-951b-aacca94f7111 in 2.8s
[2026-09-04T21:45:45.940038+00:00] retry 500 https://sake-suggest.com/sake/0813d904-2ace-4e84-8e25-b51273363f00 in 2.4s
[2026-09-04T21:45:45.994474+00:00] retry 500 https://sake-suggest.com/sake/08289aca-e092-470c-91f3-88851c19b03d in 2.9s
[2026-09-04T21:45:48.939587+00:00] retry 500 https://sake-suggest.com/sake/082d5585-daed-49c8-b40c-54fec1078739 in 2.8s
[2026-09-04T21:45:54.536020+00:00] retry 500 https://sake-suggest.com/sake/083143e9-270f-4554-aa92-46add7e95c3a in 1.7s
[2026-09-04T21:45:59.029524+00:00] retry 500 https://sake-suggest.com/sake/083189ec-8d3c-4295-9672-9363fded1d05 in 1.0s
[2026-09-04T21:46:02.375314+00:00] retry 500 https://sake-suggest.com/sake/0837af89-e1e7-4a91-8458-f8e6a632cbe0 in 1.3s
[2026-09-04T21:46:04.246933+00:00] retry 500 https://sake-suggest.com/sake/083143e9-270f-4554-aa92-46add7e95c3a in 2.4s
[2026-09-04T21:46:04.432728+00:00] retry 500 https://sake-suggest.com/sake/0837fa96-a1fa-4b02-b6b4-2467b96a60a5 in 1.3s
[2026-09-04T21:46:05.069692+00:00] retry 500 https://sake-suggest.com/sake/084b4edb-d35b-4511-8895-582b832e8ede in 1.1s
[2026-09-04T21:46:07.683164+00:00] retry 500 https://sake-suggest.com/sake/085a0b1f-7dfd-4b5f-8bee-beb3833e56f6 in 1.5s
[2026-09-04T21:46:07.905813+00:00] retry 500 https://sake-suggest.com/sake/083189ec-8d3c-4295-9672-9363fded1d05 in 2.5s
[2026-09-04T21:46:11.611592+00:00] retry 500 https://sake-suggest.com/sake/0837af89-e1e7-4a91-8458-f8e6a632cbe0 in 2.3s
[2026-09-04T21:46:13.816601+00:00] retry 500 https://sake-suggest.com/sake/0837fa96-a1fa-4b02-b6b4-2467b96a60a5 in 2.2s
[2026-09-04T21:46:14.286498+00:00] retry 500 https://sake-suggest.com/sake/084b4edb-d35b-4511-8895-582b832e8ede in 2.9s
[2026-09-04T21:46:17.206492+00:00] retry 500 https://sake-suggest.com/sake/085a0b1f-7dfd-4b5f-8bee-beb3833e56f6 in 2.2s
[2026-09-04T21:46:22.629964+00:00] retry 500 https://sake-suggest.com/sake/085e9335-15cf-49fa-805f-f134c7353a2a in 1.9s
[2026-09-04T21:46:26.149806+00:00] retry 500 https://sake-suggest.com/sake/086bab3c-c9db-4b4d-9a23-12714410ef39 in 1.9s
[2026-09-04T21:46:29.671955+00:00] retry 500 https://sake-suggest.com/sake/086e86ed-8636-42b5-9dd4-18acfea87d77 in 1.9s
[2026-09-04T21:46:31.913579+00:00] retry 500 https://sake-suggest.com/sake/086ffc07-eb44-473c-a88c-2e1008f7ccee in 1.5s
[2026-09-04T21:46:32.412392+00:00] retry 500 https://sake-suggest.com/sake/085e9335-15cf-49fa-805f-f134c7353a2a in 2.3s
[2026-09-04T21:46:33.247594+00:00] retry 500 https://sake-suggest.com/sake/0876de26-3e0e-4172-aaab-f6a1b6e540f3 in 1.1s
[2026-09-04T21:46:35.613665+00:00] retry 500 https://sake-suggest.com/sake/08773bcc-7cad-4e86-bd21-48b9e83c6a78 in 1.4s
[2026-09-04T21:46:35.920193+00:00] retry 500 https://sake-suggest.com/sake/086bab3c-c9db-4b4d-9a23-12714410ef39 in 2.2s
[2026-09-04T21:46:39.417089+00:00] retry 500 https://sake-suggest.com/sake/086e86ed-8636-42b5-9dd4-18acfea87d77 in 2.4s
[2026-09-04T21:46:41.203769+00:00] retry 500 https://sake-suggest.com/sake/086ffc07-eb44-473c-a88c-2e1008f7ccee in 2.7s
[2026-09-04T21:46:42.292068+00:00] retry 500 https://sake-suggest.com/sake/0876de26-3e0e-4172-aaab-f6a1b6e540f3 in 2.4s
[2026-09-04T21:46:45.189474+00:00] retry 500 https://sake-suggest.com/sake/08773bcc-7cad-4e86-bd21-48b9e83c6a78 in 2.9s
[2026-09-04T21:46:50.752903+00:00] retry 500 https://sake-suggest.com/sake/087f2e11-24c4-46bd-9b98-a9ea38573c66 in 1.4s
[2026-09-04T21:46:54.083253+00:00] retry 500 https://sake-suggest.com/sake/0885f98d-492c-40b2-9a91-cd49504b1c75 in 1.3s
[2026-09-04T21:46:57.678217+00:00] retry 500 https://sake-suggest.com/sake/08950281-d7cc-41fb-9d77-f6bc037b4a60 in 1.9s
[2026-09-04T21:47:00.058597+00:00] retry 500 https://sake-suggest.com/sake/089b50fb-09fe-4f2b-adf7-1d0a1b1bc006 in 1.0s
[2026-09-04T21:47:00.086703+00:00] retry 500 https://sake-suggest.com/sake/087f2e11-24c4-46bd-9b98-a9ea38573c66 in 2.8s
[2026-09-04T21:47:00.758365+00:00] retry 500 https://sake-suggest.com/sake/089c84b6-3429-4502-b1da-77222c6c81b8 in 1.2s
[2026-09-04T21:47:03.264093+00:00] retry 500 https://sake-suggest.com/sake/0885f98d-492c-40b2-9a91-cd49504b1c75 in 2.3s
[2026-09-04T21:47:04.083686+00:00] retry 500 https://sake-suggest.com/sake/089cb4d4-77cf-4dca-83f5-12b4361c8efb in 1.9s
[2026-09-04T21:47:07.707357+00:00] retry 500 https://sake-suggest.com/sake/08950281-d7cc-41fb-9d77-f6bc037b4a60 in 2.9s
[2026-09-04T21:47:08.940926+00:00] retry 500 https://sake-suggest.com/sake/089b50fb-09fe-4f2b-adf7-1d0a1b1bc006 in 2.6s
[2026-09-04T21:47:09.887940+00:00] retry 500 https://sake-suggest.com/sake/089c84b6-3429-4502-b1da-77222c6c81b8 in 2.2s
[2026-09-04T21:47:13.854197+00:00] retry 500 https://sake-suggest.com/sake/089cb4d4-77cf-4dca-83f5-12b4361c8efb in 2.3s
[2026-09-04T21:47:18.978926+00:00] retry 500 https://sake-suggest.com/sake/08a488a8-2fef-4cdc-ada7-beccab15da92 in 1.1s
[2026-09-04T21:47:21.733410+00:00] retry 500 https://sake-suggest.com/sake/08a4e8be-728a-4f93-a697-46f42684579b in 1.2s
[2026-09-04T21:47:26.556518+00:00] retry 500 https://sake-suggest.com/sake/08a6fa31-08a5-422e-a9d6-4f511ffb5ac7 in 1.2s
[2026-09-04T21:47:27.418174+00:00] retry 500 https://sake-suggest.com/sake/08a77e15-babb-4989-8922-ea9885a440f5 in 1.9s
[2026-09-04T21:47:27.956818+00:00] retry 500 https://sake-suggest.com/sake/08a488a8-2fef-4cdc-ada7-beccab15da92 in 2.9s
[2026-09-04T21:47:28.120442+00:00] retry 500 https://sake-suggest.com/sake/08ab4ecf-0107-4d8e-8539-61534a07736e in 1.9s
[2026-09-04T21:47:30.859958+00:00] retry 500 https://sake-suggest.com/sake/08a4e8be-728a-4f93-a697-46f42684579b in 2.2s
[2026-09-04T21:47:32.229322+00:00] retry 500 https://sake-suggest.com/sake/08bfb298-c486-4503-a394-e3ccb0963e2b in 1.5s
[2026-09-04T21:47:35.692652+00:00] retry 500 https://sake-suggest.com/sake/08a6fa31-08a5-422e-a9d6-4f511ffb5ac7 in 2.4s
[2026-09-04T21:47:37.239477+00:00] retry 500 https://sake-suggest.com/sake/08a77e15-babb-4989-8922-ea9885a440f5 in 2.5s
[2026-09-04T21:47:38.070637+00:00] retry 500 https://sake-suggest.com/sake/08ab4ecf-0107-4d8e-8539-61534a07736e in 2.1s
[2026-09-04T21:47:41.864704+00:00] retry 500 https://sake-suggest.com/sake/08bfb298-c486-4503-a394-e3ccb0963e2b in 2.7s
[2026-09-04T21:47:46.993903+00:00] retry 500 https://sake-suggest.com/sake/08c9ebd4-8586-4a60-a00b-0218c369a87a in 1.4s
[2026-09-04T21:47:49.218900+00:00] retry 500 https://sake-suggest.com/sake/08d3f7b4-7371-4fa6-8c6e-54d209fa5890 in 1.5s
[2026-09-04T21:47:54.047601+00:00] retry 500 https://sake-suggest.com/sake/08d43b8e-95de-479a-839b-5251a20711a7 in 1.9s
[2026-09-04T21:47:55.761411+00:00] retry 500 https://sake-suggest.com/sake/08d83aac-8fee-44f4-85b7-1df9ad528d66 in 1.1s
[2026-09-04T21:47:55.983055+00:00] retry 500 https://sake-suggest.com/sake/08dfe9ca-0f45-40e4-b6f3-8ec1f37eb83b in 1.3s
[2026-09-04T21:47:56.565118+00:00] retry 500 https://sake-suggest.com/sake/08c9ebd4-8586-4a60-a00b-0218c369a87a in 2.4s
[2026-09-04T21:47:58.794434+00:00] retry 500 https://sake-suggest.com/sake/08d3f7b4-7371-4fa6-8c6e-54d209fa5890 in 2.2s
[2026-09-04T21:48:00.318202+00:00] retry 500 https://sake-suggest.com/sake/08e214cc-585c-4bcb-8a27-768bf35abbd9 in 1.4s
[2026-09-04T21:48:03.789916+00:00] retry 500 https://sake-suggest.com/sake/08d43b8e-95de-479a-839b-5251a20711a7 in 2.2s
[2026-09-04T21:48:04.670092+00:00] retry 500 https://sake-suggest.com/sake/08d83aac-8fee-44f4-85b7-1df9ad528d66 in 2.3s
[2026-09-04T21:48:05.312253+00:00] retry 500 https://sake-suggest.com/sake/08dfe9ca-0f45-40e4-b6f3-8ec1f37eb83b in 2.9s
[2026-09-04T21:48:09.561706+00:00] retry 500 https://sake-suggest.com/sake/08e214cc-585c-4bcb-8a27-768bf35abbd9 in 2.3s
[2026-09-04T21:48:15.011603+00:00] retry 500 https://sake-suggest.com/sake/08f14990-4241-41f5-9318-db326cd885fd in 1.3s
[2026-09-04T21:48:17.539402+00:00] retry 500 https://sake-suggest.com/sake/08f51b89-73aa-4f7a-9b47-8c97c264dd59 in 1.4s
[2026-09-04T21:48:22.237078+00:00] retry 500 https://sake-suggest.com/sake/08fb6e0e-c665-4c9e-92fc-8a583b8e6873 in 1.5s
[2026-09-04T21:48:22.902234+00:00] retry 500 https://sake-suggest.com/sake/0905b0cc-63c3-437f-9d4a-4eaf055e66cf in 1.1s
[2026-09-04T21:48:24.053284+00:00] retry 500 https://sake-suggest.com/sake/0906a541-abbb-4cf1-8508-4e3b2fce59f6 in 1.5s
[2026-09-04T21:48:24.400904+00:00] retry 500 https://sake-suggest.com/sake/08f14990-4241-41f5-9318-db326cd885fd in 2.5s
[2026-09-04T21:48:26.823241+00:00] retry 500 https://sake-suggest.com/sake/08f51b89-73aa-4f7a-9b47-8c97c264dd59 in 2.6s
[2026-09-04T21:48:28.015965+00:00] retry 500 https://sake-suggest.com/sake/09286b25-567d-473a-8831-21de93ef15a1 in 1.5s
[2026-09-04T21:48:31.849550+00:00] retry 500 https://sake-suggest.com/sake/08fb6e0e-c665-4c9e-92fc-8a583b8e6873 in 2.7s
[2026-09-04T21:48:32.097469+00:00] retry 500 https://sake-suggest.com/sake/0905b0cc-63c3-437f-9d4a-4eaf055e66cf in 2.3s
[2026-09-04T21:48:33.394084+00:00] retry 500 https://sake-suggest.com/sake/0906a541-abbb-4cf1-8508-4e3b2fce59f6 in 2.9s
[2026-09-04T21:48:37.459072+00:00] retry 500 https://sake-suggest.com/sake/09286b25-567d-473a-8831-21de93ef15a1 in 2.1s
[2026-09-04T21:48:43.050675+00:00] retry 500 https://sake-suggest.com/sake/09300c0b-180e-4655-a97a-8d713e9c3444 in 1.0s
[2026-09-04T21:48:45.593030+00:00] retry 500 https://sake-suggest.com/sake/095e09f1-0fa3-4b85-aa1b-6d229e15871c in 1.3s
[2026-09-04T21:48:50.235928+00:00] retry 500 https://sake-suggest.com/sake/095fe56a-98b6-457d-b4ee-69f27b94ebef in 1.7s
[2026-09-04T21:48:50.820495+00:00] retry 500 https://sake-suggest.com/sake/09609dd6-5a04-4c6f-ba3c-347c7c2958eb in 1.5s
[2026-09-04T21:48:51.904258+00:00] retry 500 https://sake-suggest.com/sake/09300c0b-180e-4655-a97a-8d713e9c3444 in 2.9s
[2026-09-04T21:48:52.428916+00:00] retry 500 https://sake-suggest.com/sake/0970744e-6b58-46d7-ae61-fe12dced745f in 1.8s
[2026-09-04T21:48:54.742054+00:00] retry 500 https://sake-suggest.com/sake/095e09f1-0fa3-4b85-aa1b-6d229e15871c in 2.9s
[2026-09-04T21:48:55.542899+00:00] retry 500 https://sake-suggest.com/sake/0973c921-1723-45e0-8a96-0d6f62ec05b3 in 1.4s
[2026-09-04T21:49:00.188767+00:00] retry 500 https://sake-suggest.com/sake/09609dd6-5a04-4c6f-ba3c-347c7c2958eb in 2.2s
[2026-09-04T21:49:00.443283+00:00] retry 500 https://sake-suggest.com/sake/095fe56a-98b6-457d-b4ee-69f27b94ebef in 2.1s
[2026-09-04T21:49:02.227436+00:00] retry 500 https://sake-suggest.com/sake/0970744e-6b58-46d7-ae61-fe12dced745f in 2.6s
[2026-09-04T21:49:05.129213+00:00] retry 500 https://sake-suggest.com/sake/0973c921-1723-45e0-8a96-0d6f62ec05b3 in 2.6s
[2026-09-04T21:49:11.062940+00:00] retry 500 https://sake-suggest.com/sake/0975c322-1749-4cb6-91dc-c47a22680f5b in 2.0s
[2026-09-04T21:49:13.400421+00:00] retry 500 https://sake-suggest.com/sake/097c11d7-bdac-455f-80bc-d97d3ff2ac66 in 1.3s
[2026-09-04T21:49:18.279685+00:00] retry 500 https://sake-suggest.com/sake/097ce9ff-a624-4e60-8e7f-074e0bfca01c in 1.7s
[2026-09-04T21:49:19.026673+00:00] retry 500 https://sake-suggest.com/sake/097fe848-96f4-4d0c-9ff1-40eb8d465674 in 1.7s
[2026-09-04T21:49:20.990872+00:00] retry 500 https://sake-suggest.com/sake/09970ecc-ba60-422c-948d-9a3d5fba886c in 1.6s
[2026-09-04T21:49:21.141570+00:00] retry 500 https://sake-suggest.com/sake/0975c322-1749-4cb6-91dc-c47a22680f5b in 2.1s
[2026-09-04T21:49:22.775548+00:00] retry 500 https://sake-suggest.com/sake/097c11d7-bdac-455f-80bc-d97d3ff2ac66 in 2.8s
[2026-09-04T21:49:23.874239+00:00] retry 500 https://sake-suggest.com/sake/099c597e-552d-47bc-9710-c21875cab042 in 1.6s
[2026-09-04T21:49:27.938365+00:00] retry 500 https://sake-suggest.com/sake/097ce9ff-a624-4e60-8e7f-074e0bfca01c in 2.4s
[2026-09-04T21:49:28.558057+00:00] retry 500 https://sake-suggest.com/sake/097fe848-96f4-4d0c-9ff1-40eb8d465674 in 2.3s
[2026-09-04T21:49:30.482473+00:00] retry 500 https://sake-suggest.com/sake/09970ecc-ba60-422c-948d-9a3d5fba886c in 2.0s
[2026-09-04T21:49:33.608306+00:00] retry 500 https://sake-suggest.com/sake/099c597e-552d-47bc-9710-c21875cab042 in 2.3s
[2026-09-04T21:49:39.125818+00:00] retry 500 https://sake-suggest.com/sake/09b05ad6-fd62-4e91-bf0f-581adc7a8ae1 in 1.7s
[2026-09-04T21:49:41.807828+00:00] retry 500 https://sake-suggest.com/sake/09b4ed99-2f62-401b-a047-2ed198a8bf66 in 1.1s
[2026-09-04T21:49:46.402001+00:00] retry 500 https://sake-suggest.com/sake/09b840d3-541c-4436-86ec-19849c3e07f5 in 1.6s
[2026-09-04T21:49:46.771753+00:00] retry 500 https://sake-suggest.com/sake/09cca752-a9f8-4fae-822c-cad26a425de6 in 1.3s
[2026-09-04T21:49:48.503851+00:00] retry 500 https://sake-suggest.com/sake/09dbcd32-d875-4444-8366-c16a5a2d0e11 in 1.3s
[2026-09-04T21:49:48.994900+00:00] retry 500 https://sake-suggest.com/sake/09b05ad6-fd62-4e91-bf0f-581adc7a8ae1 in 2.6s
[2026-09-04T21:49:50.755409+00:00] retry 500 https://sake-suggest.com/sake/09b4ed99-2f62-401b-a047-2ed198a8bf66 in 2.9s
[2026-09-04T21:49:55.570587+00:00] retry 500 https://sake-suggest.com/sake/09f2ef49-24c6-46b8-bf82-c10fc3bf3a59 in 1.6s
[2026-09-04T21:49:55.980890+00:00] retry 500 https://sake-suggest.com/sake/09cca752-a9f8-4fae-822c-cad26a425de6 in 2.6s
[2026-09-04T21:49:56.018628+00:00] retry 500 https://sake-suggest.com/sake/09b840d3-541c-4436-86ec-19849c3e07f5 in 2.5s
[2026-09-04T21:49:57.716042+00:00] retry 500 https://sake-suggest.com/sake/09dbcd32-d875-4444-8366-c16a5a2d0e11 in 2.6s
[2026-09-04T21:50:05.149501+00:00] retry 500 https://sake-suggest.com/sake/09f2ef49-24c6-46b8-bf82-c10fc3bf3a59 in 2.7s
[2026-09-04T21:50:07.428637+00:00] retry 500 https://sake-suggest.com/sake/09f42ab1-1623-4f58-92d2-c6739c17a7c2 in 1.8s
[2026-09-04T21:50:10.062231+00:00] retry 500 https://sake-suggest.com/sake/0a0181e0-cbf6-4293-bbbc-0583b3b495b8 in 1.3s
[2026-09-04T21:50:14.729860+00:00] retry 500 https://sake-suggest.com/sake/0a06ce40-072f-4103-b75e-0f177089eab4 in 2.0s
[2026-09-04T21:50:14.750200+00:00] retry 500 https://sake-suggest.com/sake/0a046fcb-b82c-463a-92b1-cab1b61506a8 in 1.1s
[2026-09-04T21:50:16.458410+00:00] retry 500 https://sake-suggest.com/sake/0a073641-aa68-464e-83a9-3913862fd53e in 1.2s
[2026-09-04T21:50:17.383981+00:00] retry 500 https://sake-suggest.com/sake/09f42ab1-1623-4f58-92d2-c6739c17a7c2 in 2.4s
[2026-09-04T21:50:19.234882+00:00] retry 500 https://sake-suggest.com/sake/0a0181e0-cbf6-4293-bbbc-0583b3b495b8 in 2.8s
[2026-09-04T21:50:23.851031+00:00] retry 500 https://sake-suggest.com/sake/0a046fcb-b82c-463a-92b1-cab1b61506a8 in 2.6s
[2026-09-04T21:50:24.056638+00:00] retry 500 https://sake-suggest.com/sake/0a0ed576-7839-48cf-a0cd-f3ebcc50bb0b in 1.7s
[2026-09-04T21:50:24.869610+00:00] retry 500 https://sake-suggest.com/sake/0a06ce40-072f-4103-b75e-0f177089eab4 in 2.4s
[2026-09-04T21:50:25.827826+00:00] retry 500 https://sake-suggest.com/sake/0a073641-aa68-464e-83a9-3913862fd53e in 2.8s
[2026-09-04T21:50:34.109286+00:00] retry 500 https://sake-suggest.com/sake/0a0ed576-7839-48cf-a0cd-f3ebcc50bb0b in 2.4s
[2026-09-04T21:50:35.937508+00:00] retry 500 https://sake-suggest.com/sake/0a115777-a181-4e50-8052-951b7142fff5 in 1.4s
[2026-09-04T21:50:37.888892+00:00] retry 500 https://sake-suggest.com/sake/0a1a1aff-20a2-4056-be08-f0f7a4dc3d94 in 2.0s
[2026-09-04T21:50:42.778335+00:00] retry 500 https://sake-suggest.com/sake/0a1ce069-9136-4a96-aa67-306a7c208ed1 in 1.6s
[2026-09-04T21:50:43.110415+00:00] retry 500 https://sake-suggest.com/sake/0a1f131f-1222-44b0-8294-ee797282d788 in 1.7s
[2026-09-04T21:50:44.977467+00:00] retry 500 https://sake-suggest.com/sake/0a20753c-06c3-4ef1-a120-85f7f04c5970 in 1.1s
[2026-09-04T21:50:45.372168+00:00] retry 500 https://sake-suggest.com/sake/0a115777-a181-4e50-8052-951b7142fff5 in 2.8s
[2026-09-04T21:50:47.724090+00:00] retry 500 https://sake-suggest.com/sake/0a1a1aff-20a2-4056-be08-f0f7a4dc3d94 in 2.9s
[2026-09-04T21:50:52.304110+00:00] retry 500 https://sake-suggest.com/sake/0a1ce069-9136-4a96-aa67-306a7c208ed1 in 2.4s
[2026-09-04T21:50:52.787002+00:00] retry 500 https://sake-suggest.com/sake/0a1f131f-1222-44b0-8294-ee797282d788 in 2.1s
[2026-09-04T21:50:52.837636+00:00] retry 500 https://sake-suggest.com/sake/0a2ba93c-0124-4327-904c-574f9a4ae300 in 1.9s
[2026-09-04T21:50:53.897071+00:00] retry 500 https://sake-suggest.com/sake/0a20753c-06c3-4ef1-a120-85f7f04c5970 in 2.1s
[2026-09-04T21:51:02.752568+00:00] retry 500 https://sake-suggest.com/sake/0a2ba93c-0124-4327-904c-574f9a4ae300 in 2.3s
[2026-09-04T21:51:04.216317+00:00] retry 500 https://sake-suggest.com/sake/0a3576a9-2182-4faa-a53f-6fc3fda224c3 in 1.1s
[2026-09-04T21:51:07.075871+00:00] retry 500 https://sake-suggest.com/sake/0a48f098-c8cd-4976-834e-5d6c44862a49 in 1.1s
[2026-09-04T21:51:11.133159+00:00] retry 500 https://sake-suggest.com/sake/0a544f2c-477a-4b1d-96d3-fa6192558642 in 2.0s
[2026-09-04T21:51:11.426623+00:00] retry 500 https://sake-suggest.com/sake/0a4f9307-5f68-4b5e-acfe-172f2df96e6f in 1.9s
[2026-09-04T21:51:11.971631+00:00] retry 500 https://sake-suggest.com/sake/0a557f47-b1c0-4828-87f9-a4ff50406ed2 in 1.5s
[2026-09-04T21:51:13.434848+00:00] retry 500 https://sake-suggest.com/sake/0a3576a9-2182-4faa-a53f-6fc3fda224c3 in 2.4s
[2026-09-04T21:51:16.295091+00:00] retry 500 https://sake-suggest.com/sake/0a48f098-c8cd-4976-834e-5d6c44862a49 in 2.3s
[2026-09-04T21:51:21.233571+00:00] retry 500 https://sake-suggest.com/sake/0a544f2c-477a-4b1d-96d3-fa6192558642 in 2.2s
[2026-09-04T21:51:21.271580+00:00] retry 500 https://sake-suggest.com/sake/0a4f9307-5f68-4b5e-acfe-172f2df96e6f in 2.8s
[2026-09-04T21:51:21.447582+00:00] retry 500 https://sake-suggest.com/sake/0a557f47-b1c0-4828-87f9-a4ff50406ed2 in 3.0s
[2026-09-04T21:51:21.527553+00:00] retry 500 https://sake-suggest.com/sake/0a65041f-db4f-4147-8998-af4b4785613b in 1.2s
[2026-09-04T21:51:30.815739+00:00] retry 500 https://sake-suggest.com/sake/0a65041f-db4f-4147-8998-af4b4785613b in 2.6s
[2026-09-04T21:51:31.847315+00:00] retry 500 https://sake-suggest.com/sake/0a6a128b-4afb-4d54-b09a-999ebc9a531b in 1.4s
[2026-09-04T21:51:34.799216+00:00] retry 500 https://sake-suggest.com/sake/0a88c04d-600c-48ed-8fa7-235b7b3d9825 in 1.2s
[2026-09-04T21:51:39.434665+00:00] retry 500 https://sake-suggest.com/sake/0a8cdd69-211a-42e6-87c8-950c28ea9f44 in 1.2s
[2026-09-04T21:51:40.487213+00:00] retry 500 https://sake-suggest.com/sake/0a9a12d4-c6d5-420d-83d1-542f0a0e8f38 in 1.4s
[2026-09-04T21:51:40.646542+00:00] retry 500 https://sake-suggest.com/sake/0a9edbfb-de5e-43cf-87a2-6981d7fec540 in 1.9s
[2026-09-04T21:51:41.208383+00:00] retry 500 https://sake-suggest.com/sake/0a6a128b-4afb-4d54-b09a-999ebc9a531b in 2.9s
[2026-09-04T21:51:44.212869+00:00] retry 500 https://sake-suggest.com/sake/0a88c04d-600c-48ed-8fa7-235b7b3d9825 in 3.0s
[2026-09-04T21:51:48.458051+00:00] retry 500 https://sake-suggest.com/sake/0a8cdd69-211a-42e6-87c8-950c28ea9f44 in 2.8s
[2026-09-04T21:51:49.737259+00:00] retry 500 https://sake-suggest.com/sake/0aa12446-1d05-49ee-8e2f-4eb31c5860d7 in 1.1s
[2026-09-04T21:51:50.070619+00:00] retry 500 https://sake-suggest.com/sake/0a9a12d4-c6d5-420d-83d1-542f0a0e8f38 in 2.0s
[2026-09-04T21:51:50.605992+00:00] retry 500 https://sake-suggest.com/sake/0a9edbfb-de5e-43cf-87a2-6981d7fec540 in 2.9s
[2026-09-04T21:51:58.714922+00:00] retry 500 https://sake-suggest.com/sake/0aa12446-1d05-49ee-8e2f-4eb31c5860d7 in 2.1s
[2026-09-04T21:52:00.493720+00:00] retry 500 https://sake-suggest.com/sake/0ab250fc-4c33-4198-bc1b-255155de1a6d in 1.8s
[2026-09-04T21:52:03.069327+00:00] retry 500 https://sake-suggest.com/sake/0ab5ec65-b068-4e30-b63e-791914e44249 in 1.4s
[2026-09-04T21:52:07.101211+00:00] retry 500 https://sake-suggest.com/sake/0acf954d-6f1c-4983-a07f-9587801b62fd in 1.5s
[2026-09-04T21:52:08.318897+00:00] retry 500 https://sake-suggest.com/sake/0aea6022-68db-474c-afdb-56e3e2bcca25 in 1.5s
[2026-09-04T21:52:09.541528+00:00] retry 500 https://sake-suggest.com/sake/0af5f650-d754-450c-8899-24b849fbf5e7 in 1.9s
[2026-09-04T21:52:10.350299+00:00] retry 500 https://sake-suggest.com/sake/0ab250fc-4c33-4198-bc1b-255155de1a6d in 2.3s
[2026-09-04T21:52:12.655188+00:00] retry 500 https://sake-suggest.com/sake/0ab5ec65-b068-4e30-b63e-791914e44249 in 2.9s
[2026-09-04T21:52:16.499918+00:00] retry 500 https://sake-suggest.com/sake/0acf954d-6f1c-4983-a07f-9587801b62fd in 2.1s
[2026-09-04T21:52:17.189418+00:00] retry 500 https://sake-suggest.com/sake/0af8ad4b-c3ba-4075-bf8e-4dd6748dcf13 in 1.0s
[2026-09-04T21:52:17.713541+00:00] retry 500 https://sake-suggest.com/sake/0aea6022-68db-474c-afdb-56e3e2bcca25 in 2.1s
[2026-09-04T21:52:19.552526+00:00] retry 500 https://sake-suggest.com/sake/0af5f650-d754-450c-8899-24b849fbf5e7 in 2.4s
[2026-09-04T21:52:26.063415+00:00] retry 500 https://sake-suggest.com/sake/0af8ad4b-c3ba-4075-bf8e-4dd6748dcf13 in 2.4s
[2026-09-04T21:52:28.490155+00:00] retry 500 https://sake-suggest.com/sake/0afa6e23-b6e5-4b7a-8a7d-88eb8d0a3f09 in 2.0s
[2026-09-04T21:52:31.602630+00:00] retry 500 https://sake-suggest.com/sake/0b12c648-2001-4db1-b37f-e76d1b7dd5ad in 1.3s
[2026-09-04T21:52:34.383066+00:00] retry 500 https://sake-suggest.com/sake/0b13e48a-c98f-4565-92de-7b465eb09227 in 1.2s
[2026-09-04T21:52:35.817181+00:00] retry 500 https://sake-suggest.com/sake/0b1c00ce-de12-4866-acc5-638e6251c29b in 1.2s
[2026-09-04T21:52:37.772828+00:00] retry 500 https://sake-suggest.com/sake/0b23fed3-dd60-4bec-a909-ff6a81cc9b21 in 1.1s
[2026-09-04T21:52:38.334289+00:00] retry 500 https://sake-suggest.com/sake/0afa6e23-b6e5-4b7a-8a7d-88eb8d0a3f09 in 2.9s
[2026-09-04T21:52:41.003296+00:00] retry 500 https://sake-suggest.com/sake/0b12c648-2001-4db1-b37f-e76d1b7dd5ad in 2.2s
[2026-09-04T21:52:43.539775+00:00] retry 500 https://sake-suggest.com/sake/0b13e48a-c98f-4565-92de-7b465eb09227 in 2.3s
[2026-09-04T21:52:44.296124+00:00] retry 500 https://sake-suggest.com/sake/0b25f52e-c7ac-4e37-b8ef-3a6cf0b1e643 in 1.4s
[2026-09-04T21:52:45.141395+00:00] retry 500 https://sake-suggest.com/sake/0b1c00ce-de12-4866-acc5-638e6251c29b in 2.7s
[2026-09-04T21:52:47.084802+00:00] retry 500 https://sake-suggest.com/sake/0b23fed3-dd60-4bec-a909-ff6a81cc9b21 in 2.4s
[2026-09-04T21:52:53.549755+00:00] retry 500 https://sake-suggest.com/sake/0b25f52e-c7ac-4e37-b8ef-3a6cf0b1e643 in 2.3s
[2026-09-04T21:52:57.545669+00:00] retry 500 https://sake-suggest.com/sake/0b301f66-cf91-4fe0-94c2-f7b9436a9219 in 1.8s
[2026-09-04T21:52:58.939670+00:00] retry 500 https://sake-suggest.com/sake/0b486777-b74c-444d-a08b-51dd5cfd40f2 in 1.9s
[2026-09-04T21:53:02.034050+00:00] retry 500 https://sake-suggest.com/sake/0b566676-15eb-42ed-a2c9-58e6c1d8194c in 1.1s
[2026-09-04T21:53:03.881761+00:00] retry 500 https://sake-suggest.com/sake/0b5afe77-f87b-4906-863d-381abcbf6f14 in 1.0s
[2026-09-04T21:53:05.632433+00:00] retry 500 https://sake-suggest.com/sake/0b64873e-5c08-4595-a767-45f67160d343 in 1.3s
[2026-09-04T21:53:07.416866+00:00] retry 500 https://sake-suggest.com/sake/0b301f66-cf91-4fe0-94c2-f7b9436a9219 in 2.7s
[2026-09-04T21:53:08.748777+00:00] retry 500 https://sake-suggest.com/sake/0b486777-b74c-444d-a08b-51dd5cfd40f2 in 2.7s
[2026-09-04T21:53:11.010523+00:00] retry 500 https://sake-suggest.com/sake/0b566676-15eb-42ed-a2c9-58e6c1d8194c in 2.8s
