酒蔵,ブランド,シリーズ,ブランド優先度,ブランド位置づけ,商品名,分類,甘辛目安,甘辛判定根拠,日本酒度,精米歩合,アルコール度数,おすすめの飲み方,飲み方情報,飲み方出典URL,使用米,容量,参考価格,流通区分,備考,出典URL,出典数,酒蔵の歴史,銘柄の歴史,おすすめの飲み方（文章）
賀茂鶴酒造,賀茂鶴,,C,,樽酒,普通酒・上撰,不明,公開情報で判定材料不足,,,,冷酒 / ぬる燗 / 燗酒,出典記載,https://shop.kamotsuru.jp/SHOP/taruzake1800.html,,"720ml / 1,800ml","1,760～3,410円",一般流通,,https://shop.kamotsuru.jp/SHOP/taruzake1800.html,1,1873（明治6）年、木村和平が西条で木村酒造を創業し、同年「賀茂鶴」を命名。1898年には日本で最初の動力精米機を導入し、1918年に賀茂鶴酒造株式会社を設立した。精米・吟醸技術と全国展開を通じ、西条の近代酒造を牽引してきた。,【ブランド史】1873（明治6）年9月9日に命名。「賀茂」は地名と「醸す」に通じ、「鶴」は気高い瑞鳥を表し、品質日本一を目指す志を込めた。創業時から続く蔵の中核銘柄である。 【商品史】杉樽由来の香りを生かす樽酒として継続販売され、全国燗酒コンテスト特殊ぬる燗部門で2020年金賞、2023年最高金賞を受賞。祝い酒だけでなく燗酒としても評価を積み重ねている。,冷酒では輪郭をすっきりと、40℃前後のぬる燗から燗酒では日常酒らしいキレと旨味を引き出す飲み方がおすすめ。食事に合わせるなら冷酒と燗の両方を試し、好みの温度帯を探すとよい。
賀茂鶴酒造,賀茂鶴,,C,,生貯蔵酒 冷温「蔵生」囲い,普通酒・上撰,不明,公開情報で判定材料不足,,,,冷酒 / 燗酒,出典記載,https://shop.kamotsuru.jp/SHOP/kuranama1800.html,,"300ml / 720ml / 1,800ml","473～2,640円",一般流通,,https://shop.kamotsuru.jp/SHOP/kuranama1800.html,1,1873（明治6）年、木村和平が西条で木村酒造を創業し、同年「賀茂鶴」を命名。1898年には日本で最初の動力精米機を導入し、1918年に賀茂鶴酒造株式会社を設立した。精米・吟醸技術と全国展開を通じ、西条の近代酒造を牽引してきた。,【ブランド史】1873（明治6）年9月9日に命名。「賀茂」は地名と「醸す」に通じ、「鶴」は気高い瑞鳥を表し、品質日本一を目指す志を込めた。創業時から続く蔵の中核銘柄である。 【商品史】冷やして楽しむ生貯蔵酒として展開され、2020年「ワイングラスでおいしい日本酒アワード」メイン部門で金賞を受賞。生貯蔵酒のフレッシュさを前面に出す現行商品である。,冷酒では輪郭をすっきりと、40℃前後のぬる燗から燗酒ではフレッシュさを活かす飲み方がおすすめ。食事に合わせるなら冷酒と燗の両方を試し、好みの温度帯を探すとよい。
賀茂鶴酒造,賀茂鶴,,C,,白壁の郷,普通酒・上撰,不明,公開情報で判定材料不足,,,,冷酒 / 熱燗 / 燗酒,出典記載,https://shop.kamotsuru.jp/SHOP/sirakabe1800.html,,"720ml / 1,800ml","1,133～2,475円",一般流通,,https://shop.kamotsuru.jp/SHOP/sirakabe1800.html,1,1873（明治6）年、木村和平が西条で木村酒造を創業し、同年「賀茂鶴」を命名。1898年には日本で最初の動力精米機を導入し、1918年に賀茂鶴酒造株式会社を設立した。精米・吟醸技術と全国展開を通じ、西条の近代酒造を牽引してきた。,【ブランド史】1873（明治6）年9月9日に命名。「賀茂」は地名と「醸す」に通じ、「鶴」は気高い瑞鳥を表し、品質日本一を目指す志を込めた。創業時から続く蔵の中核銘柄である。 【商品史】もち米を加える仕込みで独自の味わいを作っている。2026-09-06時点で公式商品ページに現行品として掲載され、普通酒・上撰の設計で展開されている。,冷酒では輪郭をすっきりと、40℃前後のぬる燗から燗酒では日常酒らしいキレと旨味を引き出す飲み方がおすすめ。食事に合わせるなら冷酒と燗の両方を試し、好みの温度帯を探すとよい。
賀茂鶴酒造,賀茂鶴,,B,公式直営ECで現行販売するプレミアム・スパークリングの主要ライン,賀茂鶴 光壽,その他,不明,公開情報で判定材料不足,,28%,,要確認,公開情報で要確認,,,750ml,"14,300円",一般流通,公式直営ECで販売中を確認。SKU層から商品層へ補完。,https://shop.kamotsuru.jp/SHOP/kouju750.html,1,1873（明治6）年、木村和平が西条で木村酒造を創業し、同年「賀茂鶴」を命名。1898年には日本で最初の動力精米機を導入し、1918年に賀茂鶴酒造株式会社を設立した。精米・吟醸技術と全国展開を通じ、西条の近代酒造を牽引してきた。,【ブランド史】1873（明治6）年9月9日に命名。「賀茂」は地名と「醸す」に通じ、「鶴」は気高い瑞鳥を表し、品質日本一を目指す志を込めた。創業時から続く蔵の中核銘柄である。 【商品史】瓶内二次発酵を採用している。2026-09-06時点で公式商品ページに現行品として掲載され、精米歩合 28%の設計で展開されている。,冷酒では輪郭をすっきりと、40℃前後のぬる燗から燗酒では香味のまとまりを引き出す飲み方がおすすめ。食事に合わせるなら冷酒と燗の両方を試し、好みの温度帯を探すとよい。
賀茂鶴酒造,賀茂鶴,,C,,吟醸辛口,吟醸,辛口,商品名に辛口表記,,,,冷酒 / 燗酒,出典記載,https://shop.kamotsuru.jp/SHOP/LG-A1.html,,"300ml / 720ml / 1,800ml","638～3,993円",一般流通,,https://shop.kamotsuru.jp/SHOP/LG-A1.html,2,1873（明治6）年、木村和平が西条で木村酒造を創業し、同年「賀茂鶴」を命名。1898年には日本で最初の動力精米機を導入し、1918年に賀茂鶴酒造株式会社を設立した。精米・吟醸技術と全国展開を通じ、西条の近代酒造を牽引してきた。,【ブランド史】1873（明治6）年9月9日に命名。「賀茂」は地名と「醸す」に通じ、「鶴」は気高い瑞鳥を表し、品質日本一を目指す志を込めた。創業時から続く蔵の中核銘柄である。 【商品史】杜氏に受け継がれた伝承技術を商品コンセプトに据えている。2026-09-06時点で公式商品ページに現行品として掲載され、吟醸の設計で展開されている。,10〜15℃程度の冷酒を起点に、吟醸香と軽快な旨味のバランスを活かすのがおすすめ。
賀茂鶴酒造,賀茂鶴,,B,公式直営ECで現行販売する高級大吟醸,大吟醸 吉祥 賀茂鶴,大吟醸,不明,公開情報で判定材料不足,,,,要確認,公開情報で要確認,,,720ml,"13,200円",一般流通,公式直営ECで販売中を確認。SKU層から商品層へ補完。,https://shop.kamotsuru.jp/SHOP/kissho720.html,1,1873（明治6）年、木村和平が西条で木村酒造を創業し、同年「賀茂鶴」を命名。1898年には日本で最初の動力精米機を導入し、1918年に賀茂鶴酒造株式会社を設立した。精米・吟醸技術と全国展開を通じ、西条の近代酒造を牽引してきた。,【ブランド史】1873（明治6）年9月9日に命名。「賀茂」は地名と「醸す」に通じ、「鶴」は気高い瑞鳥を表し、品質日本一を目指す志を込めた。創業時から続く蔵の中核銘柄である。 【商品史】圧力をかけず自然に滴る雫酒を商品化している。2026-09-06時点で公式商品ページに現行品として掲載され、大吟醸の設計で展開されている。,10〜15℃程度の冷酒を起点に、繊細な香りと上品な旨味を活かすのがおすすめ。
賀茂鶴酒造,賀茂鶴,,B,公式直営ECで現行販売するプレミアム大吟醸,大吟醸 吟凛雅,大吟醸,不明,公開情報で判定材料不足,,,,要確認,公開情報で要確認,,,900ml,"33,000円",一般流通,公式直営ECで販売中を確認。SKU層から商品層へ補完。,https://shop.kamotsuru.jp/SHOP/ginringa900.html,1,1873（明治6）年、木村和平が西条で木村酒造を創業し、同年「賀茂鶴」を命名。1898年には日本で最初の動力精米機を導入し、1918年に賀茂鶴酒造株式会社を設立した。精米・吟醸技術と全国展開を通じ、西条の近代酒造を牽引してきた。,【ブランド史】1873（明治6）年9月9日に命名。「賀茂」は地名と「醸す」に通じ、「鶴」は気高い瑞鳥を表し、品質日本一を目指す志を込めた。創業時から続く蔵の中核銘柄である。 【商品史】圧力をかけず自然に滴る雫酒を商品化している。2026-09-06時点で公式商品ページに現行品として掲載され、大吟醸の設計で展開されている。,公開情報で明確な推奨温度を確認できないため酒質からの目安。10〜15℃程度の冷酒を起点に、繊細な香りと上品な旨味を活かす飲み方がおすすめ。少量ずつ温度を変え、香り・甘味・酸味・キレのバランスが最も整うところを探すとよい。
賀茂鶴酒造,賀茂鶴,,B,公式直営ECで現行販売する高級大吟醸,大吟醸 天凜,大吟醸,不明,公開情報で判定材料不足,,,,要確認,公開情報で要確認,,,720ml,"18,150円",一般流通,公式直営ECで販売中を確認。SKU層から商品層へ補完。,https://shop.kamotsuru.jp/SHOP/tenrin720.html,1,1873（明治6）年、木村和平が西条で木村酒造を創業し、同年「賀茂鶴」を命名。1898年には日本で最初の動力精米機を導入し、1918年に賀茂鶴酒造株式会社を設立した。精米・吟醸技術と全国展開を通じ、西条の近代酒造を牽引してきた。,【ブランド史】1873（明治6）年9月9日に命名。「賀茂」は地名と「醸す」に通じ、「鶴」は気高い瑞鳥を表し、品質日本一を目指す志を込めた。創業時から続く蔵の中核銘柄である。 【商品史】圧力をかけず自然に滴る雫酒を商品化している。2026-09-06時点で公式商品ページに現行品として掲載され、大吟醸の設計で展開されている。,10〜15℃程度の冷酒を起点に、繊細な香りと上品な旨味を活かすのがおすすめ。
賀茂鶴酒造,賀茂鶴,,A,公式直近1年販売本数ベース晩酌1位・賀茂鶴を代表する銘柄,大吟醸 特製ゴールド賀茂鶴,大吟醸,不明,公開情報で判定材料不足,,,,冷酒 / 燗酒,出典記載,https://shop.kamotsuru.jp/SHOP/GK-A2.html,,"180ml / 300ml / 720ml / 1,800ml","702～6,050円",一般流通,,https://shop.kamotsuru.jp/SHOP/GK-A2.html,6,1873（明治6）年、木村和平が西条で木村酒造を創業し、同年「賀茂鶴」を命名。1898年には日本で最初の動力精米機を導入し、1918年に賀茂鶴酒造株式会社を設立した。精米・吟醸技術と全国展開を通じ、西条の近代酒造を牽引してきた。,【ブランド史】1873（明治6）年9月9日に命名。「賀茂」は地名と「醸す」に通じ、「鶴」は気高い瑞鳥を表し、品質日本一を目指す志を込めた。創業時から続く蔵の中核銘柄である。 【商品史】1958年に大吟醸酒の先駆けとして発売。1974年の昭和天皇ご夫妻の金婚式を機に桜の花びら型金箔が考案され、1997年から市販品にも採用された。2014年の日米首脳会食でも供され、長く続く代表商品となっている。,10〜15℃程度の冷酒を起点に、繊細な香りと上品な旨味を活かすのがおすすめ。
賀茂鶴酒造,賀茂鶴,,B,代表高級酒・公式ブランドカテゴリ,大吟醸 賀茂鶴 双鶴,大吟醸,不明,公開情報で判定材料不足,,32％,,冷酒 / 燗酒,出典記載,https://shop.kamotsuru.jp/SHOP/SK-A1.html,,"180ml / 720ml / 1,800ml","1,500～13,200円",一般流通,,https://shop.kamotsuru.jp/SHOP/SK-A1.html,3,1873（明治6）年、木村和平が西条で木村酒造を創業し、同年「賀茂鶴」を命名。1898年には日本で最初の動力精米機を導入し、1918年に賀茂鶴酒造株式会社を設立した。精米・吟醸技術と全国展開を通じ、西条の近代酒造を牽引してきた。,【ブランド史】1873（明治6）年9月9日に命名。「賀茂」は地名と「醸す」に通じ、「鶴」は気高い瑞鳥を表し、品質日本一を目指す志を込めた。創業時から続く蔵の中核銘柄である。 【商品史】2016年のG7広島外相会合ワーキングディナーで乾杯酒として供された大吟醸。現在も賀茂鶴の高級酒ラインを構成する商品として継続している。,10〜15℃程度の冷酒を起点に、繊細な香りと上品な旨味を活かすのがおすすめ。
賀茂鶴酒造,賀茂鶴,,C,,上撰パック,普通酒・上撰,不明,公開情報で判定材料不足,,,,冷酒 / ぬる燗 / 熱燗 / 燗酒,出典記載,https://shop.kamotsuru.jp/SHOP/jousenpack1800.html,,"900ml / 1,800ml","1,098～2,198円",一般流通,,https://shop.kamotsuru.jp/SHOP/jousenpack1800.html,1,1873（明治6）年、木村和平が西条で木村酒造を創業し、同年「賀茂鶴」を命名。1898年には日本で最初の動力精米機を導入し、1918年に賀茂鶴酒造株式会社を設立した。精米・吟醸技術と全国展開を通じ、西条の近代酒造を牽引してきた。,【ブランド史】1873（明治6）年9月9日に命名。「賀茂」は地名と「醸す」に通じ、「鶴」は気高い瑞鳥を表し、品質日本一を目指す志を込めた。創業時から続く蔵の中核銘柄である。 【商品史】賀茂鶴の定番上撰を紙パック商品として展開した日常酒。2021年の全国燗酒コンテスト「お値打ちぬる燗部門」で金賞を受賞し、容器の利便性と燗酒適性の両方を持つ定番として継続している。,冷酒では輪郭をすっきりと、40℃前後のぬる燗から燗酒では日常酒らしいキレと旨味を引き出す飲み方がおすすめ。食事に合わせるなら冷酒と燗の両方を試し、好みの温度帯を探すとよい。
賀茂鶴酒造,賀茂鶴,,C,,金紋,普通酒・上撰,不明,公開情報で判定材料不足,,,,冷酒 / 燗酒,出典記載,https://shop.kamotsuru.jp/SHOP/kinmon1800.html,,"1,800ml","2,420円",一般流通,,https://shop.kamotsuru.jp/SHOP/kinmon1800.html,1,1873（明治6）年、木村和平が西条で木村酒造を創業し、同年「賀茂鶴」を命名。1898年には日本で最初の動力精米機を導入し、1918年に賀茂鶴酒造株式会社を設立した。精米・吟醸技術と全国展開を通じ、西条の近代酒造を牽引してきた。,【ブランド史】1873（明治6）年9月9日に命名。「賀茂」は地名と「醸す」に通じ、「鶴」は気高い瑞鳥を表し、品質日本一を目指す志を込めた。創業時から続く蔵の中核銘柄である。 【商品史】賀茂鶴の伝統的な酒造りを日常酒として伝える芳醇旨口の定番。公式直営店では冷酒・燗の両方に適する食中酒として継続販売され、上撰パックや樽酒とは別の瓶詰定番を担っている。,冷酒では輪郭をすっきりと、40℃前後のぬる燗から燗酒では日常酒らしいキレと旨味を引き出す飲み方がおすすめ。食事に合わせるなら冷酒と燗の両方を試し、好みの温度帯を探すとよい。
賀茂鶴酒造,賀茂鶴,,A,公式晩酌おすすめ4位・料飲店人気の食中酒,本醸造 からくち,本醸造,不明,公開情報で判定材料不足,,,,冷酒 / 燗酒,出典記載,https://shop.kamotsuru.jp/SHOP/honkara1800.html,,"180ml / 300ml / 720ml / 1,800ml","319～2,310円",一般流通,,https://shop.kamotsuru.jp/SHOP/honkara1800.html,2,1873（明治6）年、木村和平が西条で木村酒造を創業し、同年「賀茂鶴」を命名。1898年には日本で最初の動力精米機を導入し、1918年に賀茂鶴酒造株式会社を設立した。精米・吟醸技術と全国展開を通じ、西条の近代酒造を牽引してきた。,【ブランド史】1873（明治6）年9月9日に命名。「賀茂」は地名と「醸す」に通じ、「鶴」は気高い瑞鳥を表し、品質日本一を目指す志を込めた。創業時から続く蔵の中核銘柄である。 【商品史】賀茂鶴の本格辛口本醸造として継続販売され、2013年の全国燗酒コンテストで最高金賞を受賞。冷酒だけでなく燗でも評価されてきた定番商品である。,冷酒では輪郭をすっきりと、40℃前後のぬる燗から燗酒では日常酒らしいキレと旨味を引き出す飲み方がおすすめ。食事に合わせるなら冷酒と燗の両方を試し、好みの温度帯を探すとよい。
賀茂鶴酒造,賀茂鶴,,C,,本醸造 上等酒,本醸造,不明,公開情報で判定材料不足,,,,冷酒 / ぬる燗 / 熱燗 / 燗酒,出典記載,https://shop.kamotsuru.jp/SHOP/joutou1800.html,,"180ml / 300ml / 720ml / 1,800ml","330～2,618円",一般流通,,https://shop.kamotsuru.jp/SHOP/joutou1800.html,2,1873（明治6）年、木村和平が西条で木村酒造を創業し、同年「賀茂鶴」を命名。1898年には日本で最初の動力精米機を導入し、1918年に賀茂鶴酒造株式会社を設立した。精米・吟醸技術と全国展開を通じ、西条の近代酒造を牽引してきた。,【ブランド史】1873（明治6）年9月9日に命名。「賀茂」は地名と「醸す」に通じ、「鶴」は気高い瑞鳥を表し、品質日本一を目指す志を込めた。創業時から続く蔵の中核銘柄である。 【商品史】蔵の代表商品として位置づけられる。2026-09-06時点で公式商品ページに現行品として掲載され、本醸造の設計で展開されている。,冷酒では輪郭をすっきりと、40℃前後のぬる燗から燗酒では日常酒らしいキレと旨味を引き出す飲み方がおすすめ。食事に合わせるなら冷酒と燗の両方を試し、好みの温度帯を探すとよい。
賀茂鶴酒造,賀茂鶴,,A,公式晩酌おすすめ5位・長年の定番,特別本醸造 超特撰特等酒,特別本醸造,不明,公開情報で判定材料不足,,,,冷酒 / ぬる燗 / 燗酒,出典記載,https://shop.kamotsuru.jp/SHOP/tokutou1800.html,,"300ml / 720ml / 1,800ml","704～3,630円",一般流通,,https://shop.kamotsuru.jp/SHOP/tokutou1800.html,2,1873（明治6）年、木村和平が西条で木村酒造を創業し、同年「賀茂鶴」を命名。1898年には日本で最初の動力精米機を導入し、1918年に賀茂鶴酒造株式会社を設立した。精米・吟醸技術と全国展開を通じ、西条の近代酒造を牽引してきた。,【ブランド史】1873（明治6）年9月9日に命名。「賀茂」は地名と「醸す」に通じ、「鶴」は気高い瑞鳥を表し、品質日本一を目指す志を込めた。創業時から続く蔵の中核銘柄である。 【商品史】賀茂鶴本流の特別本醸造として長く展開され、2011年の燗酒コンテストで最高位の大賞を受賞。全国の老舗飲食店でも扱われてきた食中酒ラインの一つである。,冷酒では輪郭をすっきりと、40℃前後のぬる燗から燗酒では日常酒らしいキレと旨味を引き出す飲み方がおすすめ。食事に合わせるなら冷酒と燗の両方を試し、好みの温度帯を探すとよい。
賀茂鶴酒造,酒中在心,,C,,酒中在心 藍 特別純米酒 生もと 雄町,特別純米,不明,公開情報で判定材料不足,,60％,16度以上17度未満,冷酒 / 常温 / ぬる燗 / 燗酒,出典記載,https://shop.kamotsuru.jp/SHOP/shutyuzaishin-ai_1800.html,雄町,"720ml / 1,800ml","2,178～3,608円",限定流通,,https://shop.kamotsuru.jp/SHOP/shutyuzaishin-ai_1800.html,1,1873（明治6）年、木村和平が西条で木村酒造を創業し、同年「賀茂鶴」を命名。1898年には日本で最初の動力精米機を導入し、1918年に賀茂鶴酒造株式会社を設立した。精米・吟醸技術と全国展開を通じ、西条の近代酒造を牽引してきた。,【ブランド史】賀茂鶴で長年受け継がれてきた「酒の中に心あり」という言葉をコンセプトに、創業150周年期に展開されたシリーズ。鶯・橙・藍・茜の4種で、米や製法の個性と造り手の思いを表現している。 【商品史】蔵元限定で展開される。2026-09-06時点で公式商品ページに現行品として掲載され、特別純米、使用米 雄町、精米歩合 60％の設計で展開されている。,蔵元が常温を一押しとしているため、まず冷やし過ぎず常温で旨味とキレを味わうのがおすすめ。軽く冷やすと輪郭が締まり、40℃前後のぬる燗では生酛らしい旨味がやわらかく広がる。
賀茂鶴酒造,賀茂鶴,,C,,純米酒,純米,不明,公開情報で判定材料不足,,,,冷酒 / 冷やして / 燗酒,出典記載,https://shop.kamotsuru.jp/SHOP/junmai1800.html,のもつ旨味と純米特有の酸味とがほどよくマッチした爽やかな辛口純米酒,"180ml / 300ml / 720ml / 1,800ml","308～2,662円",一般流通,,https://shop.kamotsuru.jp/SHOP/junmai1800.html,2,1873（明治6）年、木村和平が西条で木村酒造を創業し、同年「賀茂鶴」を命名。1898年には日本で最初の動力精米機を導入し、1918年に賀茂鶴酒造株式会社を設立した。精米・吟醸技術と全国展開を通じ、西条の近代酒造を牽引してきた。,【ブランド史】1873（明治6）年9月9日に命名。「賀茂」は地名と「醸す」に通じ、「鶴」は気高い瑞鳥を表し、品質日本一を目指す志を込めた。創業時から続く蔵の中核銘柄である。 【商品史】料理に寄り添う爽快辛口の純米酒として長く定番ラインを担い、2025年「ワイングラスでおいしい日本酒アワード」メイン部門で金賞を受賞。冷酒・燗を問わない食中酒として現在も展開されている。,冷酒では輪郭をすっきりと、40℃前後のぬる燗から燗酒では米の旨味と酸のふくらみを引き出す飲み方がおすすめ。食事に合わせるなら冷酒と燗の両方を試し、好みの温度帯を探すとよい。
賀茂鶴酒造,酒中在心,,C,,酒中在心 茜 純米酒 広島錦,純米,不明,公開情報で判定材料不足,,65％,15度以上16度未満,冷酒 / 常温 / ぬる燗 / 燗酒,出典記載,https://shop.kamotsuru.jp/SHOP/shutyuzaishin-akane_1800.html,広島錦100%,"720ml / 1,800ml","1,815～3,190円",限定流通,,https://shop.kamotsuru.jp/SHOP/shutyuzaishin-akane_1800.html,1,1873（明治6）年、木村和平が西条で木村酒造を創業し、同年「賀茂鶴」を命名。1898年には日本で最初の動力精米機を導入し、1918年に賀茂鶴酒造株式会社を設立した。精米・吟醸技術と全国展開を通じ、西条の近代酒造を牽引してきた。,【ブランド史】賀茂鶴で長年受け継がれてきた「酒の中に心あり」という言葉をコンセプトに、創業150周年期に展開されたシリーズ。鶯・橙・藍・茜の4種で、米や製法の個性と造り手の思いを表現している。 【商品史】蔵元限定で展開される。2026-09-06時点で公式商品ページに現行品として掲載され、純米、使用米 広島錦100%、精米歩合 65％の設計で展開されている。,燗で持ち味が出る純米酒。40℃前後のぬる燗から試し、よりキレを出したいときは45〜50℃程度まで温めるのがおすすめ。食中酒として、温度を上げながら味の締まり方を比べるとよい。
賀茂鶴酒造,賀茂鶴,,C,,純米吟醸,純米吟醸,不明,公開情報で判定材料不足,,,,冷酒 / ぬる燗 / 燗酒,出典記載,https://shop.kamotsuru.jp/SHOP/GP-A1.html,,"300ml / 720ml / 1,800ml","638～3,993円",限定流通,,https://shop.kamotsuru.jp/SHOP/GP-A1.html,1,1873（明治6）年、木村和平が西条で木村酒造を創業し、同年「賀茂鶴」を命名。1898年には日本で最初の動力精米機を導入し、1918年に賀茂鶴酒造株式会社を設立した。精米・吟醸技術と全国展開を通じ、西条の近代酒造を牽引してきた。,【ブランド史】1873（明治6）年9月9日に命名。「賀茂」は地名と「醸す」に通じ、「鶴」は気高い瑞鳥を表し、品質日本一を目指す志を込めた。創業時から続く蔵の中核銘柄である。 【商品史】限定商品として展開される。2026-09-06時点で公式商品ページに現行品として掲載され、純米吟醸の設計で展開されている。,10〜15℃程度の冷酒を起点に、吟醸香と軽快な旨味のバランスを活かすのがおすすめ。
賀茂鶴酒造,賀茂鶴,,A,公式晩酌おすすめ2位・アジア圏で人気,純米吟醸 一滴入魂,純米吟醸,不明,公開情報で判定材料不足,,,,要確認,公開情報で要確認,,,"300ml / 720ml / 1,800ml","583～3,630円",一般流通,公式直営ECで販売中を確認。SKU層から商品層へ補完。,https://shop.kamotsuru.jp/SHOP/itteki720.html,3,1873（明治6）年、木村和平が西条で木村酒造を創業し、同年「賀茂鶴」を命名。1898年には日本で最初の動力精米機を導入し、1918年に賀茂鶴酒造株式会社を設立した。精米・吟醸技術と全国展開を通じ、西条の近代酒造を牽引してきた。,【ブランド史】1873（明治6）年9月9日に命名。「賀茂」は地名と「醸す」に通じ、「鶴」は気高い瑞鳥を表し、品質日本一を目指す志を込めた。創業時から続く蔵の中核銘柄である。 【商品史】2014年・2018年の「ワイングラスでおいしい日本酒アワード」金賞、2016年の全国燗酒コンテスト最高金賞などを受賞。2020年度にはANA国際線ビジネスクラスにも採用され、冷酒・燗双方で評価を重ねてきた。,10〜15℃程度の冷酒を起点に、吟醸香と軽快な旨味のバランスを活かすのがおすすめ。
賀茂鶴酒造,酒中在心,,A,公式晩酌おすすめ3位・販路限定の主要シリーズ,酒中在心 橙 純米吟醸 生もと 八反35号,純米吟醸,不明,公開情報で判定材料不足,,60％,16度以上17度未満,冷酒 / 常温 / ぬる燗 / 燗酒,出典記載,https://shop.kamotsuru.jp/SHOP/shutyuzaishin-daidai_1800.html,八反35号,"720ml / 1,800ml","2,178～3,608円",限定流通,,https://shop.kamotsuru.jp/SHOP/shutyuzaishin-daidai_1800.html,1,1873（明治6）年、木村和平が西条で木村酒造を創業し、同年「賀茂鶴」を命名。1898年には日本で最初の動力精米機を導入し、1918年に賀茂鶴酒造株式会社を設立した。精米・吟醸技術と全国展開を通じ、西条の近代酒造を牽引してきた。,【ブランド史】賀茂鶴で長年受け継がれてきた「酒の中に心あり」という言葉をコンセプトに、創業150周年期に展開されたシリーズ。鶯・橙・藍・茜の4種で、米や製法の個性と造り手の思いを表現している。 【商品史】蔵元限定で展開される。2026-09-06時点で公式商品ページに現行品として掲載され、純米吟醸、使用米 八反35号、精米歩合 60％の設計で展開されている。,冷酒から常温、ぬる燗まで温度による変化を楽しめる。まず10〜15℃程度で酸と旨味のバランスを見て、食中は常温、米の旨味をより出したいときは40℃前後のぬる燗がおすすめ。
賀茂鶴酒造,賀茂鶴,,B,公式ブランドカテゴリの主要純米大吟醸,純米大吟醸 大吟峰,純米大吟醸,不明,公開情報で判定材料不足,,50％,15度以上16度未満,冷酒 / 燗酒,出典記載,https://shop.kamotsuru.jp/SHOP/originalbottle_DK-B1.html,山田錦100%,"720ml / 1,800ml","4,950～9,900円",一般流通,,https://shop.kamotsuru.jp/SHOP/originalbottle_DK-B1.html,3,1873（明治6）年、木村和平が西条で木村酒造を創業し、同年「賀茂鶴」を命名。1898年には日本で最初の動力精米機を導入し、1918年に賀茂鶴酒造株式会社を設立した。精米・吟醸技術と全国展開を通じ、西条の近代酒造を牽引してきた。,【ブランド史】1873（明治6）年9月9日に命名。「賀茂」は地名と「醸す」に通じ、「鶴」は気高い瑞鳥を表し、品質日本一を目指す志を込めた。創業時から続く蔵の中核銘柄である。 【商品史】2026-09-06時点で公式商品ページに現行品として掲載され、純米大吟醸、使用米 山田錦100%、精米歩合 50％の設計で展開されている。,10〜15℃程度の冷酒を起点に、繊細な香りと上品な旨味を活かすのがおすすめ。
賀茂鶴酒造,賀茂鶴,,C,,純米大吟醸 広島錦,純米大吟醸,不明,公開情報で判定材料不足,,,,冷酒 / 燗酒,出典記載,https://shop.kamotsuru.jp/SHOP/HK-180.html,,180ml / 720ml,"1,500～6,600円",一般流通,,https://shop.kamotsuru.jp/SHOP/HK-180.html,2,1873（明治6）年、木村和平が西条で木村酒造を創業し、同年「賀茂鶴」を命名。1898年には日本で最初の動力精米機を導入し、1918年に賀茂鶴酒造株式会社を設立した。精米・吟醸技術と全国展開を通じ、西条の近代酒造を牽引してきた。,【ブランド史】1873（明治6）年9月9日に命名。「賀茂」は地名と「醸す」に通じ、「鶴」は気高い瑞鳥を表し、品質日本一を目指す志を込めた。創業時から続く蔵の中核銘柄である。 【商品史】希少な酒米「広島錦」と賀茂鶴発祥の協会5号酵母を組み合わせた商品。2019年Kura Master日本酒コンクール純米大吟醸部門で金賞を受賞した。,10〜15℃程度の冷酒を起点に、繊細な香りと上品な旨味を活かすのがおすすめ。
賀茂鶴酒造,賀茂鶴,,B,公式直営ECで現行販売する高級純米大吟醸,純米大吟醸 瑞兆賀茂鶴,純米大吟醸,不明,公開情報で判定材料不足,,,,要確認,公開情報で要確認,,,720ml,"13,200円",一般流通,公式直営ECで販売中を確認。SKU層から商品層へ補完。,https://shop.kamotsuru.jp/SHOP/zuicho720.html,1,1873（明治6）年、木村和平が西条で木村酒造を創業し、同年「賀茂鶴」を命名。1898年には日本で最初の動力精米機を導入し、1918年に賀茂鶴酒造株式会社を設立した。精米・吟醸技術と全国展開を通じ、西条の近代酒造を牽引してきた。,【ブランド史】1873（明治6）年9月9日に命名。「賀茂」は地名と「醸す」に通じ、「鶴」は気高い瑞鳥を表し、品質日本一を目指す志を込めた。創業時から続く蔵の中核銘柄である。 【商品史】現代の名工・黄綬褒章受章者の幸田邦昭名誉杜氏の技を商品化し、2010年4月12日に販売を開始。当初は限定1000本として案内された純米大吟醸である。,10〜15℃程度の冷酒を起点に、繊細な香りと上品な旨味を活かすのがおすすめ。常温も適温に含まれるため、グラスの中で少し温度を上げて香りと旨味の変化を比べるとよい。
賀茂鶴酒造,酒中在心,,B,酒中在心シリーズの現行純米大吟醸,酒中在心 鶯 純米大吟醸 山田錦,純米大吟醸,不明,公開情報で判定材料不足,,,,要確認,公開情報で要確認,,,720ml,"5,478円",限定流通,公式直営ECで販売中を確認。SKU層から商品層へ補完。,https://shop.kamotsuru.jp/SHOP/shutyuzaishin-uguisu_720.html,1,1873（明治6）年、木村和平が西条で木村酒造を創業し、同年「賀茂鶴」を命名。1898年には日本で最初の動力精米機を導入し、1918年に賀茂鶴酒造株式会社を設立した。精米・吟醸技術と全国展開を通じ、西条の近代酒造を牽引してきた。,【ブランド史】賀茂鶴で長年受け継がれてきた「酒の中に心あり」という言葉をコンセプトに、創業150周年期に展開されたシリーズ。鶯・橙・藍・茜の4種で、米や製法の個性と造り手の思いを表現している。 【商品史】蔵元限定で展開される。2026-09-06時点で公式商品ページに現行品として掲載され、純米大吟醸の設計で展開されている。,10〜15℃程度の冷酒で、華やかな香りと米のふくらみをまず楽しむのがおすすめ。常温に近づくにつれて旨味が広がるため、冷酒から少しずつ温度を上げながら飲むと変化が分かりやすい。
白牡丹酒造,白牡丹,,B,ワイングラスでおいしい日本酒アワード2026最高金賞,Paeon(ピオン),特別純米,やや甘口,日本酒度からの目安,-1.5,60%,16度,常温 / 冷酒,公式商品ページ,https://www.hakubotan.co.jp/products/%e3%80%90%e6%97%a5%e6%9c%ac%e9%85%92-%e7%99%bd%e7%89%a1%e4%b8%b9%e3%80%91paeon%e3%83%94%e3%82%aa%e3%83%b3%e3%80%90%e6%96%b0%e3%80%91/,千本錦,500ml,"1,815円",一般流通,,https://www.hakubotan.co.jp/products/%E3%80%90%E6%97%A5%E6%9C%AC%E9%85%92-%E7%99%BD%E7%89%A1%E4%B8%B9%E3%80%91paeon%E3%83%94%E3%82%AA%E3%83%B3%E3%80%90%E6%96%B0%E3%80%91/,1,1675（延宝3）年、島六郎兵衛晴正が「嘉登屋」の屋号で酒造りを開始。1839年に鷹司政通公から「白牡丹」の酒名を賜り、1939年に白牡丹酒造株式会社を設立した。2024年には延宝蔵を含む西条酒造群が国史跡となり、2025年に創業350年を迎えた。,【ブランド史】1839（天保10）年、献上酒を評価した関白・鷹司政通公から、鷹司家の家紋「牡丹」にちなむ「白牡丹」の酒名を賜った。以来、蔵を代表する酒銘として受け継がれている。 【商品史】しぼりたてのフレッシュさを食卓へ届ける新しい白牡丹のシリーズとして開発された商品。千本錦と広島令和一号酵母を使い、2026年「ワイングラスでおいしい日本酒アワード」プレミアム純米部門で最高金賞を受賞した。,10〜15℃程度に冷やして、米の旨味と酸のふくらみを引き出すのがおすすめ。冷やし過ぎると香りや旨味が閉じやすいため、少しずつ温度が上がる変化も楽しむとよい。
白牡丹酒造,白牡丹,,C,,さらりとうまくち,その他,中口,日本酒度からの目安,0,70％,,冷やして / 常温 / ぬる燗 / 熱燗,出典記載,https://www.hakubotan.co.jp/products/%e3%80%90%e6%97%a5%e6%9c%ac%e9%85%92-%e7%99%bd%e7%89%a1%e4%b8%b9%e3%80%91%e3%81%95%e3%82%89%e3%82%8a%e3%81%a8%e3%81%86%e3%81%be%e3%81%8f%e3%81%a1-720ml%e3%83%91%e3%83%83%e3%82%af%e8%a9%b0/,国産米100％,,,一般流通,,https://www.hakubotan.co.jp/products/%e3%80%90%e6%97%a5%e6%9c%ac%e9%85%92-%e7%99%bd%e7%89%a1%e4%b8%b9%e3%80%91%e3%81%95%e3%82%89%e3%82%8a%e3%81%a8%e3%81%86%e3%81%be%e3%81%8f%e3%81%a1-720ml%e3%83%91%e3%83%83%e3%82%af%e8%a9%b0/,1,1675（延宝3）年、島六郎兵衛晴正が「嘉登屋」の屋号で酒造りを開始。1839年に鷹司政通公から「白牡丹」の酒名を賜り、1939年に白牡丹酒造株式会社を設立した。2024年には延宝蔵を含む西条酒造群が国史跡となり、2025年に創業350年を迎えた。,【ブランド史】1839（天保10）年、献上酒を評価した関白・鷹司政通公から、鷹司家の家紋「牡丹」にちなむ「白牡丹」の酒名を賜った。以来、蔵を代表する酒銘として受け継がれている。 【商品史】2026-09-06時点で公式商品ページに現行品として掲載され、使用米 国産米100％、精米歩合 70％の設計で展開されている。,常温から40℃前後のぬる燗を中心に、香味のまとまりを引き出すのがおすすめ。より熱い燗も適温に含まれる場合は、45〜50℃程度まで上げて後口の締まり方を比べるとよい。
白牡丹酒造,白牡丹,,C,,すっきり旨口,その他,やや甘口,日本酒度からの目安,-3,75％,,常温 / ぬる燗 / 熱燗,出典記載,https://www.hakubotan.co.jp/products/%e3%80%90%e6%97%a5%e6%9c%ac%e9%85%92-%e7%99%bd%e7%89%a1%e4%b8%b9%e3%80%91%e3%81%99%e3%81%a3%e3%81%8d%e3%82%8a%e6%97%a8%e5%8f%a3-2l%e3%83%91%e3%83%83%e3%82%af%e8%a9%b0/,国産米100％,"2,000ml","1,823円",一般流通,,https://www.hakubotan.co.jp/products/%e3%80%90%e6%97%a5%e6%9c%ac%e9%85%92-%e7%99%bd%e7%89%a1%e4%b8%b9%e3%80%91%e3%81%99%e3%81%a3%e3%81%8d%e3%82%8a%e6%97%a8%e5%8f%a3-2l%e3%83%91%e3%83%83%e3%82%af%e8%a9%b0/,2,1675（延宝3）年、島六郎兵衛晴正が「嘉登屋」の屋号で酒造りを開始。1839年に鷹司政通公から「白牡丹」の酒名を賜り、1939年に白牡丹酒造株式会社を設立した。2024年には延宝蔵を含む西条酒造群が国史跡となり、2025年に創業350年を迎えた。,【ブランド史】1839（天保10）年、献上酒を評価した関白・鷹司政通公から、鷹司家の家紋「牡丹」にちなむ「白牡丹」の酒名を賜った。以来、蔵を代表する酒銘として受け継がれている。 【商品史】2026-09-06時点で公式商品ページに現行品として掲載され、使用米 国産米100％、精米歩合 75％の設計で展開されている。,常温から40℃前後のぬる燗を中心に、香味のまとまりを引き出すのがおすすめ。より熱い燗も適温に含まれる場合は、45〜50℃程度まで上げて後口の締まり方を比べるとよい。
白牡丹酒造,白牡丹,,C,,広島の酒,その他,甘口,日本酒度からの目安,-5,75％,,常温 / ぬる燗 / 熱燗,出典記載,https://www.hakubotan.co.jp/products/%e3%80%90%e6%97%a5%e6%9c%ac%e9%85%92-%e7%99%bd%e7%89%a1%e4%b8%b9%e3%80%91%e5%ba%83%e5%b3%b6%e3%81%ae%e9%85%92-1-8l%e7%93%b6%e8%a9%b0/,国産米100％,"200ml / 300ml / 720ml / 900ml / 1,800ml / 2,000ml","392～2,077円",一般流通,,https://www.hakubotan.co.jp/products/%e3%80%90%e6%97%a5%e6%9c%ac%e9%85%92-%e7%99%bd%e7%89%a1%e4%b8%b9%e3%80%91%e5%ba%83%e5%b3%b6%e3%81%ae%e9%85%92-1-8l%e7%93%b6%e8%a9%b0/,4,1675（延宝3）年、島六郎兵衛晴正が「嘉登屋」の屋号で酒造りを開始。1839年に鷹司政通公から「白牡丹」の酒名を賜り、1939年に白牡丹酒造株式会社を設立した。2024年には延宝蔵を含む西条酒造群が国史跡となり、2025年に創業350年を迎えた。,【ブランド史】1839（天保10）年、献上酒を評価した関白・鷹司政通公から、鷹司家の家紋「牡丹」にちなむ「白牡丹」の酒名を賜った。以来、蔵を代表する酒銘として受け継がれている。 【商品史】2026-09-06時点で公式商品ページに現行品として掲載され、使用米 国産米100％、精米歩合 75％の設計で展開されている。,常温から40℃前後のぬる燗を中心に、香味のまとまりを引き出すのがおすすめ。より熱い燗も適温に含まれる場合は、45〜50℃程度まで上げて後口の締まり方を比べるとよい。
白牡丹酒造,白牡丹,,C,,広島の酒 原酒,その他,甘口,日本酒度からの目安,-7,75％,,冷酒 / 常温 / ぬる燗 / 熱燗 / 燗酒 / ロック,出典記載,https://www.hakubotan.co.jp/products/%e3%80%90%e6%97%a5%e6%9c%ac%e9%85%92-%e7%99%bd%e7%89%a1%e4%b8%b9%e3%80%91%e5%ba%83%e5%b3%b6%e3%81%ae%e9%85%92%e5%8e%9f%e9%85%92-720ml%e7%93%b6%e8%a9%b0/,国産米100％,720ml,"1,000円",一般流通,,https://www.hakubotan.co.jp/products/%e3%80%90%e6%97%a5%e6%9c%ac%e9%85%92-%e7%99%bd%e7%89%a1%e4%b8%b9%e3%80%91%e5%ba%83%e5%b3%b6%e3%81%ae%e9%85%92%e5%8e%9f%e9%85%92-720ml%e7%93%b6%e8%a9%b0/,1,1675（延宝3）年、島六郎兵衛晴正が「嘉登屋」の屋号で酒造りを開始。1839年に鷹司政通公から「白牡丹」の酒名を賜り、1939年に白牡丹酒造株式会社を設立した。2024年には延宝蔵を含む西条酒造群が国史跡となり、2025年に創業350年を迎えた。,【ブランド史】1839（天保10）年、献上酒を評価した関白・鷹司政通公から、鷹司家の家紋「牡丹」にちなむ「白牡丹」の酒名を賜った。以来、蔵を代表する酒銘として受け継がれている。 【商品史】原酒という仕立てで通常品と区別される。2026-09-06時点で公式商品ページに現行品として掲載され、使用米 国産米100％、精米歩合 75％の設計で展開されている。,冷酒では輪郭をすっきりと、40℃前後のぬる燗から燗酒では香味のまとまりを引き出す飲み方がおすすめ。食事に合わせるなら冷酒と燗の両方を試し、好みの温度帯を探すとよい。
白牡丹酒造,白牡丹,,C,,恋華 RENKA,その他,甘口,日本酒度からの目安,-15,60％,,常温,出典記載,https://www.hakubotan.co.jp/products/%e3%80%90%e6%97%a5%e6%9c%ac%e9%85%92-%e7%99%bd%e7%89%a1%e4%b8%b9%e3%80%91%e6%81%8b%e8%8f%af-300ml%e7%93%b6%e8%a9%b0-2/,中生新千本,300ml,550円,一般流通,,https://www.hakubotan.co.jp/products/%e3%80%90%e6%97%a5%e6%9c%ac%e9%85%92-%e7%99%bd%e7%89%a1%e4%b8%b9%e3%80%91%e6%81%8b%e8%8f%af-300ml%e7%93%b6%e8%a9%b0-2/,1,1675（延宝3）年、島六郎兵衛晴正が「嘉登屋」の屋号で酒造りを開始。1839年に鷹司政通公から「白牡丹」の酒名を賜り、1939年に白牡丹酒造株式会社を設立した。2024年には延宝蔵を含む西条酒造群が国史跡となり、2025年に創業350年を迎えた。,【ブランド史】1839（天保10）年、献上酒を評価した関白・鷹司政通公から、鷹司家の家紋「牡丹」にちなむ「白牡丹」の酒名を賜った。以来、蔵を代表する酒銘として受け継がれている。 【商品史】2026-09-06時点で公式商品ページに現行品として掲載され、使用米 中生新千本、精米歩合 60％の設計で展開されている。,冷やし過ぎず常温を基準に、香味のまとまりを引き出すのがおすすめ。香りを強く出し過ぎず、食事と一緒にゆっくり温度変化を楽しむとよい。
白牡丹酒造,白牡丹,,C,,恋華 RENKA ROUGE,その他,甘口,日本酒度からの目安,-15,60％,,常温,出典記載,https://www.hakubotan.co.jp/products/%e3%80%90%e6%97%a5%e6%9c%ac%e9%85%92-%e7%99%bd%e7%89%a1%e4%b8%b9%e3%80%91%e6%81%8b%e8%8f%af-renka-rouge-300ml%e7%93%b6%e8%a9%b0/,中生新千本,300ml,550円,一般流通,,https://www.hakubotan.co.jp/products/%e3%80%90%e6%97%a5%e6%9c%ac%e9%85%92-%e7%99%bd%e7%89%a1%e4%b8%b9%e3%80%91%e6%81%8b%e8%8f%af-renka-rouge-300ml%e7%93%b6%e8%a9%b0/,1,1675（延宝3）年、島六郎兵衛晴正が「嘉登屋」の屋号で酒造りを開始。1839年に鷹司政通公から「白牡丹」の酒名を賜り、1939年に白牡丹酒造株式会社を設立した。2024年には延宝蔵を含む西条酒造群が国史跡となり、2025年に創業350年を迎えた。,【ブランド史】1839（天保10）年、献上酒を評価した関白・鷹司政通公から、鷹司家の家紋「牡丹」にちなむ「白牡丹」の酒名を賜った。以来、蔵を代表する酒銘として受け継がれている。 【商品史】2026-09-06時点で公式商品ページに現行品として掲載され、使用米 中生新千本、精米歩合 60％の設計で展開されている。,冷やし過ぎず常温を基準に、香味のまとまりを引き出すのがおすすめ。香りを強く出し過ぎず、食事と一緒にゆっくり温度変化を楽しむとよい。
白牡丹酒造,白牡丹,,C,,超特撰,その他,やや辛口,日本酒度からの目安,+2,60％,,常温 / ぬる燗 / 熱燗,出典記載,https://www.hakubotan.co.jp/products/%e3%80%90%e6%97%a5%e6%9c%ac%e9%85%92-%e7%99%bd%e7%89%a1%e4%b8%b9%e3%80%91%e8%b6%85%e7%89%b9%e6%92%b0-1-8l%e7%93%b6%e8%a9%b0-2%e6%9c%ac/,国産米100％,,,一般流通,,https://www.hakubotan.co.jp/products/%e3%80%90%e6%97%a5%e6%9c%ac%e9%85%92-%e7%99%bd%e7%89%a1%e4%b8%b9%e3%80%91%e8%b6%85%e7%89%b9%e6%92%b0-1-8l%e7%93%b6%e8%a9%b0-2%e6%9c%ac/,1,1675（延宝3）年、島六郎兵衛晴正が「嘉登屋」の屋号で酒造りを開始。1839年に鷹司政通公から「白牡丹」の酒名を賜り、1939年に白牡丹酒造株式会社を設立した。2024年には延宝蔵を含む西条酒造群が国史跡となり、2025年に創業350年を迎えた。,【ブランド史】1839（天保10）年、献上酒を評価した関白・鷹司政通公から、鷹司家の家紋「牡丹」にちなむ「白牡丹」の酒名を賜った。以来、蔵を代表する酒銘として受け継がれている。 【商品史】2026-09-06時点で公式商品ページに現行品として掲載され、使用米 国産米100％、精米歩合 60％の設計で展開されている。,常温から40℃前後のぬる燗を中心に、香味のまとまりを引き出すのがおすすめ。より熱い燗も適温に含まれる場合は、45〜50℃程度まで上げて後口の締まり方を比べるとよい。
白牡丹酒造,白牡丹,,C,,超特撰 純金箔入,その他,やや辛口,日本酒度からの目安,+2,60％,,常温 / ぬる燗 / 熱燗,出典記載,https://www.hakubotan.co.jp/products/%e3%80%90%e6%97%a5%e6%9c%ac%e9%85%92-%e7%99%bd%e7%89%a1%e4%b8%b9%e3%80%91%e8%b6%85%e7%89%b9%e6%92%b0%e3%80%80%e7%b4%94%e9%87%91%e7%ae%94%e5%85%a5-1-8l%e7%93%b6%e8%a9%b0/,国産米100％,"1,800ml","3,630円",一般流通,,https://www.hakubotan.co.jp/products/%e3%80%90%e6%97%a5%e6%9c%ac%e9%85%92-%e7%99%bd%e7%89%a1%e4%b8%b9%e3%80%91%e8%b6%85%e7%89%b9%e6%92%b0%e3%80%80%e7%b4%94%e9%87%91%e7%ae%94%e5%85%a5-1-8l%e7%93%b6%e8%a9%b0/,1,1675（延宝3）年、島六郎兵衛晴正が「嘉登屋」の屋号で酒造りを開始。1839年に鷹司政通公から「白牡丹」の酒名を賜り、1939年に白牡丹酒造株式会社を設立した。2024年には延宝蔵を含む西条酒造群が国史跡となり、2025年に創業350年を迎えた。,【ブランド史】1839（天保10）年、献上酒を評価した関白・鷹司政通公から、鷹司家の家紋「牡丹」にちなむ「白牡丹」の酒名を賜った。以来、蔵を代表する酒銘として受け継がれている。 【商品史】2026-09-06時点で公式商品ページに現行品として掲載され、使用米 国産米100％、精米歩合 60％の設計で展開されている。,常温から40℃前後のぬる燗を中心に、香味のまとまりを引き出すのがおすすめ。より熱い燗も適温に含まれる場合は、45〜50℃程度まで上げて後口の締まり方を比べるとよい。
白牡丹酒造,白牡丹,,A,公式現行定番・300/720/1800ml展開,大吟醸,大吟醸,やや辛口,日本酒度からの目安,+3,40%,17度,常温 / 冷酒,公式商品ページ,https://www.hakubotan.co.jp/products/%e3%80%90%e6%97%a5%e6%9c%ac%e9%85%92-%e7%99%bd%e7%89%a1%e4%b8%b9%e3%80%91%e5%a4%a7%e5%90%9f%e9%86%b8-1-8l%e7%93%b6%e8%a9%b0/,山田錦,"300ml / 720ml / 1,800ml","1,320～6,050円",一般流通,,https://www.hakubotan.co.jp/products/,3,1675（延宝3）年、島六郎兵衛晴正が「嘉登屋」の屋号で酒造りを開始。1839年に鷹司政通公から「白牡丹」の酒名を賜り、1939年に白牡丹酒造株式会社を設立した。2024年には延宝蔵を含む西条酒造群が国史跡となり、2025年に創業350年を迎えた。,【ブランド史】1839（天保10）年、献上酒を評価した関白・鷹司政通公から、鷹司家の家紋「牡丹」にちなむ「白牡丹」の酒名を賜った。以来、蔵を代表する酒銘として受け継がれている。 【商品史】限定商品として展開される。凍結した生酒として鮮度保持を特徴にしている。2026-09-06時点で公式商品ページに現行品として掲載され、大吟醸、使用米 山田錦、精米歩合 40%の設計で展開されている。,10〜15℃程度の冷酒を起点に、繊細な香りと上品な旨味を活かすのがおすすめ。常温も適温に含まれるため、グラスの中で少し温度を上げて香りと旨味の変化を比べるとよい。
白牡丹酒造,白牡丹,,C,,大吟醸 いちの雫（しずく酒）,大吟醸,やや辛口,日本酒度からの目安,+2.5,40％,,常温 / 冷酒,公式商品ページ,https://www.hakubotan.co.jp/products/%e3%80%90%e6%97%a5%e6%9c%ac%e9%85%92-%e7%99%bd%e7%89%a1%e4%b8%b9%e3%80%91%e5%a4%a7%e5%90%9f%e9%86%b8%e3%80%80%e3%81%84%e3%81%a1%e3%81%ae%e9%9b%ab720ml%e7%93%b6%e8%a9%b0%ef%bc%88%e3%81%97%e3%81%9a/,山田錦,720ml,"11,000円",一般流通,,https://www.hakubotan.co.jp/products/%e3%80%90%e6%97%a5%e6%9c%ac%e9%85%92-%e7%99%bd%e7%89%a1%e4%b8%b9%e3%80%91%e5%a4%a7%e5%90%9f%e9%86%b8%e3%80%80%e3%81%84%e3%81%a1%e3%81%ae%e9%9b%ab720ml%e7%93%b6%e8%a9%b0%ef%bc%88%e3%81%97%e3%81%9a/,1,1675（延宝3）年、島六郎兵衛晴正が「嘉登屋」の屋号で酒造りを開始。1839年に鷹司政通公から「白牡丹」の酒名を賜り、1939年に白牡丹酒造株式会社を設立した。2024年には延宝蔵を含む西条酒造群が国史跡となり、2025年に創業350年を迎えた。,【ブランド史】1839（天保10）年、献上酒を評価した関白・鷹司政通公から、鷹司家の家紋「牡丹」にちなむ「白牡丹」の酒名を賜った。以来、蔵を代表する酒銘として受け継がれている。 【商品史】限定商品として展開される。しずく取りの酒を選別して商品化している。2026-09-06時点で公式商品ページに現行品として掲載され、大吟醸、使用米 山田錦、精米歩合 40％の設計で展開されている。,10〜15℃程度の冷酒を起点に、繊細な香りと上品な旨味を活かすのがおすすめ。常温も適温に含まれるため、グラスの中で少し温度を上げて香りと旨味の変化を比べるとよい。
白牡丹酒造,白牡丹,,C,,大吟醸 中汲み,大吟醸,やや辛口,日本酒度からの目安,+3,40％,,常温,出典記載,https://www.hakubotan.co.jp/products/%e3%80%90%e6%97%a5%e6%9c%ac%e9%85%92-%e7%99%bd%e7%89%a1%e4%b8%b9%e3%80%91%e5%a4%a7%e5%90%9f%e9%86%b8-%e4%b8%ad%e6%b1%b2%e3%81%bf-720ml%e7%93%b6%e8%a9%b0%e3%80%90%e6%b5%81%e9%80%9a%e9%99%90%e5%ae%9a/,山田錦,"720ml / 1,800ml","5,500～11,000円",限定流通,,https://www.hakubotan.co.jp/products/%e3%80%90%e6%97%a5%e6%9c%ac%e9%85%92-%e7%99%bd%e7%89%a1%e4%b8%b9%e3%80%91%e5%a4%a7%e5%90%9f%e9%86%b8-%e4%b8%ad%e6%b1%b2%e3%81%bf-720ml%e7%93%b6%e8%a9%b0%e3%80%90%e6%b5%81%e9%80%9a%e9%99%90%e5%ae%9a/,2,1675（延宝3）年、島六郎兵衛晴正が「嘉登屋」の屋号で酒造りを開始。1839年に鷹司政通公から「白牡丹」の酒名を賜り、1939年に白牡丹酒造株式会社を設立した。2024年には延宝蔵を含む西条酒造群が国史跡となり、2025年に創業350年を迎えた。,【ブランド史】1839（天保10）年、献上酒を評価した関白・鷹司政通公から、鷹司家の家紋「牡丹」にちなむ「白牡丹」の酒名を賜った。以来、蔵を代表する酒銘として受け継がれている。 【商品史】限定商品として展開される。搾りの中間部分である「中汲み」を分けて商品化している。2026-09-06時点で公式商品ページに現行品として掲載され、大吟醸、使用米 山田錦、精米歩合 40％の設計で展開されている。,冷やし過ぎず常温を基準に、繊細な香りと上品な旨味を活かすのがおすすめ。香りを強く出し過ぎず、食事と一緒にゆっくり温度変化を楽しむとよい。
白牡丹酒造,白牡丹,,C,,長期低温熟成 大吟醸 FLUSSO,大吟醸,不明,公開情報で判定材料不足,,40％,,常温 / 冷酒,公式商品ページ,https://www.hakubotan.co.jp/products/flusso/,山田錦,500ml,"148,500円",輸出・海外向け,,https://www.hakubotan.co.jp/products/flusso/,1,1675（延宝3）年、島六郎兵衛晴正が「嘉登屋」の屋号で酒造りを開始。1839年に鷹司政通公から「白牡丹」の酒名を賜り、1939年に白牡丹酒造株式会社を設立した。2024年には延宝蔵を含む西条酒造群が国史跡となり、2025年に創業350年を迎えた。,【ブランド史】1839（天保10）年、献上酒を評価した関白・鷹司政通公から、鷹司家の家紋「牡丹」にちなむ「白牡丹」の酒名を賜った。以来、蔵を代表する酒銘として受け継がれている。 【商品史】輸出向けに展開される。2026-09-06時点で公式商品ページに現行品として掲載され、大吟醸、使用米 山田錦、精米歩合 40％の設計で展開されている。,10〜15℃程度の冷酒を起点に、熟成由来の複雑さをゆっくり開かせるのがおすすめ。常温も適温に含まれるため、グラスの中で少し温度を上げて香りと旨味の変化を比べるとよい。
白牡丹酒造,白牡丹,,A,現行の長期定番・幅広い容量展開を持つ地域定番酒,広島上撰 金紋,普通酒・上撰,やや甘口,日本酒度からの目安,-2,70%,15度,冷酒 / 常温 / ぬる燗 / 熱燗,出典記載,https://www.hakubotan.co.jp/products/%e3%80%90%e6%97%a5%e6%9c%ac%e9%85%92-%e7%99%bd%e7%89%a1%e4%b8%b9%e3%80%91%e5%ba%83%e5%b3%b6%e4%b8%8a%e6%92%b0%e3%80%80%e9%87%91%e7%b4%8b-1-8l%e7%93%b6%e8%a9%b0/,国産米100%,"180ml / 200ml / 300ml / 720ml / 1,800ml / 2,000ml","260～2,387円",一般流通,,https://www.hakubotan.co.jp/products/%e3%80%90%e6%97%a5%e6%9c%ac%e9%85%92-%e7%99%bd%e7%89%a1%e4%b8%b9%e3%80%91%e5%ba%83%e5%b3%b6%e4%b8%8a%e6%92%b0%e3%80%80%e9%87%91%e7%b4%8b-1-8l%e7%93%b6%e8%a9%b0/,7,1675（延宝3）年、島六郎兵衛晴正が「嘉登屋」の屋号で酒造りを開始。1839年に鷹司政通公から「白牡丹」の酒名を賜り、1939年に白牡丹酒造株式会社を設立した。2024年には延宝蔵を含む西条酒造群が国史跡となり、2025年に創業350年を迎えた。,【ブランド史】1839（天保10）年、献上酒を評価した関白・鷹司政通公から、鷹司家の家紋「牡丹」にちなむ「白牡丹」の酒名を賜った。以来、蔵を代表する酒銘として受け継がれている。 【商品史】2026-09-06時点で公式商品ページに現行品として掲載され、普通酒・上撰、使用米 国産米100%、精米歩合 70%の設計で展開されている。,冷酒では輪郭をすっきりと、40℃前後のぬる燗から燗酒では日常酒らしいキレと旨味を引き出す飲み方がおすすめ。食事に合わせるなら冷酒と燗の両方を試し、好みの温度帯を探すとよい。
白牡丹酒造,白牡丹,,A,現行の長期定番・幅広い容量展開を持つ地域定番酒,広島上撰 金紋 原酒,普通酒・上撰,やや甘口,日本酒度からの目安,-2,70％,,常温 / ぬる燗 / 熱燗,出典記載,https://www.hakubotan.co.jp/products/%e3%80%90%e6%97%a5%e6%9c%ac%e9%85%92-%e7%99%bd%e7%89%a1%e4%b8%b9%e3%80%91%e5%ba%83%e5%b3%b6%e4%b8%8a%e6%92%b0%e3%80%80%e9%87%91%e7%b4%8b%e3%80%80%e5%8e%9f%e9%85%92720ml%e7%93%b6%e8%a9%b0%e3%80%90/,国産米,720ml,990円,一般流通,,https://www.hakubotan.co.jp/products/%e3%80%90%e6%97%a5%e6%9c%ac%e9%85%92-%e7%99%bd%e7%89%a1%e4%b8%b9%e3%80%91%e5%ba%83%e5%b3%b6%e4%b8%8a%e6%92%b0%e3%80%80%e9%87%91%e7%b4%8b%e3%80%80%e5%8e%9f%e9%85%92720ml%e7%93%b6%e8%a9%b0%e3%80%90/,1,1675（延宝3）年、島六郎兵衛晴正が「嘉登屋」の屋号で酒造りを開始。1839年に鷹司政通公から「白牡丹」の酒名を賜り、1939年に白牡丹酒造株式会社を設立した。2024年には延宝蔵を含む西条酒造群が国史跡となり、2025年に創業350年を迎えた。,【ブランド史】1839（天保10）年、献上酒を評価した関白・鷹司政通公から、鷹司家の家紋「牡丹」にちなむ「白牡丹」の酒名を賜った。以来、蔵を代表する酒銘として受け継がれている。 【商品史】原酒という仕立てで通常品と区別される。2026-09-06時点で公式商品ページに現行品として掲載され、普通酒・上撰、使用米 国産米、精米歩合 70％の設計で展開されている。,常温から40℃前後のぬる燗を中心に、日常酒らしいキレと旨味を引き出すのがおすすめ。より熱い燗も適温に含まれる場合は、45〜50℃程度まで上げて後口の締まり方を比べるとよい。
白牡丹酒造,白牡丹,,C,,広島特撰 芳華金紋,普通酒・上撰,中口,日本酒度からの目安,+1,60％,,常温 / ぬる燗 / 熱燗,出典記載,https://www.hakubotan.co.jp/products/%e3%80%90%e6%97%a5%e6%9c%ac%e9%85%92-%e7%99%bd%e7%89%a1%e4%b8%b9%e3%80%91%e5%ba%83%e5%b3%b6%e7%89%b9%e6%92%b0-1-8l%e7%93%b6%e8%a9%b0-2/,国産米100％,"300ml / 1,800ml","539～2,794円",一般流通,,https://www.hakubotan.co.jp/products/%e3%80%90%e6%97%a5%e6%9c%ac%e9%85%92-%e7%99%bd%e7%89%a1%e4%b8%b9%e3%80%91%e5%ba%83%e5%b3%b6%e7%89%b9%e6%92%b0-1-8l%e7%93%b6%e8%a9%b0-2/,2,1675（延宝3）年、島六郎兵衛晴正が「嘉登屋」の屋号で酒造りを開始。1839年に鷹司政通公から「白牡丹」の酒名を賜り、1939年に白牡丹酒造株式会社を設立した。2024年には延宝蔵を含む西条酒造群が国史跡となり、2025年に創業350年を迎えた。,【ブランド史】1839（天保10）年、献上酒を評価した関白・鷹司政通公から、鷹司家の家紋「牡丹」にちなむ「白牡丹」の酒名を賜った。以来、蔵を代表する酒銘として受け継がれている。 【商品史】2026-09-06時点で公式商品ページに現行品として掲載され、普通酒・上撰、使用米 国産米100％、精米歩合 60％の設計で展開されている。,常温から40℃前後のぬる燗を中心に、日常酒らしいキレと旨味を引き出すのがおすすめ。より熱い燗も適温に含まれる場合は、45〜50℃程度まで上げて後口の締まり方を比べるとよい。
白牡丹酒造,白牡丹,,C,,本醸造,本醸造,中口,日本酒度からの目安,+1,60％,,常温 / ぬる燗 / 熱燗,出典記載,https://www.hakubotan.co.jp/products/honjouzou-1-8l/,国産米100％,"1,800ml","2,844円",一般流通,,https://www.hakubotan.co.jp/products/honjouzou-1-8l/,1,1675（延宝3）年、島六郎兵衛晴正が「嘉登屋」の屋号で酒造りを開始。1839年に鷹司政通公から「白牡丹」の酒名を賜り、1939年に白牡丹酒造株式会社を設立した。2024年には延宝蔵を含む西条酒造群が国史跡となり、2025年に創業350年を迎えた。,【ブランド史】1839（天保10）年、献上酒を評価した関白・鷹司政通公から、鷹司家の家紋「牡丹」にちなむ「白牡丹」の酒名を賜った。以来、蔵を代表する酒銘として受け継がれている。 【商品史】2026-09-06時点で公式商品ページに現行品として掲載され、本醸造、使用米 国産米100％、精米歩合 60％の設計で展開されている。,常温から40℃前後のぬる燗を中心に、日常酒らしいキレと旨味を引き出すのがおすすめ。より熱い燗も適温に含まれる場合は、45〜50℃程度まで上げて後口の締まり方を比べるとよい。
白牡丹酒造,白牡丹,,C,,本醸造 生貯蔵酒,本醸造,中口,日本酒度からの目安,+0.5,60％,,常温,出典記載,https://www.hakubotan.co.jp/products/%e3%80%90%e6%97%a5%e6%9c%ac%e9%85%92-%e7%99%bd%e7%89%a1%e4%b8%b9%e3%80%91%e6%9c%ac%e9%86%b8%e9%80%a0-%e7%94%9f%e8%b2%af%e8%94%b5%e9%85%92-300ml%e7%93%b6%e8%a9%b0/,国産米,180ml / 300ml,352～495円,一般流通,,https://www.hakubotan.co.jp/products/%e3%80%90%e6%97%a5%e6%9c%ac%e9%85%92-%e7%99%bd%e7%89%a1%e4%b8%b9%e3%80%91%e6%9c%ac%e9%86%b8%e9%80%a0-%e7%94%9f%e8%b2%af%e8%94%b5%e9%85%92-300ml%e7%93%b6%e8%a9%b0/,2,1675（延宝3）年、島六郎兵衛晴正が「嘉登屋」の屋号で酒造りを開始。1839年に鷹司政通公から「白牡丹」の酒名を賜り、1939年に白牡丹酒造株式会社を設立した。2024年には延宝蔵を含む西条酒造群が国史跡となり、2025年に創業350年を迎えた。,【ブランド史】1839（天保10）年、献上酒を評価した関白・鷹司政通公から、鷹司家の家紋「牡丹」にちなむ「白牡丹」の酒名を賜った。以来、蔵を代表する酒銘として受け継がれている。 【商品史】2026-09-06時点で公式商品ページに現行品として掲載され、本醸造、使用米 国産米、精米歩合 60％の設計で展開されている。,冷やし過ぎず常温を基準に、フレッシュさを活かすのがおすすめ。香りを強く出し過ぎず、食事と一緒にゆっくり温度変化を楽しむとよい。
白牡丹酒造,白牡丹,,C,,ひろしま一途な純米酒 紅甘萬(べにかんまん),純米,甘口,日本酒度からの目安,-69,70％,,常温 / ぬる燗 / 燗酒,出典記載,https://www.hakubotan.co.jp/products/%e3%80%90%e6%97%a5%e6%9c%ac%e9%85%92-%e7%99%bd%e7%89%a1%e4%b8%b9%e3%80%91%e3%81%b2%e3%82%8d%e3%81%97%e3%81%be%e4%b8%80%e9%80%94%e3%81%aa%e7%b4%94%e7%b1%b3%e9%85%92%e3%80%80%e7%b4%85%e7%94%98%e8%90%ac/,国産米,180ml,440円,一般流通,,https://www.hakubotan.co.jp/products/%e3%80%90%e6%97%a5%e6%9c%ac%e9%85%92-%e7%99%bd%e7%89%a1%e4%b8%b9%e3%80%91%e3%81%b2%e3%82%8d%e3%81%97%e3%81%be%e4%b8%80%e9%80%94%e3%81%aa%e7%b4%94%e7%b1%b3%e9%85%92%e3%80%80%e7%b4%85%e7%94%98%e8%90%ac/,2,1675（延宝3）年、島六郎兵衛晴正が「嘉登屋」の屋号で酒造りを開始。1839年に鷹司政通公から「白牡丹」の酒名を賜り、1939年に白牡丹酒造株式会社を設立した。2024年には延宝蔵を含む西条酒造群が国史跡となり、2025年に創業350年を迎えた。,【ブランド史】1839（天保10）年、献上酒を評価した関白・鷹司政通公から、鷹司家の家紋「牡丹」にちなむ「白牡丹」の酒名を賜った。以来、蔵を代表する酒銘として受け継がれている。 【商品史】広島の原料と地域性を前面に出した「ひろしま一途」系の商品として、2026年6月4日に出荷を開始した夏の新商品。現行の白牡丹で地域素材を訴求する純米酒である。,常温から40℃前後のぬる燗を中心に、米の旨味と酸のふくらみを引き出すのがおすすめ。より熱い燗も適温に含まれる場合は、45〜50℃程度まで上げて後口の締まり方を比べるとよい。
白牡丹酒造,白牡丹,,C,,山田錦 純米酒,純米,中口,日本酒度からの目安,-1,70％,,常温 / ぬる燗,出典記載,https://www.hakubotan.co.jp/products/%e3%80%90%e6%97%a5%e6%9c%ac%e9%85%92-%e7%99%bd%e7%89%a1%e4%b8%b9%e3%80%91%e5%b1%b1%e7%94%b0%e9%8c%a6%e7%b4%94%e7%b1%b3%e9%85%921-8l%e7%93%b6%e8%a9%b0/,山田錦,"720ml / 1,800ml","1,430～2,750円",一般流通,,https://www.hakubotan.co.jp/products/%e3%80%90%e6%97%a5%e6%9c%ac%e9%85%92-%e7%99%bd%e7%89%a1%e4%b8%b9%e3%80%91%e5%b1%b1%e7%94%b0%e9%8c%a6%e7%b4%94%e7%b1%b3%e9%85%921-8l%e7%93%b6%e8%a9%b0/,2,1675（延宝3）年、島六郎兵衛晴正が「嘉登屋」の屋号で酒造りを開始。1839年に鷹司政通公から「白牡丹」の酒名を賜り、1939年に白牡丹酒造株式会社を設立した。2024年には延宝蔵を含む西条酒造群が国史跡となり、2025年に創業350年を迎えた。,【ブランド史】1839（天保10）年、献上酒を評価した関白・鷹司政通公から、鷹司家の家紋「牡丹」にちなむ「白牡丹」の酒名を賜った。以来、蔵を代表する酒銘として受け継がれている。 【商品史】2026-09-06時点で公式商品ページに現行品として掲載され、純米、使用米 山田錦、精米歩合 70％の設計で展開されている。,常温から40℃前後のぬる燗を中心に、米の旨味と酸のふくらみを引き出すのがおすすめ。より熱い燗も適温に含まれる場合は、45〜50℃程度まで上げて後口の締まり方を比べるとよい。
白牡丹酒造,白牡丹,,C,,新酒純米,純米,甘口,日本酒度からの目安,-4.5,70％,,常温 / ぬる燗 / 熱燗 / 燗酒,出典記載,https://www.hakubotan.co.jp/products/%e3%80%90%e6%97%a5%e6%9c%ac%e9%85%92-%e7%99%bd%e7%89%a1%e4%b8%b9%e3%80%91%e6%96%b0%e9%85%92%e7%b4%94%e7%b1%b3-1-8l%e7%93%b6%e8%a9%b0-2/,国産米,"300ml / 720ml / 1,800ml","473～2,497円",季節商品,,https://www.hakubotan.co.jp/products/%e3%80%90%e6%97%a5%e6%9c%ac%e9%85%92-%e7%99%bd%e7%89%a1%e4%b8%b9%e3%80%91%e6%96%b0%e9%85%92%e7%b4%94%e7%b1%b3-1-8l%e7%93%b6%e8%a9%b0-2/,3,1675（延宝3）年、島六郎兵衛晴正が「嘉登屋」の屋号で酒造りを開始。1839年に鷹司政通公から「白牡丹」の酒名を賜り、1939年に白牡丹酒造株式会社を設立した。2024年には延宝蔵を含む西条酒造群が国史跡となり、2025年に創業350年を迎えた。,【ブランド史】1839（天保10）年、献上酒を評価した関白・鷹司政通公から、鷹司家の家紋「牡丹」にちなむ「白牡丹」の酒名を賜った。以来、蔵を代表する酒銘として受け継がれている。 【商品史】限定商品として展開される。2026-09-06時点で公式商品ページに現行品として掲載され、純米、使用米 国産米、精米歩合 70％の設計で展開されている。,常温から40℃前後のぬる燗を中心に、米の旨味と酸のふくらみを引き出すのがおすすめ。より熱い燗も適温に含まれる場合は、45〜50℃程度まで上げて後口の締まり方を比べるとよい。
白牡丹酒造,藝陽男山,生酛,C,,生酛純米酒 夏仕込み,純米,辛口,日本酒度からの目安,+20.5,70％,,常温 / ぬる燗 / 熱燗,出典記載,https://www.hakubotan.co.jp/products/%e3%80%90%e6%97%a5%e6%9c%ac%e9%85%92-%e8%97%9d%e9%99%bd%e7%94%b7%e5%b1%b1%e3%80%91%e7%94%9f%e9%85%9b%e7%b4%94%e7%b1%b3%e9%85%92-%e5%a4%8f%e4%bb%95%e8%be%bc%e3%81%bf-720ml%e7%93%b6%e8%a9%b0/,中生新千本,720ml,"2,200円",限定流通,,https://www.hakubotan.co.jp/products/%e3%80%90%e6%97%a5%e6%9c%ac%e9%85%92-%e8%97%9d%e9%99%bd%e7%94%b7%e5%b1%b1%e3%80%91%e7%94%9f%e9%85%9b%e7%b4%94%e7%b1%b3%e9%85%92-%e5%a4%8f%e4%bb%95%e8%be%bc%e3%81%bf-720ml%e7%93%b6%e8%a9%b0/,1,1675（延宝3）年、島六郎兵衛晴正が「嘉登屋」の屋号で酒造りを開始。1839年に鷹司政通公から「白牡丹」の酒名を賜り、1939年に白牡丹酒造株式会社を設立した。2024年には延宝蔵を含む西条酒造群が国史跡となり、2025年に創業350年を迎えた。,【ブランド史】明治時代から使用していた商標を、白牡丹創業350周年の2025年に復活。江戸期の酒造りを見直し、生酛・蓋麹法・木の半切桶と櫂による酛摺りなど伝統技法を用いる復刻銘柄として再始動した。 【商品史】白牡丹が創業350周年を機に江戸期の酒造りを見直して復活させた「藝陽男山」の生酛純米酒系列。蓋麹法や木製の半切桶・櫂による酛摺りなど伝統技法を用い、2025年から復刻銘柄として展開されている。,常温から40℃前後のぬる燗を中心に、米の旨味と酸のふくらみを引き出すのがおすすめ。より熱い燗も適温に含まれる場合は、45〜50℃程度まで上げて後口の締まり方を比べるとよい。
白牡丹酒造,藝陽男山,生酛,C,,生酛純米酒 夏仕込み おりがらみ,純米,辛口,日本酒度からの目安,+20.5,70％,,常温 / ぬる燗 / 熱燗,出典記載,https://www.hakubotan.co.jp/products/%e3%80%90%e6%97%a5%e6%9c%ac%e9%85%92-%e8%97%9d%e9%99%bd%e7%94%b7%e5%b1%b1%e3%80%91%e7%94%9f%e9%85%9b%e7%b4%94%e7%b1%b3%e9%85%92-%e5%a4%8f%e4%bb%95%e8%be%bc%e3%81%bf-%e3%81%8a%e3%82%8a%e3%81%8c/,中生新千本,720ml,"2,200円",限定流通,,https://www.hakubotan.co.jp/products/%e3%80%90%e6%97%a5%e6%9c%ac%e9%85%92-%e8%97%9d%e9%99%bd%e7%94%b7%e5%b1%b1%e3%80%91%e7%94%9f%e9%85%9b%e7%b4%94%e7%b1%b3%e9%85%92-%e5%a4%8f%e4%bb%95%e8%be%bc%e3%81%bf-%e3%81%8a%e3%82%8a%e3%81%8c/,1,1675（延宝3）年、島六郎兵衛晴正が「嘉登屋」の屋号で酒造りを開始。1839年に鷹司政通公から「白牡丹」の酒名を賜り、1939年に白牡丹酒造株式会社を設立した。2024年には延宝蔵を含む西条酒造群が国史跡となり、2025年に創業350年を迎えた。,【ブランド史】明治時代から使用していた商標を、白牡丹創業350周年の2025年に復活。江戸期の酒造りを見直し、生酛・蓋麹法・木の半切桶と櫂による酛摺りなど伝統技法を用いる復刻銘柄として再始動した。 【商品史】創業350周年を機に復活した「藝陽男山」の生酛純米酒を、昔ながらの槽搾りで生じるおりがらみ部分まで瓶詰めした派生商品。復刻系列の中で搾りの違いを表現する流通限定品である。,常温から40℃前後のぬる燗を中心に、米の旨味と酸のふくらみを引き出すのがおすすめ。より熱い燗も適温に含まれる場合は、45〜50℃程度まで上げて後口の締まり方を比べるとよい。
白牡丹酒造,藝陽男山,生酛,C,,生酛純米酒 夏仕込み 生酒,純米,辛口,日本酒度からの目安,+20.5,70％,,常温 / ぬる燗 / 熱燗,出典記載,https://www.hakubotan.co.jp/products/%e3%80%90%e6%97%a5%e6%9c%ac%e9%85%92-%e8%97%9d%e9%99%bd%e7%94%b7%e5%b1%b1%e3%80%91%e7%94%9f%e9%85%9b%e7%b4%94%e7%b1%b3%e9%85%92-%e5%a4%8f%e4%bb%95%e8%be%bc%e3%81%bf-%e7%94%9f%e9%85%92-720ml%e7%93%b6/,中生新千本,720ml,"2,200円",限定流通,,https://www.hakubotan.co.jp/products/%e3%80%90%e6%97%a5%e6%9c%ac%e9%85%92-%e8%97%9d%e9%99%bd%e7%94%b7%e5%b1%b1%e3%80%91%e7%94%9f%e9%85%9b%e7%b4%94%e7%b1%b3%e9%85%92-%e5%a4%8f%e4%bb%95%e8%be%bc%e3%81%bf-%e7%94%9f%e9%85%92-720ml%e7%93%b6/,1,1675（延宝3）年、島六郎兵衛晴正が「嘉登屋」の屋号で酒造りを開始。1839年に鷹司政通公から「白牡丹」の酒名を賜り、1939年に白牡丹酒造株式会社を設立した。2024年には延宝蔵を含む西条酒造群が国史跡となり、2025年に創業350年を迎えた。,【ブランド史】明治時代から使用していた商標を、白牡丹創業350周年の2025年に復活。江戸期の酒造りを見直し、生酛・蓋麹法・木の半切桶と櫂による酛摺りなど伝統技法を用いる復刻銘柄として再始動した。 【商品史】創業350周年を機に復活した「藝陽男山」の生酛純米酒を、生酒として展開する派生商品。伝統的な生酛造りの酒を加熱処理前の状態で味わう季節・流通限定ラインとして位置づけられる。,常温から40℃前後のぬる燗を中心に、フレッシュさを活かすのがおすすめ。より熱い燗も適温に含まれる場合は、45〜50℃程度まで上げて後口の締まり方を比べるとよい。
白牡丹酒造,白牡丹,,C,,純米生酒 氷華,純米,甘口,日本酒度からの目安,-30,70％,,常温 / 冷酒,公式商品ページ,https://www.hakubotan.co.jp/products/%e3%80%90%e5%87%8d%e7%b5%90%e7%94%9f%e9%85%92%e3%80%91%e3%80%90%e6%97%a5%e6%9c%ac%e9%85%92-%e7%99%bd%e7%89%a1%e4%b8%b9%e3%80%91%e7%b4%94%e7%b1%b3%e7%94%9f%e9%85%92%e3%80%80%e6%b0%b7%e8%8f%af300ml/,中生新千本,300ml,"1,210円",季節商品,,https://www.hakubotan.co.jp/products/%e3%80%90%e5%87%8d%e7%b5%90%e7%94%9f%e9%85%92%e3%80%91%e3%80%90%e6%97%a5%e6%9c%ac%e9%85%92-%e7%99%bd%e7%89%a1%e4%b8%b9%e3%80%91%e7%b4%94%e7%b1%b3%e7%94%9f%e9%85%92%e3%80%80%e6%b0%b7%e8%8f%af300ml/,1,1675（延宝3）年、島六郎兵衛晴正が「嘉登屋」の屋号で酒造りを開始。1839年に鷹司政通公から「白牡丹」の酒名を賜り、1939年に白牡丹酒造株式会社を設立した。2024年には延宝蔵を含む西条酒造群が国史跡となり、2025年に創業350年を迎えた。,【ブランド史】1839（天保10）年、献上酒を評価した関白・鷹司政通公から、鷹司家の家紋「牡丹」にちなむ「白牡丹」の酒名を賜った。以来、蔵を代表する酒銘として受け継がれている。 【商品史】生酒という仕立てで通常品と区別される。2026-09-06時点で公式商品ページに現行品として掲載され、純米、使用米 中生新千本、精米歩合 70％の設計で展開されている。,まずは5〜10℃程度までしっかり冷やし、フレッシュさを活かすのがおすすめ。温度が上がり過ぎないうちに飲み、原酒で強く感じる場合に「ロック」の記載がある商品は大きめの氷を一つ加えると飲みやすい。
白牡丹酒造,白牡丹,,A,公式定番・燗酒コンテスト受賞,純米酒,純米,中口,日本酒度からの目安,+0.5,70％,,常温 / ぬる燗 / 熱燗 / 燗酒,出典記載,https://www.hakubotan.co.jp/products/%e3%80%90%e6%97%a5%e6%9c%ac%e9%85%92-%e7%99%bd%e7%89%a1%e4%b8%b9%e3%80%91%e7%b4%94%e7%b1%b3%e9%85%92-1-8l%e7%93%b6%e8%a9%b0/,国産米,"300ml / 720ml / 1,800ml","490～2,431円",一般流通,,https://www.hakubotan.co.jp/products/%e3%80%90%e6%97%a5%e6%9c%ac%e9%85%92-%e7%99%bd%e7%89%a1%e4%b8%b9%e3%80%91%e7%b4%94%e7%b1%b3%e9%85%92-1-8l%e7%93%b6%e8%a9%b0/,3,1675（延宝3）年、島六郎兵衛晴正が「嘉登屋」の屋号で酒造りを開始。1839年に鷹司政通公から「白牡丹」の酒名を賜り、1939年に白牡丹酒造株式会社を設立した。2024年には延宝蔵を含む西条酒造群が国史跡となり、2025年に創業350年を迎えた。,【ブランド史】1839（天保10）年、献上酒を評価した関白・鷹司政通公から、鷹司家の家紋「牡丹」にちなむ「白牡丹」の酒名を賜った。以来、蔵を代表する酒銘として受け継がれている。 【商品史】2026-09-06時点で公式商品ページに現行品として掲載され、純米、使用米 国産米、精米歩合 70％の設計で展開されている。,常温から40℃前後のぬる燗を中心に、米の旨味と酸のふくらみを引き出すのがおすすめ。より熱い燗も適温に含まれる場合は、45〜50℃程度まで上げて後口の締まり方を比べるとよい。
白牡丹酒造,白牡丹,,C,,純米酒 山田錦 米だけの酒,純米,やや辛口,日本酒度からの目安,+2,75％,,冷やして / 常温 / ぬる燗 / 熱燗,出典記載,https://www.hakubotan.co.jp/products/%e3%80%90%e6%97%a5%e6%9c%ac%e9%85%92-%e7%99%bd%e7%89%a1%e4%b8%b9%e3%80%91%e7%b4%94%e7%b1%b3%e9%85%92%e3%80%80%e5%b1%b1%e7%94%b0%e9%8c%a6%e3%80%80%e7%b1%b3%e3%81%a0%e3%81%91%e3%81%ae%e9%85%92-900ml/,山田錦,300ml / 900ml,"451～1,150円",一般流通,,https://www.hakubotan.co.jp/products/%e3%80%90%e6%97%a5%e6%9c%ac%e9%85%92-%e7%99%bd%e7%89%a1%e4%b8%b9%e3%80%91%e7%b4%94%e7%b1%b3%e9%85%92%e3%80%80%e5%b1%b1%e7%94%b0%e9%8c%a6%e3%80%80%e7%b1%b3%e3%81%a0%e3%81%91%e3%81%ae%e9%85%92-900ml/,2,1675（延宝3）年、島六郎兵衛晴正が「嘉登屋」の屋号で酒造りを開始。1839年に鷹司政通公から「白牡丹」の酒名を賜り、1939年に白牡丹酒造株式会社を設立した。2024年には延宝蔵を含む西条酒造群が国史跡となり、2025年に創業350年を迎えた。,【ブランド史】1839（天保10）年、献上酒を評価した関白・鷹司政通公から、鷹司家の家紋「牡丹」にちなむ「白牡丹」の酒名を賜った。以来、蔵を代表する酒銘として受け継がれている。 【商品史】2026-09-06時点で公式商品ページに現行品として掲載され、純米、使用米 山田錦、精米歩合 75％の設計で展開されている。,常温から40℃前後のぬる燗を中心に、米の旨味と酸のふくらみを引き出すのがおすすめ。より熱い燗も適温に含まれる場合は、45〜50℃程度まで上げて後口の締まり方を比べるとよい。
白牡丹酒造,白牡丹,,C,,山田錦 純米吟醸 うすにごり,純米吟醸,甘口,日本酒度からの目安,-9.5,60％,,常温,出典記載,https://www.hakubotan.co.jp/products/%e3%80%90%e6%97%a5%e6%9c%ac%e9%85%92-%e7%99%bd%e7%89%a1%e4%b8%b9%e3%80%91%e5%b1%b1%e7%94%b0%e9%8c%a6%e3%80%80%e7%b4%94%e7%b1%b3%e5%90%9f%e9%86%b8%e3%80%80%e3%81%86%e3%81%99%e3%81%ab%e3%81%94%e3%82%8a/,山田錦,720ml,"1,650円",季節商品,,https://www.hakubotan.co.jp/products/%e3%80%90%e6%97%a5%e6%9c%ac%e9%85%92-%e7%99%bd%e7%89%a1%e4%b8%b9%e3%80%91%e5%b1%b1%e7%94%b0%e9%8c%a6%e3%80%80%e7%b4%94%e7%b1%b3%e5%90%9f%e9%86%b8%e3%80%80%e3%81%86%e3%81%99%e3%81%ab%e3%81%94%e3%82%8a/,1,1675（延宝3）年、島六郎兵衛晴正が「嘉登屋」の屋号で酒造りを開始。1839年に鷹司政通公から「白牡丹」の酒名を賜り、1939年に白牡丹酒造株式会社を設立した。2024年には延宝蔵を含む西条酒造群が国史跡となり、2025年に創業350年を迎えた。,【ブランド史】1839（天保10）年、献上酒を評価した関白・鷹司政通公から、鷹司家の家紋「牡丹」にちなむ「白牡丹」の酒名を賜った。以来、蔵を代表する酒銘として受け継がれている。 【商品史】春から初夏にかけての季節限定酒として継続展開され、2026年分は4月7日に出荷開始。山田錦を使う純米吟醸のうすにごり版として毎年の季節商品に位置づけられている。,冷やし過ぎず常温を基準に、発泡感やにごりの口当たりを活かすのがおすすめ。香りを強く出し過ぎず、食事と一緒にゆっくり温度変化を楽しむとよい。
白牡丹酒造,白牡丹,,B,広島酒米を前面に出す現行主要商品,広島八反 純米吟醸,純米吟醸,やや辛口,日本酒度からの目安,+1.5,60％,,常温,出典記載,https://www.hakubotan.co.jp/products/%e3%80%90%e6%97%a5%e6%9c%ac%e9%85%92-%e7%99%bd%e7%89%a1%e4%b8%b9%e3%80%91%e5%ba%83%e5%b3%b6%e5%85%ab%e5%8f%8d-%e7%b4%94%e7%b1%b3%e5%90%9f%e9%86%b8-1-8l%e7%93%b6%e8%a9%b0/,八反35号,"720ml / 1,800ml","1,595～2,970円",一般流通,,https://www.hakubotan.co.jp/products/%e3%80%90%e6%97%a5%e6%9c%ac%e9%85%92-%e7%99%bd%e7%89%a1%e4%b8%b9%e3%80%91%e5%ba%83%e5%b3%b6%e5%85%ab%e5%8f%8d-%e7%b4%94%e7%b1%b3%e5%90%9f%e9%86%b8-1-8l%e7%93%b6%e8%a9%b0/,2,1675（延宝3）年、島六郎兵衛晴正が「嘉登屋」の屋号で酒造りを開始。1839年に鷹司政通公から「白牡丹」の酒名を賜り、1939年に白牡丹酒造株式会社を設立した。2024年には延宝蔵を含む西条酒造群が国史跡となり、2025年に創業350年を迎えた。,【ブランド史】1839（天保10）年、献上酒を評価した関白・鷹司政通公から、鷹司家の家紋「牡丹」にちなむ「白牡丹」の酒名を賜った。以来、蔵を代表する酒銘として受け継がれている。 【商品史】2026-09-06時点で公式商品ページに現行品として掲載され、純米吟醸、使用米 八反35号、精米歩合 60％の設計で展開されている。,冷やし過ぎず常温を基準に、吟醸香と軽快な旨味のバランスを活かすのがおすすめ。香りを強く出し過ぎず、食事と一緒にゆっくり温度変化を楽しむとよい。
白牡丹酒造,白牡丹,,A,公式現行定番・ワイングラスアワード受賞,純米吟醸,純米吟醸,中口,日本酒度からの目安,+0.5,60％,,常温,出典記載,https://www.hakubotan.co.jp/products/%e3%80%90%e6%97%a5%e6%9c%ac%e9%85%92-%e7%99%bd%e7%89%a1%e4%b8%b9%e3%80%91%e7%b4%94%e7%b1%b3%e5%90%9f%e9%86%b8-1-8l%e7%93%b6%e8%a9%b0/,山田錦,"720ml / 1,800ml","1,980～3,300円",一般流通,,https://www.hakubotan.co.jp/products/%e3%80%90%e6%97%a5%e6%9c%ac%e9%85%92-%e7%99%bd%e7%89%a1%e4%b8%b9%e3%80%91%e7%b4%94%e7%b1%b3%e5%90%9f%e9%86%b8-1-8l%e7%93%b6%e8%a9%b0/,2,1675（延宝3）年、島六郎兵衛晴正が「嘉登屋」の屋号で酒造りを開始。1839年に鷹司政通公から「白牡丹」の酒名を賜り、1939年に白牡丹酒造株式会社を設立した。2024年には延宝蔵を含む西条酒造群が国史跡となり、2025年に創業350年を迎えた。,【ブランド史】1839（天保10）年、献上酒を評価した関白・鷹司政通公から、鷹司家の家紋「牡丹」にちなむ「白牡丹」の酒名を賜った。以来、蔵を代表する酒銘として受け継がれている。 【商品史】2026-09-06時点で公式商品ページに現行品として掲載され、純米吟醸、使用米 山田錦、精米歩合 60％の設計で展開されている。,冷やし過ぎず常温を基準に、吟醸香と軽快な旨味のバランスを活かすのがおすすめ。香りを強く出し過ぎず、食事と一緒にゆっくり温度変化を楽しむとよい。
白牡丹酒造,白牡丹,,C,,純米吟醸 中汲み,純米吟醸,中口,日本酒度からの目安,+1,50％,,常温,出典記載,https://www.hakubotan.co.jp/products/%e3%80%90%e6%97%a5%e6%9c%ac%e9%85%92-%e7%99%bd%e7%89%a1%e4%b8%b9%e3%80%91%e7%b4%94%e7%b1%b3%e5%90%9f%e9%86%b8-%e4%b8%ad%e6%b1%b2%e3%81%bf-720ml%e7%93%b6%e8%a9%b0%e3%80%90%e6%b5%81%e9%80%9a%e9%99%90/,山田錦,"720ml / 1,800ml","2,200～4,400円",限定流通,,https://www.hakubotan.co.jp/products/%e3%80%90%e6%97%a5%e6%9c%ac%e9%85%92-%e7%99%bd%e7%89%a1%e4%b8%b9%e3%80%91%e7%b4%94%e7%b1%b3%e5%90%9f%e9%86%b8-%e4%b8%ad%e6%b1%b2%e3%81%bf-720ml%e7%93%b6%e8%a9%b0%e3%80%90%e6%b5%81%e9%80%9a%e9%99%90/,2,1675（延宝3）年、島六郎兵衛晴正が「嘉登屋」の屋号で酒造りを開始。1839年に鷹司政通公から「白牡丹」の酒名を賜り、1939年に白牡丹酒造株式会社を設立した。2024年には延宝蔵を含む西条酒造群が国史跡となり、2025年に創業350年を迎えた。,【ブランド史】1839（天保10）年、献上酒を評価した関白・鷹司政通公から、鷹司家の家紋「牡丹」にちなむ「白牡丹」の酒名を賜った。以来、蔵を代表する酒銘として受け継がれている。 【商品史】限定商品として展開される。搾りの中間部分である「中汲み」を分けて商品化している。2026-09-06時点で公式商品ページに現行品として掲載され、純米吟醸、使用米 山田錦、精米歩合 50％の設計で展開されている。,冷やし過ぎず常温を基準に、吟醸香と軽快な旨味のバランスを活かすのがおすすめ。香りを強く出し過ぎず、食事と一緒にゆっくり温度変化を楽しむとよい。
白牡丹酒造,白牡丹,,C,,純米吟醸 生貯蔵酒,純米吟醸,やや甘口,日本酒度からの目安,-2,60％,,常温,出典記載,https://www.hakubotan.co.jp/products/%e3%80%90%e6%97%a5%e6%9c%ac%e9%85%92-%e7%99%bd%e7%89%a1%e4%b8%b9%e3%80%91%e7%b4%94%e7%b1%b3%e5%90%9f%e9%86%b8-%e7%94%9f%e8%b2%af%e8%94%b5%e9%85%92-300ml%e7%93%b6%e8%a9%b0-%e3%80%90%e8%bc%b8%e5%87%ba/,山田錦,180ml / 300ml,413～583円,輸出・海外向け,,https://www.hakubotan.co.jp/products/%e3%80%90%e6%97%a5%e6%9c%ac%e9%85%92-%e7%99%bd%e7%89%a1%e4%b8%b9%e3%80%91%e7%b4%94%e7%b1%b3%e5%90%9f%e9%86%b8-%e7%94%9f%e8%b2%af%e8%94%b5%e9%85%92-300ml%e7%93%b6%e8%a9%b0-%e3%80%90%e8%bc%b8%e5%87%ba/,3,1675（延宝3）年、島六郎兵衛晴正が「嘉登屋」の屋号で酒造りを開始。1839年に鷹司政通公から「白牡丹」の酒名を賜り、1939年に白牡丹酒造株式会社を設立した。2024年には延宝蔵を含む西条酒造群が国史跡となり、2025年に創業350年を迎えた。,【ブランド史】1839（天保10）年、献上酒を評価した関白・鷹司政通公から、鷹司家の家紋「牡丹」にちなむ「白牡丹」の酒名を賜った。以来、蔵を代表する酒銘として受け継がれている。 【商品史】輸出向けに展開される。2026-09-06時点で公式商品ページに現行品として掲載され、純米吟醸、使用米 山田錦、精米歩合 60％の設計で展開されている。,冷やし過ぎず常温を基準に、フレッシュさを活かすのがおすすめ。香りを強く出し過ぎず、食事と一緒にゆっくり温度変化を楽しむとよい。
白牡丹酒造,白牡丹,,C,,純米吟醸萌えいぶき,純米吟醸,やや甘口,日本酒度からの目安,-3.0,60％,,常温 / ぬる燗,出典記載,https://www.hakubotan.co.jp/products/%e3%80%90%e6%97%a5%e6%9c%ac%e9%85%92-%e7%99%bd%e7%89%a1%e4%b8%b9%e3%80%91%e7%b4%94%e7%b1%b3%e5%90%9f%e9%86%b8%e8%90%8c%e3%81%88%e3%81%84%e3%81%b6%e3%81%8d1-8%ef%bd%8c%e7%93%b6%e8%a9%b0/,萌えいぶき,"720ml / 1,800ml","1,793～3,146円",一般流通,,https://www.hakubotan.co.jp/products/%e3%80%90%e6%97%a5%e6%9c%ac%e9%85%92-%e7%99%bd%e7%89%a1%e4%b8%b9%e3%80%91%e7%b4%94%e7%b1%b3%e5%90%9f%e9%86%b8%e8%90%8c%e3%81%88%e3%81%84%e3%81%b6%e3%81%8d1-8%ef%bd%8c%e7%93%b6%e8%a9%b0/,2,1675（延宝3）年、島六郎兵衛晴正が「嘉登屋」の屋号で酒造りを開始。1839年に鷹司政通公から「白牡丹」の酒名を賜り、1939年に白牡丹酒造株式会社を設立した。2024年には延宝蔵を含む西条酒造群が国史跡となり、2025年に創業350年を迎えた。,【ブランド史】1839（天保10）年、献上酒を評価した関白・鷹司政通公から、鷹司家の家紋「牡丹」にちなむ「白牡丹」の酒名を賜った。以来、蔵を代表する酒銘として受け継がれている。 【商品史】広島県・JA・広島県酒造組合などが約10年かけて開発した酒造好適米「萌えいぶき」を100%使用し、2024年4月22日に出荷を開始した純米吟醸。新しい広島酒米を商品化した一本である。,常温から40℃前後のぬる燗を中心に、吟醸香と軽快な旨味のバランスを活かすのがおすすめ。より熱い燗も適温に含まれる場合は、45〜50℃程度まで上げて後口の締まり方を比べるとよい。
白牡丹酒造,白牡丹,,A,公式現行定番・ワイングラスアワード受賞,華 純米吟醸,純米吟醸,甘口,日本酒度からの目安,-15,60％,,常温,出典記載,https://www.hakubotan.co.jp/products/%e3%80%90%e6%97%a5%e6%9c%ac%e9%85%92-%e7%99%bd%e7%89%a1%e4%b8%b9%e3%80%91%e8%8f%af%e3%80%80%e7%b4%94%e7%b1%b3%e5%90%9f%e9%86%b8%e3%80%80-300ml%e7%93%b6%e3%80%90%e8%bc%b8%e5%87%ba%e5%b0%82%e7%94%a8/,国産米,300ml,,輸出・海外向け,,https://www.hakubotan.co.jp/products/%e3%80%90%e6%97%a5%e6%9c%ac%e9%85%92-%e7%99%bd%e7%89%a1%e4%b8%b9%e3%80%91%e8%8f%af%e3%80%80%e7%b4%94%e7%b1%b3%e5%90%9f%e9%86%b8%e3%80%80-300ml%e7%93%b6%e3%80%90%e8%bc%b8%e5%87%ba%e5%b0%82%e7%94%a8/,1,1675（延宝3）年、島六郎兵衛晴正が「嘉登屋」の屋号で酒造りを開始。1839年に鷹司政通公から「白牡丹」の酒名を賜り、1939年に白牡丹酒造株式会社を設立した。2024年には延宝蔵を含む西条酒造群が国史跡となり、2025年に創業350年を迎えた。,【ブランド史】1839（天保10）年、献上酒を評価した関白・鷹司政通公から、鷹司家の家紋「牡丹」にちなむ「白牡丹」の酒名を賜った。以来、蔵を代表する酒銘として受け継がれている。 【商品史】輸出向けに展開される。2026-09-06時点で公式商品ページに現行品として掲載され、純米吟醸、使用米 国産米、精米歩合 60％の設計で展開されている。,冷やし過ぎず常温を基準に、吟醸香と軽快な旨味のバランスを活かすのがおすすめ。香りを強く出し過ぎず、食事と一緒にゆっくり温度変化を楽しむとよい。
白牡丹酒造,白牡丹,,C,,山田錦 純米大吟醸 氷華,純米大吟醸,やや甘口,日本酒度からの目安,-1.5,50％,,常温 / 冷酒,公式商品ページ,https://www.hakubotan.co.jp/products/%e3%80%90%e5%87%8d%e7%b5%90%e7%94%9f%e9%85%92%e3%80%91%e3%80%90%e6%97%a5%e6%9c%ac%e9%85%92-%e7%99%bd%e7%89%a1%e4%b8%b9%e3%80%91%e5%b1%b1%e7%94%b0%e9%8c%a6-%e7%b4%94%e7%b1%b3%e5%a4%a7%e5%90%9f%e9%86%b8/,山田錦,,,一般流通,,https://www.hakubotan.co.jp/products/%e3%80%90%e5%87%8d%e7%b5%90%e7%94%9f%e9%85%92%e3%80%91%e3%80%90%e6%97%a5%e6%9c%ac%e9%85%92-%e7%99%bd%e7%89%a1%e4%b8%b9%e3%80%91%e5%b1%b1%e7%94%b0%e9%8c%a6-%e7%b4%94%e7%b1%b3%e5%a4%a7%e5%90%9f%e9%86%b8/,1,1675（延宝3）年、島六郎兵衛晴正が「嘉登屋」の屋号で酒造りを開始。1839年に鷹司政通公から「白牡丹」の酒名を賜り、1939年に白牡丹酒造株式会社を設立した。2024年には延宝蔵を含む西条酒造群が国史跡となり、2025年に創業350年を迎えた。,【ブランド史】1839（天保10）年、献上酒を評価した関白・鷹司政通公から、鷹司家の家紋「牡丹」にちなむ「白牡丹」の酒名を賜った。以来、蔵を代表する酒銘として受け継がれている。 【商品史】2026-09-06時点で公式商品ページに現行品として掲載され、純米大吟醸、使用米 山田錦、精米歩合 50％の設計で展開されている。,10〜15℃程度の冷酒を起点に、繊細な香りと上品な旨味を活かすのがおすすめ。常温も適温に含まれるため、グラスの中で少し温度を上げて香りと旨味の変化を比べるとよい。
白牡丹酒造,白牡丹,,B,広島酒米を前面に出す現行主要商品,広島八反 純米大吟醸 原酒,純米大吟醸,中口,日本酒度からの目安,-0.5,50％,,常温,出典記載,https://www.hakubotan.co.jp/products/%e3%80%90%e6%97%a5%e6%9c%ac%e9%85%92-%e7%99%bd%e7%89%a1%e4%b8%b9%e3%80%91%e5%ba%83%e5%b3%b6%e5%85%ab%e5%8f%8d-%e7%b4%94%e7%b1%b3%e5%a4%a7%e5%90%9f%e9%86%b8-%e5%8e%9f%e9%85%92720ml%e7%93%b6%e8%a9%b0/,八反35号,720ml,"2,200円",一般流通,,https://www.hakubotan.co.jp/products/%e3%80%90%e6%97%a5%e6%9c%ac%e9%85%92-%e7%99%bd%e7%89%a1%e4%b8%b9%e3%80%91%e5%ba%83%e5%b3%b6%e5%85%ab%e5%8f%8d-%e7%b4%94%e7%b1%b3%e5%a4%a7%e5%90%9f%e9%86%b8-%e5%8e%9f%e9%85%92720ml%e7%93%b6%e8%a9%b0/,1,1675（延宝3）年、島六郎兵衛晴正が「嘉登屋」の屋号で酒造りを開始。1839年に鷹司政通公から「白牡丹」の酒名を賜り、1939年に白牡丹酒造株式会社を設立した。2024年には延宝蔵を含む西条酒造群が国史跡となり、2025年に創業350年を迎えた。,【ブランド史】1839（天保10）年、献上酒を評価した関白・鷹司政通公から、鷹司家の家紋「牡丹」にちなむ「白牡丹」の酒名を賜った。以来、蔵を代表する酒銘として受け継がれている。 【商品史】広島の酒造好適米・八反35号を使う夏季限定の純米大吟醸原酒。2026年分は6月9日に出荷を開始し、前年に続く夏酒として継続販売されている。,冷やし過ぎず常温を基準に、繊細な香りと上品な旨味を活かすのがおすすめ。香りを強く出し過ぎず、食事と一緒にゆっくり温度変化を楽しむとよい。
白牡丹酒造,白牡丹,,B,広島酒米を前面に出す現行主要商品,広島八反 純米大吟醸 氷華,純米大吟醸,中口,日本酒度からの目安,0,50％,,常温 / 冷酒,公式商品ページ,https://www.hakubotan.co.jp/products/%e3%80%90%e5%87%8d%e7%b5%90%e7%94%9f%e9%85%92%e3%80%91%e3%80%90%e6%97%a5%e6%9c%ac%e9%85%92-%e7%99%bd%e7%89%a1%e4%b8%b9%e3%80%91%e5%ba%83%e5%b3%b6%e5%85%ab%e5%8f%8d-%e7%b4%94%e7%b1%b3%e5%a4%a7%e5%90%9f/,八反35号,,,一般流通,,https://www.hakubotan.co.jp/products/%e3%80%90%e5%87%8d%e7%b5%90%e7%94%9f%e9%85%92%e3%80%91%e3%80%90%e6%97%a5%e6%9c%ac%e9%85%92-%e7%99%bd%e7%89%a1%e4%b8%b9%e3%80%91%e5%ba%83%e5%b3%b6%e5%85%ab%e5%8f%8d-%e7%b4%94%e7%b1%b3%e5%a4%a7%e5%90%9f/,1,1675（延宝3）年、島六郎兵衛晴正が「嘉登屋」の屋号で酒造りを開始。1839年に鷹司政通公から「白牡丹」の酒名を賜り、1939年に白牡丹酒造株式会社を設立した。2024年には延宝蔵を含む西条酒造群が国史跡となり、2025年に創業350年を迎えた。,【ブランド史】1839（天保10）年、献上酒を評価した関白・鷹司政通公から、鷹司家の家紋「牡丹」にちなむ「白牡丹」の酒名を賜った。以来、蔵を代表する酒銘として受け継がれている。 【商品史】蔵の代表商品として位置づけられる。2026-09-06時点で公式商品ページに現行品として掲載され、純米大吟醸、使用米 八反35号、精米歩合 50％の設計で展開されている。,10〜15℃程度の冷酒を起点に、繊細な香りと上品な旨味を活かすのがおすすめ。常温も適温に含まれるため、グラスの中で少し温度を上げて香りと旨味の変化を比べるとよい。
白牡丹酒造,白牡丹,,C,,純米大吟醸 令和一号酵母,純米大吟醸,甘口,日本酒度からの目安,-4.5,50％,,常温 / ぬる燗,出典記載,https://www.hakubotan.co.jp/products/%e3%80%90%e6%97%a5%e6%9c%ac%e9%85%92-%e7%99%bd%e7%89%a1%e4%b8%b9%e3%80%91%e7%b4%94%e7%b1%b3%e5%a4%a7%e5%90%9f%e9%86%b8-%e4%bb%a4%e5%92%8c%e4%b8%80%e5%8f%b7%e9%85%b5%e6%af%8d-720ml%e7%93%b6%e8%a9%b0/,山田錦,720ml,"2,750円",一般流通,,https://www.hakubotan.co.jp/products/%e3%80%90%e6%97%a5%e6%9c%ac%e9%85%92-%e7%99%bd%e7%89%a1%e4%b8%b9%e3%80%91%e7%b4%94%e7%b1%b3%e5%a4%a7%e5%90%9f%e9%86%b8-%e4%bb%a4%e5%92%8c%e4%b8%80%e5%8f%b7%e9%85%b5%e6%af%8d-720ml%e7%93%b6%e8%a9%b0/,1,1675（延宝3）年、島六郎兵衛晴正が「嘉登屋」の屋号で酒造りを開始。1839年に鷹司政通公から「白牡丹」の酒名を賜り、1939年に白牡丹酒造株式会社を設立した。2024年には延宝蔵を含む西条酒造群が国史跡となり、2025年に創業350年を迎えた。,【ブランド史】1839（天保10）年、献上酒を評価した関白・鷹司政通公から、鷹司家の家紋「牡丹」にちなむ「白牡丹」の酒名を賜った。以来、蔵を代表する酒銘として受け継がれている。 【商品史】限定商品として展開される。広島令和一号酵母を用いる。2026-09-06時点で公式商品ページに現行品として掲載され、純米大吟醸、使用米 山田錦、精米歩合 50％の設計で展開されている。,常温から40℃前後のぬる燗を中心に、繊細な香りと上品な旨味を活かすのがおすすめ。より熱い燗も適温に含まれる場合は、45〜50℃程度まで上げて後口の締まり方を比べるとよい。
白牡丹酒造,白牡丹,,A,公式高級ライン・広島らしさを前面に出す商品,純米大吟醸 原酒 万年蔵 杜氏 鹿島正,純米大吟醸,甘口,日本酒度からの目安,-8,38％,,常温 / ぬる燗 / 燗酒,出典記載,https://www.hakubotan.co.jp/products/%e3%80%90%e6%97%a5%e6%9c%ac%e9%85%92-%e7%99%bd%e7%89%a1%e4%b8%b9%e3%80%91%e7%b4%94%e7%b1%b3%e5%a4%a7%e5%90%9f%e9%86%b8-%e5%8e%9f%e9%85%92-%e4%b8%87%e5%b9%b4%e8%94%b5-%e6%9d%9c%e6%b0%8f-%e9%b9%bf/,千本錦,"720ml / 1,800ml","5,500～11,000円",一般流通,,https://www.hakubotan.co.jp/products/%e3%80%90%e6%97%a5%e6%9c%ac%e9%85%92-%e7%99%bd%e7%89%a1%e4%b8%b9%e3%80%91%e7%b4%94%e7%b1%b3%e5%a4%a7%e5%90%9f%e9%86%b8-%e5%8e%9f%e9%85%92-%e4%b8%87%e5%b9%b4%e8%94%b5-%e6%9d%9c%e6%b0%8f-%e9%b9%bf/,2,1675（延宝3）年、島六郎兵衛晴正が「嘉登屋」の屋号で酒造りを開始。1839年に鷹司政通公から「白牡丹」の酒名を賜り、1939年に白牡丹酒造株式会社を設立した。2024年には延宝蔵を含む西条酒造群が国史跡となり、2025年に創業350年を迎えた。,【ブランド史】1839（天保10）年、献上酒を評価した関白・鷹司政通公から、鷹司家の家紋「牡丹」にちなむ「白牡丹」の酒名を賜った。以来、蔵を代表する酒銘として受け継がれている。 【商品史】原酒という仕立てで通常品と区別される。2026-09-06時点で公式商品ページに現行品として掲載され、純米大吟醸、使用米 千本錦、精米歩合 38％の設計で展開されている。,常温から40℃前後のぬる燗を中心に、繊細な香りと上品な旨味を活かすのがおすすめ。より熱い燗も適温に含まれる場合は、45〜50℃程度まで上げて後口の締まり方を比べるとよい。
白牡丹酒造,白牡丹,,B,2026ワイングラスアワード金賞・現行おすすめ,純米大吟醸 悠星(ゆうせい),純米大吟醸,中口,日本酒度からの目安,-0.5,50％,,常温,出典記載,https://www.hakubotan.co.jp/products/%e3%80%90%e6%97%a5%e6%9c%ac%e9%85%92-%e7%99%bd%e7%89%a1%e4%b8%b9%e3%80%91%e7%b4%94%e7%b1%b3%e5%a4%a7%e5%90%9f%e9%86%b8-%e6%82%a0%e6%98%9f%e3%82%86%e3%81%86%e3%81%9b%e3%81%84720ml%e7%93%b6%e8%a9%b0/,八反35号,720ml,"2,970円",一般流通,,https://www.hakubotan.co.jp/products/%e3%80%90%e6%97%a5%e6%9c%ac%e9%85%92-%e7%99%bd%e7%89%a1%e4%b8%b9%e3%80%91%e7%b4%94%e7%b1%b3%e5%a4%a7%e5%90%9f%e9%86%b8-%e6%82%a0%e6%98%9f%e3%82%86%e3%81%86%e3%81%9b%e3%81%84720ml%e7%93%b6%e8%a9%b0/,1,1675（延宝3）年、島六郎兵衛晴正が「嘉登屋」の屋号で酒造りを開始。1839年に鷹司政通公から「白牡丹」の酒名を賜り、1939年に白牡丹酒造株式会社を設立した。2024年には延宝蔵を含む西条酒造群が国史跡となり、2025年に創業350年を迎えた。,【ブランド史】1839（天保10）年、献上酒を評価した関白・鷹司政通公から、鷹司家の家紋「牡丹」にちなむ「白牡丹」の酒名を賜った。以来、蔵を代表する酒銘として受け継がれている。 【商品史】広島令和一号酵母を用いる。2026-09-06時点で公式商品ページに現行品として掲載され、純米大吟醸、使用米 八反35号、精米歩合 50％の設計で展開されている。,冷やし過ぎず常温を基準に、繊細な香りと上品な旨味を活かすのがおすすめ。香りを強く出し過ぎず、食事と一緒にゆっくり温度変化を楽しむとよい。
白牡丹酒造,白牡丹,,C,,純米大吟醸 龍王井,純米大吟醸,やや甘口,日本酒度からの目安,-1.5,48％,,常温,出典記載,https://www.hakubotan.co.jp/products/%e3%80%90%e6%97%a5%e6%9c%ac%e9%85%92-%e7%99%bd%e7%89%a1%e4%b8%b9%e3%80%91%e9%be%8d%e7%8e%8b%e4%ba%95-300ml%e7%93%b6%e8%a9%b0%e3%80%90%e8%bc%b8%e5%87%ba/,中生新千本,300ml,,輸出・海外向け,,https://www.hakubotan.co.jp/products/%e3%80%90%e6%97%a5%e6%9c%ac%e9%85%92-%e7%99%bd%e7%89%a1%e4%b8%b9%e3%80%91%e9%be%8d%e7%8e%8b%e4%ba%95-300ml%e7%93%b6%e8%a9%b0%e3%80%90%e8%bc%b8%e5%87%ba/,1,1675（延宝3）年、島六郎兵衛晴正が「嘉登屋」の屋号で酒造りを開始。1839年に鷹司政通公から「白牡丹」の酒名を賜り、1939年に白牡丹酒造株式会社を設立した。2024年には延宝蔵を含む西条酒造群が国史跡となり、2025年に創業350年を迎えた。,【ブランド史】1839（天保10）年、献上酒を評価した関白・鷹司政通公から、鷹司家の家紋「牡丹」にちなむ「白牡丹」の酒名を賜った。以来、蔵を代表する酒銘として受け継がれている。 【商品史】輸出向けに展開される。2026-09-06時点で公式商品ページに現行品として掲載され、純米大吟醸、使用米 中生新千本、精米歩合 48％の設計で展開されている。,冷やし過ぎず常温を基準に、繊細な香りと上品な旨味を活かすのがおすすめ。香りを強く出し過ぎず、食事と一緒にゆっくり温度変化を楽しむとよい。
西條鶴醸造,西條鶴,,A,公式贈答・おすすめ定番,吟醸酒「ゴールド西條鶴」,吟醸,不明,公開情報で判定材料不足,,,,冷酒 / 常温 / ぬる燗,現行酒販店商品情報,https://osake-style.com/SHOP/10020122.html,,720ml,,一般流通,,https://saijotsuru.co.jp/?pid=157617449,1,1904（明治37）年、伊野本市松が西条で創業し、地名「西條」とめでたい「鶴」を合わせて「西條鶴」と命名した。創業時からの酒蔵や母屋は2016年に国の登録有形文化財となり、歴史的な建物で地酒を醸し続けている。,【ブランド史】1904（明治37）年の創業時、伊野本市松が地名「西條」と、めでたい象徴である「鶴」を合わせて命名。創業から現在まで蔵の主銘柄として継承されている。 【商品史】西條鶴の吟醸酒定番として展開され、公式商品ページではモンドセレクション連続金賞の実績を掲げる。国際品評会での評価を商品名「ゴールド」とともに訴求してきた商品である。,10〜15℃程度の冷酒を起点に、吟醸香と軽快な旨味のバランスを活かすのがおすすめ。常温も適温に含まれるため、グラスの中で少し温度を上げて香りと旨味の変化を比べるとよい。
西條鶴醸造,西條鶴,,C,,広島流辛口吟醸 吟醸生酒,吟醸,辛口,商品名に辛口表記,,,,要確認,公開情報で要確認,,,720ml,"2,200円",季節商品,,https://saijotsuru.co.jp/?pid=178569049,1,1904（明治37）年、伊野本市松が西条で創業し、地名「西條」とめでたい「鶴」を合わせて「西條鶴」と命名した。創業時からの酒蔵や母屋は2016年に国の登録有形文化財となり、歴史的な建物で地酒を醸し続けている。,【ブランド史】1904（明治37）年の創業時、伊野本市松が地名「西條」と、めでたい象徴である「鶴」を合わせて命名。創業から現在まで蔵の主銘柄として継承されている。 【商品史】生酒という仕立てで通常品と区別される。2026-09-06時点で公式商品ページに現行品として掲載され、吟醸の設計で展開されている。,公開情報で明確な推奨温度を確認できないため酒質からの目安。よく冷やした5〜10℃程度の冷酒を起点に、フレッシュさを活かす飲み方がおすすめ。少量ずつ温度を変え、香り・甘味・酸味・キレのバランスが最も整うところを探すとよい。
西條鶴醸造,西條鶴,,C,,新・生酛純米原酒「Natural」,純米,不明,公開情報で判定材料不足,,,,要確認,公開情報で要確認,,,,,一般流通,,https://saijotsuru.co.jp/?pid=168115135,1,1904（明治37）年、伊野本市松が西条で創業し、地名「西條」とめでたい「鶴」を合わせて「西條鶴」と命名した。創業時からの酒蔵や母屋は2016年に国の登録有形文化財となり、歴史的な建物で地酒を醸し続けている。,【ブランド史】1904（明治37）年の創業時、伊野本市松が地名「西條」と、めでたい象徴である「鶴」を合わせて命名。創業から現在まで蔵の主銘柄として継承されている。 【商品史】原酒・生酛という仕立てで通常品と区別される。2026-09-06時点で公式商品ページに現行品として掲載され、純米の設計で展開されている。,公開情報で明確な推奨温度を確認できないため酒質からの目安。常温から40℃前後のぬる燗を起点に、米の旨味と酸のふくらみを引き出す飲み方がおすすめ。少量ずつ温度を変え、香り・甘味・酸味・キレのバランスが最も整うところを探すとよい。
西條鶴醸造,西條鶴,,C,,純米『愛山』70,純米,不明,公開情報で判定材料不足,,,,要確認,公開情報で要確認,,,500ml,"2,200円",限定流通,,https://saijotsuru.co.jp/?pid=191215726,1,1904（明治37）年、伊野本市松が西条で創業し、地名「西條」とめでたい「鶴」を合わせて「西條鶴」と命名した。創業時からの酒蔵や母屋は2016年に国の登録有形文化財となり、歴史的な建物で地酒を醸し続けている。,【ブランド史】1904（明治37）年の創業時、伊野本市松が地名「西條」と、めでたい象徴である「鶴」を合わせて命名。創業から現在まで蔵の主銘柄として継承されている。 【商品史】兵庫県産愛山を70%精米で生かす純米酒として季節展開され、2026年は4月1日に蔵元から販売案内された。高精白ではなく酒米の個性を残す設計を前面に出した現行商品である。,公開情報で明確な推奨温度を確認できないため酒質からの目安。常温から40℃前後のぬる燗を起点に、米の旨味と酸のふくらみを引き出す飲み方がおすすめ。少量ずつ温度を変え、香り・甘味・酸味・キレのバランスが最も整うところを探すとよい。
西條鶴醸造,西條鶴,,C,,純米にごり酒（微発泡タイプ生酒）,純米,不明,公開情報で判定材料不足,,,,要確認,公開情報で要確認,,,720ml,"2,000円",季節商品,,https://saijotsuru.co.jp/?pid=155394785,1,1904（明治37）年、伊野本市松が西条で創業し、地名「西條」とめでたい「鶴」を合わせて「西條鶴」と命名した。創業時からの酒蔵や母屋は2016年に国の登録有形文化財となり、歴史的な建物で地酒を醸し続けている。,【ブランド史】1904（明治37）年の創業時、伊野本市松が地名「西條」と、めでたい象徴である「鶴」を合わせて命名。創業から現在まで蔵の主銘柄として継承されている。 【商品史】生酒・にごりという仕立てで通常品と区別される。2026-09-06時点で公式商品ページに現行品として掲載され、純米の設計で展開されている。,公開情報で明確な推奨温度を確認できないため酒質からの目安。よく冷やした5〜10℃程度の冷酒を起点に、発泡感やにごりの口当たりを活かす飲み方がおすすめ。少量ずつ温度を変え、香り・甘味・酸味・キレのバランスが最も整うところを探すとよい。
西條鶴醸造,西條鶴,,C,,純米生原酒,純米,不明,公開情報で判定材料不足,,,,冷酒,地域観光資料,https://higashihiroshima-digital-sightseeing.com/joy/ichioshi/,,300ml / 720ml,,一般流通,,https://saijotsuru.co.jp/?pid=154356753,1,1904（明治37）年、伊野本市松が西条で創業し、地名「西條」とめでたい「鶴」を合わせて「西條鶴」と命名した。創業時からの酒蔵や母屋は2016年に国の登録有形文化財となり、歴史的な建物で地酒を醸し続けている。,【ブランド史】1904（明治37）年の創業時、伊野本市松が地名「西條」と、めでたい象徴である「鶴」を合わせて命名。創業から現在まで蔵の主銘柄として継承されている。 【商品史】生原酒・原酒という仕立てで通常品と区別される。2026-09-06時点で公式商品ページに現行品として掲載され、純米の設計で展開されている。,まずは5〜10℃程度までしっかり冷やし、フレッシュさを活かすのがおすすめ。温度が上がり過ぎないうちに飲み、原酒で強く感じる場合に「ロック」の記載がある商品は大きめの氷を一つ加えると飲みやすい。
西條鶴醸造,西條鶴,,A,公式おすすめ・定番純米,純米酒「大地の風」,純米,不明,公開情報で判定材料不足,,,,冷酒 / 常温 / 熱燗,地域観光資料,https://higashihiroshima-digital-sightseeing.com/joy/ichioshi/,,"720ml / 1,800ml",,一般流通,,https://saijotsuru.co.jp/?pid=157617524,2,1904（明治37）年、伊野本市松が西条で創業し、地名「西條」とめでたい「鶴」を合わせて「西條鶴」と命名した。創業時からの酒蔵や母屋は2016年に国の登録有形文化財となり、歴史的な建物で地酒を醸し続けている。,【ブランド史】1904（明治37）年の創業時、伊野本市松が地名「西條」と、めでたい象徴である「鶴」を合わせて命名。創業から現在まで蔵の主銘柄として継承されている。 【商品史】西條鶴の「大地」を冠する純米酒として現行ラインを構成し、冷酒から熱燗まで季節をまたいで楽しむ食中酒として設計されている。純米吟醸「大地の冠」と対になる商品群の一つである。,冷酒では輪郭をすっきりと、40℃前後のぬる燗から燗酒では米の旨味と酸のふくらみを引き出す飲み方がおすすめ。食事に合わせるなら冷酒と燗の両方を試し、好みの温度帯を探すとよい。
西條鶴醸造,西條鶴,,A,公式おすすめ商品,辛口純米酒『きんさいや』,純米,辛口,商品名に辛口表記,,,,要確認,公開情報で要確認,,,500ml,,一般流通,,https://saijotsuru.co.jp/?pid=189850838,1,1904（明治37）年、伊野本市松が西条で創業し、地名「西條」とめでたい「鶴」を合わせて「西條鶴」と命名した。創業時からの酒蔵や母屋は2016年に国の登録有形文化財となり、歴史的な建物で地酒を醸し続けている。,【ブランド史】1904（明治37）年の創業時、伊野本市松が地名「西條」と、めでたい象徴である「鶴」を合わせて命名。創業から現在まで蔵の主銘柄として継承されている。 【商品史】商品名の「きんさいや」は広島弁の「いらっしゃい」に由来。広島各地の郷土料理と楽しめる酒を目標に設計され、地域の食文化との結び付きを商品名と酒質の両方に持たせた純米酒である。,公開情報で明確な推奨温度を確認できないため酒質からの目安。常温から40℃前後のぬる燗を起点に、米の旨味と酸のふくらみを引き出す飲み方がおすすめ。少量ずつ温度を変え、香り・甘味・酸味・キレのバランスが最も整うところを探すとよい。
西條鶴醸造,西條鶴,,C,,酒蔵限定酒・杜氏入魂無濾過純米生酒,純米,不明,公開情報で判定材料不足,,,,要確認,公開情報で要確認,,,720ml,"2,000円",限定流通,,https://saijotsuru.co.jp/?pid=154356283,1,1904（明治37）年、伊野本市松が西条で創業し、地名「西條」とめでたい「鶴」を合わせて「西條鶴」と命名した。創業時からの酒蔵や母屋は2016年に国の登録有形文化財となり、歴史的な建物で地酒を醸し続けている。,【ブランド史】1904（明治37）年の創業時、伊野本市松が地名「西條」と、めでたい象徴である「鶴」を合わせて命名。創業から現在まで蔵の主銘柄として継承されている。 【商品史】蔵元限定で展開される。生酒という仕立てで通常品と区別される。2026-09-06時点で公式商品ページに現行品として掲載され、純米の設計で展開されている。,公開情報で明確な推奨温度を確認できないため酒質からの目安。よく冷やした5〜10℃程度の冷酒を起点に、フレッシュさを活かす飲み方がおすすめ。少量ずつ温度を変え、香り・甘味・酸味・キレのバランスが最も整うところを探すとよい。
西條鶴醸造,西條鶴,,C,,酒蔵限定酒・無濾過純米生酒,純米,不明,公開情報で判定材料不足,,,,要確認,公開情報で要確認,,,720ml,"2,000円",限定流通,,https://saijotsuru.co.jp/?pid=154356253,1,1904（明治37）年、伊野本市松が西条で創業し、地名「西條」とめでたい「鶴」を合わせて「西條鶴」と命名した。創業時からの酒蔵や母屋は2016年に国の登録有形文化財となり、歴史的な建物で地酒を醸し続けている。,【ブランド史】1904（明治37）年の創業時、伊野本市松が地名「西條」と、めでたい象徴である「鶴」を合わせて命名。創業から現在まで蔵の主銘柄として継承されている。 【商品史】蔵元限定で展開される。生酒という仕立てで通常品と区別される。2026-09-06時点で公式商品ページに現行品として掲載され、純米の設計で展開されている。,公開情報で明確な推奨温度を確認できないため酒質からの目安。よく冷やした5〜10℃程度の冷酒を起点に、フレッシュさを活かす飲み方がおすすめ。少量ずつ温度を変え、香り・甘味・酸味・キレのバランスが最も整うところを探すとよい。
西條鶴醸造,西條鶴,,A,公式おすすめ・定番純米吟醸,純米吟醸「大地の冠」,純米吟醸,不明,公開情報で判定材料不足,,,,要確認,公開情報で要確認,,,"720ml / 1,800ml",,一般流通,,https://saijotsuru.co.jp/?pid=157617368,2,1904（明治37）年、伊野本市松が西条で創業し、地名「西條」とめでたい「鶴」を合わせて「西條鶴」と命名した。創業時からの酒蔵や母屋は2016年に国の登録有形文化財となり、歴史的な建物で地酒を醸し続けている。,【ブランド史】1904（明治37）年の創業時、伊野本市松が地名「西條」と、めでたい象徴である「鶴」を合わせて命名。創業から現在まで蔵の主銘柄として継承されている。 【商品史】西條鶴の「大地」を冠する純米吟醸として現行商品群を構成する一本。公式商品ページでは、酸味と辛さをやわらかくまとめた上品な酒質を掲げ、純米酒「大地の風」より上位の吟醸設計として展開されている。,公開情報で明確な推奨温度を確認できないため酒質からの目安。10〜15℃程度の冷酒を起点に、吟醸香と軽快な旨味のバランスを活かす飲み方がおすすめ。少量ずつ温度を変え、香り・甘味・酸味・キレのバランスが最も整うところを探すとよい。
西條鶴醸造,西條鶴,,C,,純米吟醸「雄町・秋あがり」,純米吟醸,不明,公開情報で判定材料不足,,,,要確認,公開情報で要確認,,,,,一般流通,,https://saijotsuru.co.jp/?pid=154356132,1,1904（明治37）年、伊野本市松が西条で創業し、地名「西條」とめでたい「鶴」を合わせて「西條鶴」と命名した。創業時からの酒蔵や母屋は2016年に国の登録有形文化財となり、歴史的な建物で地酒を醸し続けている。,【ブランド史】1904（明治37）年の創業時、伊野本市松が地名「西條」と、めでたい象徴である「鶴」を合わせて命名。創業から現在まで蔵の主銘柄として継承されている。 【商品史】雄町を使う秋限定の純米吟醸として継続展開され、2026年は8月31日に蔵元から販売案内された。ひと夏を越してまとまった酒質を「秋あがり」として出す季節商品の位置づけを持つ。,公開情報で明確な推奨温度を確認できないため酒質からの目安。常温から40℃前後のぬる燗を起点に、熟成でまとまった旨味を引き出す飲み方がおすすめ。少量ずつ温度を変え、香り・甘味・酸味・キレのバランスが最も整うところを探すとよい。
西條鶴醸造,西條鶴,,C,,酒蔵限定酒・無濾過純米吟醸生酒,純米吟醸,不明,公開情報で判定材料不足,,,,要確認,公開情報で要確認,,,720ml,"3,000円",限定流通,,https://saijotsuru.co.jp/?pid=154356266,1,1904（明治37）年、伊野本市松が西条で創業し、地名「西條」とめでたい「鶴」を合わせて「西條鶴」と命名した。創業時からの酒蔵や母屋は2016年に国の登録有形文化財となり、歴史的な建物で地酒を醸し続けている。,【ブランド史】1904（明治37）年の創業時、伊野本市松が地名「西條」と、めでたい象徴である「鶴」を合わせて命名。創業から現在まで蔵の主銘柄として継承されている。 【商品史】蔵元限定で展開される。生酒という仕立てで通常品と区別される。2026-09-06時点で公式商品ページに現行品として掲載され、純米吟醸の設計で展開されている。,公開情報で明確な推奨温度を確認できないため酒質からの目安。よく冷やした5〜10℃程度の冷酒を起点に、フレッシュさを活かす飲み方がおすすめ。少量ずつ温度を変え、香り・甘味・酸味・キレのバランスが最も整うところを探すとよい。
西條鶴醸造,西條鶴,,C,,酒蔵限定酒・純米吟醸「備前雄町」,純米吟醸,不明,公開情報で判定材料不足,,,,要確認,公開情報で要確認,,,720ml,"2,500円",限定流通,,https://saijotsuru.co.jp/?pid=154356303,1,1904（明治37）年、伊野本市松が西条で創業し、地名「西條」とめでたい「鶴」を合わせて「西條鶴」と命名した。創業時からの酒蔵や母屋は2016年に国の登録有形文化財となり、歴史的な建物で地酒を醸し続けている。,【ブランド史】1904（明治37）年の創業時、伊野本市松が地名「西條」と、めでたい象徴である「鶴」を合わせて命名。創業から現在まで蔵の主銘柄として継承されている。 【商品史】蔵元限定で展開される。2026-09-06時点で公式商品ページに現行品として掲載され、純米吟醸の設計で展開されている。,公開情報で明確な推奨温度を確認できないため酒質からの目安。10〜15℃程度の冷酒を起点に、吟醸香と軽快な旨味のバランスを活かす飲み方がおすすめ。少量ずつ温度を変え、香り・甘味・酸味・キレのバランスが最も整うところを探すとよい。
西條鶴醸造,西條鶴,,B,公式純米大吟醸カテゴリの現行商品,純米大吟醸「西鶴」,純米大吟醸,不明,公開情報で判定材料不足,,,,常温,広島県資料,https://www.pref.hiroshima.lg.jp/uploaded/attachment/524371.pdf,,720ml,,一般流通,,https://saijotsuru.co.jp/?pid=157617273,1,1904（明治37）年、伊野本市松が西条で創業し、地名「西條」とめでたい「鶴」を合わせて「西條鶴」と命名した。創業時からの酒蔵や母屋は2016年に国の登録有形文化財となり、歴史的な建物で地酒を醸し続けている。,【ブランド史】1904（明治37）年の創業時、伊野本市松が地名「西條」と、めでたい象徴である「鶴」を合わせて命名。創業から現在まで蔵の主銘柄として継承されている。 【商品史】蔵名の「西條鶴」を縮めた「西鶴」を名に持つ純米大吟醸。公式商品ページでは「広島流辛口純米大吟醸」と位置づけ、華やかな香りとキレる酸を両立する上位商品として展開されている。,冷やし過ぎず常温を基準に、繊細な香りと上品な旨味を活かすのがおすすめ。香りを強く出し過ぎず、食事と一緒にゆっくり温度変化を楽しむとよい。
西條鶴醸造,西條鶴,,A,公式おすすめ・純米大吟醸の中心商品,純米大吟醸原酒「神髄」,純米大吟醸,不明,公開情報で判定材料不足,,,,常温,広島県資料,https://www.pref.hiroshima.lg.jp/uploaded/attachment/524371.pdf,,"180ml / 500ml / 720ml / 1,800ml","6,600円",一般流通,,https://saijotsuru.co.jp/?pid=180817561,4,1904（明治37）年、伊野本市松が西条で創業し、地名「西條」とめでたい「鶴」を合わせて「西條鶴」と命名した。創業時からの酒蔵や母屋は2016年に国の登録有形文化財となり、歴史的な建物で地酒を醸し続けている。,【ブランド史】1904（明治37）年の創業時、伊野本市松が地名「西條」と、めでたい象徴である「鶴」を合わせて命名。創業から現在まで蔵の主銘柄として継承されている。 【商品史】西條鶴が「全てを凝縮した一本」と位置づける代表的な純米大吟醸原酒。モンドセレクションで1999年から25年連続金賞以上を受賞し、2023年には25年間の品質維持に対するプレステージトロフィーを受賞した。,冷やし過ぎず常温を基準に、繊細な香りと上品な旨味を活かすのがおすすめ。香りを強く出し過ぎず、食事と一緒にゆっくり温度変化を楽しむとよい。
西條鶴醸造,西條鶴,,C,,純米大吟醸原酒「飛天空」,純米大吟醸,不明,公開情報で判定材料不足,,,,要確認,公開情報で要確認,,,720ml,,一般流通,,https://saijotsuru.co.jp/?pid=154356442,1,1904（明治37）年、伊野本市松が西条で創業し、地名「西條」とめでたい「鶴」を合わせて「西條鶴」と命名した。創業時からの酒蔵や母屋は2016年に国の登録有形文化財となり、歴史的な建物で地酒を醸し続けている。,【ブランド史】1904（明治37）年の創業時、伊野本市松が地名「西條」と、めでたい象徴である「鶴」を合わせて命名。創業から現在まで蔵の主銘柄として継承されている。 【商品史】原酒という仕立てで通常品と区別される。2026-09-06時点で公式商品ページに現行品として掲載され、純米大吟醸の設計で展開されている。,公開情報で明確な推奨温度を確認できないため酒質からの目安。10〜15℃程度の冷酒を起点に、繊細な香りと上品な旨味を活かす飲み方がおすすめ。少量ずつ温度を変え、香り・甘味・酸味・キレのバランスが最も整うところを探すとよい。
西條鶴醸造,西條鶴,,C,,酒蔵限定酒・純米大吟醸原酒,純米大吟醸,不明,公開情報で判定材料不足,,,,要確認,公開情報で要確認,,,720ml,"4,000円",限定流通,,https://saijotsuru.co.jp/?pid=154356394,1,1904（明治37）年、伊野本市松が西条で創業し、地名「西條」とめでたい「鶴」を合わせて「西條鶴」と命名した。創業時からの酒蔵や母屋は2016年に国の登録有形文化財となり、歴史的な建物で地酒を醸し続けている。,【ブランド史】1904（明治37）年の創業時、伊野本市松が地名「西條」と、めでたい象徴である「鶴」を合わせて命名。創業から現在まで蔵の主銘柄として継承されている。 【商品史】蔵元限定で展開される。原酒という仕立てで通常品と区別される。2026-09-06時点で公式商品ページに現行品として掲載され、純米大吟醸の設計で展開されている。,公開情報で明確な推奨温度を確認できないため酒質からの目安。10〜15℃程度の冷酒を起点に、繊細な香りと上品な旨味を活かす飲み方がおすすめ。少量ずつ温度を変え、香り・甘味・酸味・キレのバランスが最も整うところを探すとよい。
亀齢酒造,亀齢萬年,,C,,亀齢萬年 山田錦 生酒,その他,辛口,公開情報で判定材料不足,,60％,17度,要確認,出典記載,https://www.hiroshimasake.com/product/15,山田錦,"720ml / 1,800ml","1,408～2,640円",季節商品,現行小売店で販売確認（メーカー公式の販売状態ではない）,https://www.hiroshimasake.com/product/15,2,公式会社概要では1898（明治31）年創業、屋号は「吉田屋」。明治期に親しまれた「吉田屋の酒」から「亀齢」へ名を改め、1939年に亀齢酒造株式会社を設立した。甘口が多い広島で、すっきり辛口を蔵の個性として守ってきた。,【ブランド史】亀齢の長寿・繁栄の意味をさらに強く打ち出す派生銘柄。少なくとも2018年にはANA国際線向け限定大吟醸が「人気の亀齢萬年ブランド」として販売されており、現在も山田錦・原酒五拾など限定性の高い商品群に用いられている。 【商品史】少なくとも2016年5月31日には専門流通ページで取扱いが確認できる亀齢萬年の生酒。山田錦で醸した酒を蔵内約マイナス3℃で氷温長期熟成し、新酒感と熟成の丸みを両立させる設計で継続している。,公開情報で明確な推奨温度を確認できないため酒質からの目安。よく冷やした5〜10℃程度の冷酒を起点に、フレッシュさを活かす飲み方がおすすめ。少量ずつ温度を変え、香り・甘味・酸味・キレのバランスが最も整うところを探すとよい。
亀齢酒造,亀齢萬年,,C,,亀齢萬年 山田錦おりがらみ 生酒,その他,辛口,公開情報で判定材料不足,,60％,17度,要確認,出典記載,https://www.hiroshimasake.com/product/564,山田錦,"720ml / 1,800ml","1,408～2,640円",季節商品,現行小売店で販売確認（メーカー公式の販売状態ではない）,https://www.hiroshimasake.com/product/564,2,公式会社概要では1898（明治31）年創業、屋号は「吉田屋」。明治期に親しまれた「吉田屋の酒」から「亀齢」へ名を改め、1939年に亀齢酒造株式会社を設立した。甘口が多い広島で、すっきり辛口を蔵の個性として守ってきた。,【ブランド史】亀齢の長寿・繁栄の意味をさらに強く打ち出す派生銘柄。少なくとも2018年にはANA国際線向け限定大吟醸が「人気の亀齢萬年ブランド」として販売されており、現在も山田錦・原酒五拾など限定性の高い商品群に用いられている。 【商品史】生酒・おりがらみという仕立てで通常品と区別される。2026-09-06時点で現行の流通・商品ページに現行品として掲載され、使用米 山田錦、精米歩合 60％の設計で展開されている。,公開情報で明確な推奨温度を確認できないため酒質からの目安。よく冷やした5〜10℃程度の冷酒を起点に、フレッシュさを活かす飲み方がおすすめ。少量ずつ温度を変え、香り・甘味・酸味・キレのバランスが最も整うところを探すとよい。
亀齢酒造,亀齢,,A,公式直売所限定の代表酒として現行販売,吉田屋の酒,その他,不明,公開情報で判定材料不足,,,,要確認,公開情報で要確認,,,,,一般流通,公式直売所の主な販売酒,https://kireikireikirei.jimdofree.com/酒蔵土産売場-まねきや/,1,公式会社概要では1898（明治31）年創業、屋号は「吉田屋」。明治期に親しまれた「吉田屋の酒」から「亀齢」へ名を改め、1939年に亀齢酒造株式会社を設立した。甘口が多い広島で、すっきり辛口を蔵の個性として守ってきた。,【ブランド史】古くは「吉田屋の酒」として親しまれ、明治期に当主・石井幸太郎が「鶴は千年、亀は万年」の言葉にちなみ、長命と永遠の繁栄を願って「亀齢」と命名した。 【商品史】亀齢の旧来の呼称「吉田屋の酒」を現代の商品名として残した、直売所「万年亀舎」だけの限定酒。ブランドが亀齢へ改称する以前の屋号・酒名を、蔵限定商品として現在へ伝えている。,公開情報で明確な推奨温度を確認できないため酒質からの目安。10〜15℃程度の冷酒から常温を起点に、香味のまとまりを引き出す飲み方がおすすめ。少量ずつ温度を変え、香り・甘味・酸味・キレのバランスが最も整うところを探すとよい。
亀齢酒造,亀齢,,A,現行流通の代表高級酒,亀齢 大吟醸 創,大吟醸,辛口,日本酒度からの目安,＋５,４５％,17度以上18度未満,冷酒 / ロック,出典記載,https://www.hiroshimasake.com/product/17,山田錦,720ml,"3,300円",一般流通,現行小売店で販売確認（メーカー公式の販売状態ではない）,https://www.hiroshimasake.com/product/17,1,公式会社概要では1898（明治31）年創業、屋号は「吉田屋」。明治期に親しまれた「吉田屋の酒」から「亀齢」へ名を改め、1939年に亀齢酒造株式会社を設立した。甘口が多い広島で、すっきり辛口を蔵の個性として守ってきた。,【ブランド史】古くは「吉田屋の酒」として親しまれ、明治期に当主・石井幸太郎が「鶴は千年、亀は万年」の言葉にちなみ、長命と永遠の繁栄を願って「亀齢」と命名した。 【商品史】2026-09-06時点で現行の流通・商品ページに現行品として掲載され、大吟醸、使用米 山田錦、精米歩合 ４５％の設計で展開されている。,10〜15℃程度の冷酒を起点に、繊細な香りと上品な旨味を活かすのがおすすめ。
亀齢酒造,亀齢,,B,地元で継続流通する定番酒,亀齢 上撰,普通酒・上撰,辛口,現行販売店の商品説明,,,,冷酒 / 燗酒,現行販売店の商品説明,https://osake-style.com/SHOP/11012948.html,,"1,800ml","2,398円",一般流通,現行酒販店で在庫ありを確認,https://osake-style.com/SHOP/11012948.html,2,公式会社概要では1898（明治31）年創業、屋号は「吉田屋」。明治期に親しまれた「吉田屋の酒」から「亀齢」へ名を改め、1939年に亀齢酒造株式会社を設立した。甘口が多い広島で、すっきり辛口を蔵の個性として守ってきた。,【ブランド史】古くは「吉田屋の酒」として親しまれ、明治期に当主・石井幸太郎が「鶴は千年、亀は万年」の言葉にちなみ、長命と永遠の繁栄を願って「亀齢」と命名した。 【商品史】亀齢の基本的な辛口本醸造として流通し、現行の専門商品ページでは常温・ぬる燗・熱燗を特に高く評価する定番酒として紹介されている。蔵の濃醇辛口の系譜を日常酒として担う商品である。,冷酒では輪郭をすっきりと、40℃前後のぬる燗から燗酒では日常酒らしいキレと旨味を引き出す飲み方がおすすめ。食事に合わせるなら冷酒と燗の両方を試し、好みの温度帯を探すとよい。
亀齢酒造,亀齢,,B,2026年現行流通の個性派純米,亀齢 無濾過 五段仕込純米酒 八九(はちく) 生酒,純米,甘口,日本酒度からの目安,-18,70％,17度,要確認,出典記載,https://www.hiroshimasake.com/product/182,,"720ml / 1,800ml","1,650～2,860円",季節商品,現行小売店で販売確認（メーカー公式の販売状態ではない）,https://www.hiroshimasake.com/product/182,2,公式会社概要では1898（明治31）年創業、屋号は「吉田屋」。明治期に親しまれた「吉田屋の酒」から「亀齢」へ名を改め、1939年に亀齢酒造株式会社を設立した。甘口が多い広島で、すっきり辛口を蔵の個性として守ってきた。,【ブランド史】古くは「吉田屋の酒」として親しまれ、明治期に当主・石井幸太郎が「鶴は千年、亀は万年」の言葉にちなみ、長命と永遠の繁栄を願って「亀齢」と命名した。 【商品史】辛口を基調とする亀齢では珍しい甘口の純米生酒として、年1回の限定発売で展開される商品。麹歩合89%と五段仕込みを組み合わせる独自設計が商品名「八九」の核になっている。,公開情報で明確な推奨温度を確認できないため酒質からの目安。よく冷やした5〜10℃程度の冷酒を起点に、フレッシュさを活かす飲み方がおすすめ。少量ずつ温度を変え、香り・甘味・酸味・キレのバランスが最も整うところを探すとよい。
亀齢酒造,亀齢,,A,現行流通で代表銘柄として広く扱われる辛口純米,亀齢 辛口純米 八拾,純米,辛口,商品名に辛口表記,＋５,８０％,17度,要確認,出典記載,https://www.hiroshimasake.com/product/37,中生新千本,"720ml / 1,800ml","1,430～2,500円",限定流通,現行小売店で販売確認（メーカー公式の販売状態ではない）,https://www.hiroshimasake.com/product/37,2,公式会社概要では1898（明治31）年創業、屋号は「吉田屋」。明治期に親しまれた「吉田屋の酒」から「亀齢」へ名を改め、1939年に亀齢酒造株式会社を設立した。甘口が多い広島で、すっきり辛口を蔵の個性として守ってきた。,【ブランド史】古くは「吉田屋の酒」として親しまれ、明治期に当主・石井幸太郎が「鶴は千年、亀は万年」の言葉にちなみ、長命と永遠の繁栄を願って「亀齢」と命名した。 【商品史】少なくとも2016年3月11日には専門流通ページで取扱いが確認できる限定流通の辛口純米。中生新千本を80%精米で使う低精白設計を特徴とし、現在まで継続して流通している。,公開情報で明確な推奨温度を確認できないため酒質からの目安。10〜15℃程度の冷酒を起点に、米の旨味と酸のふくらみを引き出す飲み方がおすすめ。少量ずつ温度を変え、香り・甘味・酸味・キレのバランスが最も整うところを探すとよい。
亀齢酒造,亀齢,,A,現行流通で代表銘柄として広く扱われる辛口純米,亀齢 辛口純米 八拾 生酒,純米,辛口,商品名に辛口表記,,80％,17.0度,要確認,出典記載,https://www.hiroshimasake.com/product/96,中生新千本,"720ml / 1,800ml","1,430～2,500円",季節商品,現行小売店で販売確認（メーカー公式の販売状態ではない）,https://www.hiroshimasake.com/product/96,2,公式会社概要では1898（明治31）年創業、屋号は「吉田屋」。明治期に親しまれた「吉田屋の酒」から「亀齢」へ名を改め、1939年に亀齢酒造株式会社を設立した。甘口が多い広島で、すっきり辛口を蔵の個性として守ってきた。,【ブランド史】古くは「吉田屋の酒」として親しまれ、明治期に当主・石井幸太郎が「鶴は千年、亀は万年」の言葉にちなみ、長命と永遠の繁栄を願って「亀齢」と命名した。 【商品史】人気商品として案内される。生酒という仕立てで通常品と区別される。2026-09-06時点で現行の流通・商品ページに現行品として掲載され、純米、使用米 中生新千本、精米歩合 80％の設計で展開されている。,公開情報で明確な推奨温度を確認できないため酒質からの目安。よく冷やした5〜10℃程度の冷酒を起点に、フレッシュさを活かす飲み方がおすすめ。少量ずつ温度を変え、香り・甘味・酸味・キレのバランスが最も整うところを探すとよい。
亀齢酒造,亀齢,,B,2026年東広島10蔵定期便採用の現行純米吟醸,亀齢 純米吟醸 六拾,純米吟醸,不明,公開情報で判定材料不足,,,,要確認,公開情報で要確認,,,720ml,,一般流通,2026年5月 東広島10蔵定期便採用,https://e-sake.jp/article/article-1369/,1,公式会社概要では1898（明治31）年創業、屋号は「吉田屋」。明治期に親しまれた「吉田屋の酒」から「亀齢」へ名を改め、1939年に亀齢酒造株式会社を設立した。甘口が多い広島で、すっきり辛口を蔵の個性として守ってきた。,【ブランド史】古くは「吉田屋の酒」として親しまれ、明治期に当主・石井幸太郎が「鶴は千年、亀は万年」の言葉にちなみ、長命と永遠の繁栄を願って「亀齢」と命名した。 【商品史】東広島市の「日本酒10蔵定期便」で、蔵元・杜氏が選ぶ酒の一つとして現行取扱いを確認できる純米吟醸。精米歩合を商品名に掲げる亀齢の六拾系商品として流通している。,公開情報で明確な推奨温度を確認できないため酒質からの目安。10〜15℃程度の冷酒を起点に、吟醸香と軽快な旨味のバランスを活かす飲み方がおすすめ。少量ずつ温度を変え、香り・甘味・酸味・キレのバランスが最も整うところを探すとよい。
亀齢酒造,亀齢,,B,2026年現行流通の原形精米シリーズ,亀齢 純米吟醸 原形精米 migaki 無濾過生酒,純米吟醸,辛口,公開情報で判定材料不足,,60％,16度,要確認,出典記載,https://www.hiroshimasake.com/product/550,千本錦100%,"720ml / 1,800ml","1,760～2,904円",季節商品,現行小売店で販売確認（メーカー公式の販売状態ではない）,https://www.hiroshimasake.com/product/550,2,公式会社概要では1898（明治31）年創業、屋号は「吉田屋」。明治期に親しまれた「吉田屋の酒」から「亀齢」へ名を改め、1939年に亀齢酒造株式会社を設立した。甘口が多い広島で、すっきり辛口を蔵の個性として守ってきた。,【ブランド史】古くは「吉田屋の酒」として親しまれ、明治期に当主・石井幸太郎が「鶴は千年、亀は万年」の言葉にちなみ、長命と永遠の繁栄を願って「亀齢」と命名した。 【商品史】玄米の形を保ちながら磨く「原形精米」を採用した純米吟醸の無濾過生酒。従来の球形精米とは異なる精米技術を商品コンセプトに据えた限定ラインとして展開されている。,公開情報で明確な推奨温度を確認できないため酒質からの目安。よく冷やした5〜10℃程度の冷酒を起点に、フレッシュさを活かす飲み方がおすすめ。少量ずつ温度を変え、香り・甘味・酸味・キレのバランスが最も整うところを探すとよい。
亀齢酒造,亀齢,,B,2026年現行流通の原形精米シリーズ,亀齢 純米吟醸 原形精米 migaki 萌えいぶき 生酒,純米吟醸,不明,公開情報で判定材料不足,,60％,18度,要確認,出典記載,https://www.hiroshimasake.com/product/581,萌えいぶき,"720ml / 1,800ml","1,815～3,520円",季節商品,現行小売店で販売確認（メーカー公式の販売状態ではない）,https://www.hiroshimasake.com/product/581,2,公式会社概要では1898（明治31）年創業、屋号は「吉田屋」。明治期に親しまれた「吉田屋の酒」から「亀齢」へ名を改め、1939年に亀齢酒造株式会社を設立した。甘口が多い広島で、すっきり辛口を蔵の個性として守ってきた。,【ブランド史】古くは「吉田屋の酒」として親しまれ、明治期に当主・石井幸太郎が「鶴は千年、亀は万年」の言葉にちなみ、長命と永遠の繁栄を願って「亀齢」と命名した。 【商品史】原形精米の「migaki」系列に、広島県の新しい酒米「萌えいぶき」を組み合わせた生酒。新酒米と新しい精米方法を同時に試す商品として、現行の限定ラインに加わっている。,公開情報で明確な推奨温度を確認できないため酒質からの目安。よく冷やした5〜10℃程度の冷酒を起点に、フレッシュさを活かす飲み方がおすすめ。少量ずつ温度を変え、香り・甘味・酸味・キレのバランスが最も整うところを探すとよい。
亀齢酒造,亀齢萬年,,A,亀齢萬年を代表する2026年現行の純米大吟醸ライン,亀齢萬年 純米大吟醸原酒五拾 生酒,純米大吟醸,辛口,公開情報で判定材料不足,,50％,17度,要確認,出典記載,https://www.hiroshimasake.com/product/552,広島造賀産線状心白米100%,"720ml / 1,800ml","2,200～3,960円",季節商品,現行小売店で販売確認（メーカー公式の販売状態ではない）,https://www.hiroshimasake.com/product/552,2,公式会社概要では1898（明治31）年創業、屋号は「吉田屋」。明治期に親しまれた「吉田屋の酒」から「亀齢」へ名を改め、1939年に亀齢酒造株式会社を設立した。甘口が多い広島で、すっきり辛口を蔵の個性として守ってきた。,【ブランド史】亀齢の長寿・繁栄の意味をさらに強く打ち出す派生銘柄。少なくとも2018年にはANA国際線向け限定大吟醸が「人気の亀齢萬年ブランド」として販売されており、現在も山田錦・原酒五拾など限定性の高い商品群に用いられている。 【商品史】亀齢萬年の原酒五拾系列で、広島・造賀で復活した「線状心白米」を使う限定生酒。栽培が一度途絶えた米を西垣杜氏の希望で県内復活させ、その米の個性を50%精米の純米大吟醸原酒として表現している。,公開情報で明確な推奨温度を確認できないため酒質からの目安。よく冷やした5〜10℃程度の冷酒を起点に、フレッシュさを活かす飲み方がおすすめ。少量ずつ温度を変え、香り・甘味・酸味・キレのバランスが最も整うところを探すとよい。
亀齢酒造,亀齢萬年,,C,,亀齢萬年 純米大吟醸原酒五拾 袋吊りおりがらみ 生酒,純米大吟醸,辛口,公開情報で判定材料不足,,50％,18度,要確認,出典記載,https://www.hiroshimasake.com/product/412,広島造賀産線状心白米100%,"720ml / 1,800ml","2,420～4,400円",季節商品,現行小売店で販売確認（メーカー公式の販売状態ではない）,https://www.hiroshimasake.com/product/412,2,公式会社概要では1898（明治31）年創業、屋号は「吉田屋」。明治期に親しまれた「吉田屋の酒」から「亀齢」へ名を改め、1939年に亀齢酒造株式会社を設立した。甘口が多い広島で、すっきり辛口を蔵の個性として守ってきた。,【ブランド史】亀齢の長寿・繁栄の意味をさらに強く打ち出す派生銘柄。少なくとも2018年にはANA国際線向け限定大吟醸が「人気の亀齢萬年ブランド」として販売されており、現在も山田錦・原酒五拾など限定性の高い商品群に用いられている。 【商品史】原酒五拾を袋吊りで搾り、さらにおりを絡めて瓶詰めする限定派生品。復活した造賀産の線状心白米を使う系列の中でも、搾り方とおりの有無で通常の原酒五拾との差を出している。,公開情報で明確な推奨温度を確認できないため酒質からの目安。よく冷やした5〜10℃程度の冷酒を起点に、フレッシュさを活かす飲み方がおすすめ。少量ずつ温度を変え、香り・甘味・酸味・キレのバランスが最も整うところを探すとよい。
亀齢酒造,亀齢,,A,公式直売所の主な販売酒・代表上位酒,純米大吟醸 亀香,純米大吟醸,不明,公開情報で判定材料不足,,,,常温 / 冷酒,地域観光資料,https://higashihiroshima-digital-sightseeing.com/joy/ichioshi/,,,,一般流通,公式直売所の主な販売酒,https://kireikireikirei.jimdofree.com/酒蔵土産売場-まねきや/,1,公式会社概要では1898（明治31）年創業、屋号は「吉田屋」。明治期に親しまれた「吉田屋の酒」から「亀齢」へ名を改め、1939年に亀齢酒造株式会社を設立した。甘口が多い広島で、すっきり辛口を蔵の個性として守ってきた。,【ブランド史】古くは「吉田屋の酒」として親しまれ、明治期に当主・石井幸太郎が「鶴は千年、亀は万年」の言葉にちなみ、長命と永遠の繁栄を願って「亀齢」と命名した。 【商品史】亀齢酒造の直売所「万年亀舎」で、大吟醸「創」や「吉田屋の酒」と並ぶ主な販売酒として継続掲示されている純米大吟醸。蔵直売の上位商品群を担う一本である。,10〜15℃程度の冷酒を起点に、繊細な香りと上品な旨味を活かすのがおすすめ。常温も適温に含まれるため、グラスの中で少し温度を上げて香りと旨味の変化を比べるとよい。
福美人酒造,福美人,,C,,広島の酒,その他,甘口,日本酒度からの目安,-4.0,70%,15度,燗酒,出典記載,https://www.fukubijin.co.jp/SHOP/3110.html,,,,一般流通,,https://www.fukubijin.co.jp/SHOP/3110.html,1,1917（大正6）年創業。早くから高い醸造技術で知られ、全国から酒造技術者が学びに訪れたことから「西條酒造学校」と呼ばれ、多くの杜氏育成に関わった。現在は恵比寿庫・大黒庫を擁し、伝統的な技術を継承している。,【ブランド史】蔵の公式直売ページでは、旧地名「福神」と「美人のようにふくよかで、やさしく穏やかな味」を目指したことが名の由来と説明される。1917年の創業以来、蔵の主銘柄として続いている。 【商品史】福美人の公式直売ページが「蔵の特徴をもっとも感じる酒」と位置づける商品。全国の杜氏を育てた蔵の酒質を、日常的な価格帯で伝える現行ラインとして継続している。,常温から40℃前後のぬる燗を中心に、香味のまとまりを引き出すのがおすすめ。より熱い燗も適温に含まれる場合は、45〜50℃程度まで上げて後口の締まり方を比べるとよい。
福美人酒造,福美人,,C,,樽酒,その他,やや甘口,日本酒度からの目安,-2.0,70%,15度以上16度未満,要確認,公開情報で要確認,,,,,一般流通,,https://www.fukubijin.co.jp/SHOP/3220.html,3,1917（大正6）年創業。早くから高い醸造技術で知られ、全国から酒造技術者が学びに訪れたことから「西條酒造学校」と呼ばれ、多くの杜氏育成に関わった。現在は恵比寿庫・大黒庫を擁し、伝統的な技術を継承している。,【ブランド史】蔵の公式直売ページでは、旧地名「福神」と「美人のようにふくよかで、やさしく穏やかな味」を目指したことが名の由来と説明される。1917年の創業以来、蔵の主銘柄として続いている。 【商品史】福美人の公式直売ページで「祝いの席におきたい樽酒」と案内される祝宴向け商品。通常瓶とは役割を分け、慶事・鏡開きなど日本酒の儀礼的な用途を受け持つ商品として展開されている。,公開情報で明確な推奨温度を確認できないため酒質からの目安。10〜15℃程度の冷酒から常温を起点に、香味のまとまりを引き出す飲み方がおすすめ。少量ずつ温度を変え、香り・甘味・酸味・キレのバランスが最も整うところを探すとよい。
福美人酒造,福美人,,C,,純金箔入り,その他,やや甘口,日本酒度からの目安,-3.0,70%,15度,要確認,公開情報で要確認,,,,,一般流通,,https://www.fukubijin.co.jp/SHOP/3818.html,1,1917（大正6）年創業。早くから高い醸造技術で知られ、全国から酒造技術者が学びに訪れたことから「西條酒造学校」と呼ばれ、多くの杜氏育成に関わった。現在は恵比寿庫・大黒庫を擁し、伝統的な技術を継承している。,【ブランド史】蔵の公式直売ページでは、旧地名「福神」と「美人のようにふくよかで、やさしく穏やかな味」を目指したことが名の由来と説明される。1917年の創業以来、蔵の主銘柄として続いている。 【商品史】金箔を加えた祝儀・贈答向け商品として福美人の現行ラインに置かれている一本。蔵元ページでは搾りたてを思わせる濃厚で芳醇な旨味を特徴として案内されている。,公開情報で明確な推奨温度を確認できないため酒質からの目安。10〜15℃程度の冷酒から常温を起点に、香味のまとまりを引き出す飲み方がおすすめ。少量ずつ温度を変え、香り・甘味・酸味・キレのバランスが最も整うところを探すとよい。
福美人酒造,福美人,,C,,蔵内限定 甘い口どけ豊醇原酒,その他,甘口,商品名・商品説明上の甘口表記,-5.0,70%,19度以上20度未満,ロック,出典記載,https://www.fukubijin.co.jp/SHOP/2203.html,,720ml,"1,116円",限定流通,,https://www.fukubijin.co.jp/SHOP/2203.html,1,1917（大正6）年創業。早くから高い醸造技術で知られ、全国から酒造技術者が学びに訪れたことから「西條酒造学校」と呼ばれ、多くの杜氏育成に関わった。現在は恵比寿庫・大黒庫を擁し、伝統的な技術を継承している。,【ブランド史】蔵の公式直売ページでは、旧地名「福神」と「美人のようにふくよかで、やさしく穏やかな味」を目指したことが名の由来と説明される。1917年の創業以来、蔵の主銘柄として続いている。 【商品史】限定商品として展開される。原酒という仕立てで通常品と区別される。2026-09-06時点で公式商品ページに現行品として掲載され、精米歩合 70%の設計で展開されている。,公開情報で明確な推奨温度を確認できないため酒質からの目安。10〜15℃程度の冷酒から常温を起点に、香味のまとまりを引き出す飲み方がおすすめ。少量ずつ温度を変え、香り・甘味・酸味・キレのバランスが最も整うところを探すとよい。
福美人酒造,福美人,,C,,大吟醸,大吟醸,やや辛口,日本酒度からの目安,+2.5,40%,16度,要確認,公開情報で要確認,,山田錦（兵庫県産１００）,300ml,"1,020円",一般流通,,https://www.fukubijin.co.jp/SHOP/1157.html,1,1917（大正6）年創業。早くから高い醸造技術で知られ、全国から酒造技術者が学びに訪れたことから「西條酒造学校」と呼ばれ、多くの杜氏育成に関わった。現在は恵比寿庫・大黒庫を擁し、伝統的な技術を継承している。,【ブランド史】蔵の公式直売ページでは、旧地名「福神」と「美人のようにふくよかで、やさしく穏やかな味」を目指したことが名の由来と説明される。1917年の創業以来、蔵の主銘柄として続いている。 【商品史】2026-09-06時点で公式商品ページに現行品として掲載され、大吟醸、使用米 山田錦（兵庫県産１００）、精米歩合 40%の設計で展開されている。,公開情報で明確な推奨温度を確認できないため酒質からの目安。10〜15℃程度の冷酒を起点に、繊細な香りと上品な旨味を活かす飲み方がおすすめ。少量ずつ温度を変え、香り・甘味・酸味・キレのバランスが最も整うところを探すとよい。
福美人酒造,福美人,,A,公式が代表的商品として掲載する上位酒,大吟醸 蔵乃華 （ くらのはな ）,大吟醸,やや辛口,日本酒度からの目安,+2.0,40%,17度,常温 / 冷酒,酒造組合系商品資料,https://www.japansake.or.jp/sake/about/kumiaiin/pdf/34.pdf,山田錦（兵庫県産100%）,"720ml / 1,800ml","5,500～11,000円",一般流通,,https://www.fukubijin.co.jp/SHOP/1020.html,2,1917（大正6）年創業。早くから高い醸造技術で知られ、全国から酒造技術者が学びに訪れたことから「西條酒造学校」と呼ばれ、多くの杜氏育成に関わった。現在は恵比寿庫・大黒庫を擁し、伝統的な技術を継承している。,【ブランド史】蔵の公式直売ページでは、旧地名「福神」と「美人のようにふくよかで、やさしく穏やかな味」を目指したことが名の由来と説明される。1917年の創業以来、蔵の主銘柄として続いている。 【商品史】2026-09-06時点で公式商品ページに現行品として掲載され、大吟醸、使用米 山田錦（兵庫県産100%）、精米歩合 40%の設計で展開されている。,10〜15℃程度の冷酒を起点に、繊細な香りと上品な旨味を活かすのがおすすめ。常温も適温に含まれるため、グラスの中で少し温度を上げて香りと旨味の変化を比べるとよい。
福美人酒造,福美人,,A,蔵の歴史を体現する代表商品,大吟醸 西條酒造学校,大吟醸,やや辛口,日本酒度からの目安,+3.0,40%,16度,冷酒 / 常温,現行酒販店商品情報,https://osake-style.com/SHOP/10020036.html,山田錦（兵庫県産100%）,"720ml / 1,800ml","3,300～5,500円",一般流通,,https://www.fukubijin.co.jp/SHOP/1120.html,2,1917（大正6）年創業。早くから高い醸造技術で知られ、全国から酒造技術者が学びに訪れたことから「西條酒造学校」と呼ばれ、多くの杜氏育成に関わった。現在は恵比寿庫・大黒庫を擁し、伝統的な技術を継承している。,【ブランド史】蔵の公式直売ページでは、旧地名「福神」と「美人のようにふくよかで、やさしく穏やかな味」を目指したことが名の由来と説明される。1917年の創業以来、蔵の主銘柄として続いている。 【商品史】福美人が創業当初から高い醸造技術で全国の酒造技術者を育て、「西條酒造学校」と呼ばれた歴史を商品名に受け継ぐ大吟醸。蔵そのものの技術史を銘柄名として伝える商品である。,10〜15℃程度の冷酒を起点に、繊細な香りと上品な旨味を活かすのがおすすめ。常温も適温に含まれるため、グラスの中で少し温度を上げて香りと旨味の変化を比べるとよい。
福美人酒造,福美人,,C,,上撰 さけパック,普通酒・上撰,やや甘口,日本酒度からの目安,-2.0,70%,15度,燗酒,出典記載,https://www.fukubijin.co.jp/SHOP/2268.html,,"2,000ml","2,035円",一般流通,,https://www.fukubijin.co.jp/SHOP/2268.html,1,1917（大正6）年創業。早くから高い醸造技術で知られ、全国から酒造技術者が学びに訪れたことから「西條酒造学校」と呼ばれ、多くの杜氏育成に関わった。現在は恵比寿庫・大黒庫を擁し、伝統的な技術を継承している。,【ブランド史】蔵の公式直売ページでは、旧地名「福神」と「美人のようにふくよかで、やさしく穏やかな味」を目指したことが名の由来と説明される。1917年の創業以来、蔵の主銘柄として続いている。 【商品史】2026-09-06時点で公式商品ページに現行品として掲載され、普通酒・上撰、精米歩合 70%の設計で展開されている。,常温から40℃前後のぬる燗を中心に、日常酒らしいキレと旨味を引き出すのがおすすめ。より熱い燗も適温に含まれる場合は、45〜50℃程度まで上げて後口の締まり方を比べるとよい。
福美人酒造,福美人,,B,現行本醸造ライン,本醸造 舞,本醸造,不明,公開情報で判定材料不足,,60%,15度,燗酒,出典記載,https://www.fukubijin.co.jp/SHOP/3010.html,,"1,800ml","2,008円",一般流通,,https://www.fukubijin.co.jp/SHOP/3010.html,1,1917（大正6）年創業。早くから高い醸造技術で知られ、全国から酒造技術者が学びに訪れたことから「西條酒造学校」と呼ばれ、多くの杜氏育成に関わった。現在は恵比寿庫・大黒庫を擁し、伝統的な技術を継承している。,【ブランド史】蔵の公式直売ページでは、旧地名「福神」と「美人のようにふくよかで、やさしく穏やかな味」を目指したことが名の由来と説明される。1917年の創業以来、蔵の主銘柄として続いている。 【商品史】2026-09-06時点で公式商品ページに現行品として掲載され、本醸造、精米歩合 60%の設計で展開されている。,常温から40℃前後のぬる燗を中心に、日常酒らしいキレと旨味を引き出すのがおすすめ。より熱い燗も適温に含まれる場合は、45〜50℃程度まで上げて後口の締まり方を比べるとよい。
福美人酒造,福美人,,C,,特別純米酒「ひめあま」,特別純米,甘口,日本酒度からの目安,-16.0,60%,14度,冷酒,酒蔵紹介資料,https://www.goshu-pro.jp/chugokushikoku/hiroshima/2415,国産米,720ml,"1,180～1,500円",一般流通,,https://www.fukubijin.co.jp/SHOP/2080.html,2,1917（大正6）年創業。早くから高い醸造技術で知られ、全国から酒造技術者が学びに訪れたことから「西條酒造学校」と呼ばれ、多くの杜氏育成に関わった。現在は恵比寿庫・大黒庫を擁し、伝統的な技術を継承している。,【ブランド史】蔵の公式直売ページでは、旧地名「福神」と「美人のようにふくよかで、やさしく穏やかな味」を目指したことが名の由来と説明される。1917年の創業以来、蔵の主銘柄として続いている。 【商品史】2026-09-06時点で公式商品ページに現行品として掲載され、特別純米、使用米 国産米、精米歩合 60%の設計で展開されている。,10〜15℃程度に冷やして、米の旨味と酸のふくらみを引き出すのがおすすめ。冷やし過ぎると香りや旨味が閉じやすいため、少しずつ温度が上がる変化も楽しむとよい。
福美人酒造,福美人,,A,現行定番純米,純米酒,純米,やや辛口,日本酒度からの目安,+3.0,60%,15度,燗酒,出典記載,https://www.fukubijin.co.jp/SHOP/2020.html,国産米,"720ml / 1,800ml","1,180～2,300円",一般流通,,https://www.fukubijin.co.jp/SHOP/2020.html,2,1917（大正6）年創業。早くから高い醸造技術で知られ、全国から酒造技術者が学びに訪れたことから「西條酒造学校」と呼ばれ、多くの杜氏育成に関わった。現在は恵比寿庫・大黒庫を擁し、伝統的な技術を継承している。,【ブランド史】蔵の公式直売ページでは、旧地名「福神」と「美人のようにふくよかで、やさしく穏やかな味」を目指したことが名の由来と説明される。1917年の創業以来、蔵の主銘柄として続いている。 【商品史】2026-09-06時点で公式商品ページに現行品として掲載され、純米、使用米 国産米、精米歩合 60%の設計で展開されている。,常温から40℃前後のぬる燗を中心に、米の旨味と酸のふくらみを引き出すのがおすすめ。より熱い燗も適温に含まれる場合は、45〜50℃程度まで上げて後口の締まり方を比べるとよい。
福美人酒造,福美人,,A,公式が代表的商品として掲載する定番,純米吟醸,純米吟醸,辛口,日本酒度からの目安,+4.0,60%,15度,燗酒,出典記載,https://www.fukubijin.co.jp/SHOP/1221.html,国産米,"720ml / 1,800ml","1,500～2,970円",一般流通,,https://www.fukubijin.co.jp/SHOP/1221.html,2,1917（大正6）年創業。早くから高い醸造技術で知られ、全国から酒造技術者が学びに訪れたことから「西條酒造学校」と呼ばれ、多くの杜氏育成に関わった。現在は恵比寿庫・大黒庫を擁し、伝統的な技術を継承している。,【ブランド史】蔵の公式直売ページでは、旧地名「福神」と「美人のようにふくよかで、やさしく穏やかな味」を目指したことが名の由来と説明される。1917年の創業以来、蔵の主銘柄として続いている。 【商品史】2026-09-06時点で公式商品ページに現行品として掲載され、純米吟醸、使用米 国産米、精米歩合 60%の設計で展開されている。,常温から40℃前後のぬる燗を中心に、吟醸香と軽快な旨味のバランスを活かすのがおすすめ。より熱い燗も適温に含まれる場合は、45〜50℃程度まで上げて後口の締まり方を比べるとよい。
賀茂泉酒造,COKUN,,C,,COKUN,その他,不明,公開情報で判定材料不足,,,8度,ロック,出典記載,https://www.kamoizumi.co.jp/sake/index.php,,500ml,"1,650円",一般流通,,https://www.kamoizumi.co.jp/sake/index.php,1,1912（大正元）年、前垣寿一が前垣酒造場を創業。1965年頃から米と米こうじだけによる酒造りの復活に取り組み、1972年に「本仕込賀茂泉」を発売して純米醸造の先駆けとなった。,【ブランド史】赤色発色酵母の自然な働きでピンク色に仕上げるアルコール8度の低アルコール系列。COKUNとCOKUN＋が展開され、従来の賀茂泉とは異なる甘酸っぱい入口商品として定着している。 【商品史】赤色発色酵母の働きで自然なピンク色を生み、アルコール8度の甘酸っぱい低アルコール酒として展開されてきた現代的商品。COKUN＋を含む系列も流通し、通常の純米酒とは異なる入口商品を担っている。,8度の低アルコールと甘酸っぱさを活かすため、よく冷やしてワイングラスや小ぶりのグラスで飲むのがおすすめ。食前酒や軽いデザート酒のように少量ずつ楽しむと、ベリー系を思わせる酸味と甘味が分かりやすい。
賀茂泉酒造,ROCK HOPPER,,C,,Rock Hopper Moon Walk,その他,不明,公開情報で判定材料不足,,,,要確認,公開情報で要確認,,,"720ml / 1,800ml","1,980～3,960円",一般流通,公式オンラインショップで販売確認,https://online.kamoizumi.com/?pid=193198460,2,1912（大正元）年、前垣寿一が前垣酒造場を創業。1965年頃から米と米こうじだけによる酒造りの復活に取り組み、1972年に「本仕込賀茂泉」を発売して純米醸造の先駆けとなった。,【ブランド史】イワトビペンギンをモチーフにした季節酒シリーズ。純米吟醸生原酒の夏酒として展開され、2026年には秋限定ひやおろし「Moon Walk」を新発売して、夏から秋へシリーズを拡張した。 【商品史】夏酒「RockHopper」から派生した初の秋限定ひやおろしとして、2026年8月26日に発表され9月2日に新発売。季節シリーズを夏から秋へ拡張した商品である。,秋酒らしいまろやかさを活かすため、10〜15℃程度の冷酒から始め、少しずつ常温に近づけて飲むのがおすすめ。17度の原酒なので、味が強く感じる場合は大きめの氷を一つ入れる飲み方も合う。
賀茂泉酒造,賀茂泉,,A,公式主要熟成酒,山吹色の酒,純米吟醸,不明,公開情報で判定材料不足,,60%,15度,常温 / ぬる燗 / ロック,出典記載,https://www.kamoizumi.co.jp/sake/index.php,広島八反・新千本,"720ml / 1,800ml","2,057～3,520円",一般流通,公式オンラインショップで販売確認,https://www.kamoizumi.co.jp/sake/index.php,3,1912（大正元）年、前垣寿一が前垣酒造場を創業。1965年頃から米と米こうじだけによる酒造りの復活に取り組み、1972年に「本仕込賀茂泉」を発売して純米醸造の先駆けとなった。,【ブランド史】1912年の創業時、地名「賀茂」と、蔵所有の山林にある名水「茗荷清水」の「泉」を合わせて命名。1965年頃から純米醸造へ回帰し、1972年の「本仕込賀茂泉」発売以降、純米酒の看板銘柄として定着した。 【商品史】純米吟醸を土蔵で2〜3年常温熟成させ、活性炭ろ過を行わず日本酒本来の山吹色を残す長期熟成酒。賀茂泉が純米・無炭素ろ過へ回帰した流れを、熟成という形で表現してきた商品である。,常温から40℃前後のぬる燗を中心に、吟醸香と軽快な旨味のバランスを活かすのがおすすめ。より熱い燗も適温に含まれる場合は、45〜50℃程度まで上げて後口の締まり方を比べるとよい。
賀茂泉酒造,賀茂泉,,C,,延寿,純米大吟醸,不明,公開情報で判定材料不足,,50%,16度,常温 / ぬる燗 / ロック,出典記載,https://www.kamoizumi.co.jp/sake/index.php,広島県産山田錦100%,"300ml / 720ml / 1,800ml","1,298～7,150円",一般流通,公式オンラインショップで販売確認,https://www.kamoizumi.co.jp/sake/index.php,4,1912（大正元）年、前垣寿一が前垣酒造場を創業。1965年頃から米と米こうじだけによる酒造りの復活に取り組み、1972年に「本仕込賀茂泉」を発売して純米醸造の先駆けとなった。,【ブランド史】1912年の創業時、地名「賀茂」と、蔵所有の山林にある名水「茗荷清水」の「泉」を合わせて命名。1965年頃から純米醸造へ回帰し、1972年の「本仕込賀茂泉」発売以降、純米酒の看板銘柄として定着した。 【商品史】2026-09-06時点で公式商品ページに現行品として掲載され、純米大吟醸、使用米 広島県産山田錦100%、精米歩合 50%の設計で展開されている。,常温から40℃前後のぬる燗を中心に、繊細な香りと上品な旨味を活かすのがおすすめ。より熱い燗も適温に含まれる場合は、45〜50℃程度まで上げて後口の締まり方を比べるとよい。
賀茂泉酒造,賀茂泉,,A,公式が「賀茂泉を代表するお酒」と明記,朱泉本仕込,純米吟醸,中口,日本酒度からの目安,+1.0,60%,16度,常温 / ぬる燗 / ロック,出典記載,https://www.kamoizumi.co.jp/sake/index.php,広島八反・中生新千本,"180ml / 720ml / 1,800ml","471～3,190円",一般流通,公式オンラインショップで販売確認,https://www.kamoizumi.co.jp/sake/index.php,5,1912（大正元）年、前垣寿一が前垣酒造場を創業。1965年頃から米と米こうじだけによる酒造りの復活に取り組み、1972年に「本仕込賀茂泉」を発売して純米醸造の先駆けとなった。,【ブランド史】1912年の創業時、地名「賀茂」と、蔵所有の山林にある名水「茗荷清水」の「泉」を合わせて命名。1965年頃から純米醸造へ回帰し、1972年の「本仕込賀茂泉」発売以降、純米酒の看板銘柄として定着した。 【商品史】賀茂泉は1965年頃から純米醸造の復活に取り組み、1972年に「本仕込賀茂泉」を発売。現行の朱泉本仕込は蔵が「賀茂泉を代表するお酒」と明記し、本仕込・純米醸造の歴史を現在へ伝える中心商品である。,常温から40℃前後のぬる燗を中心に、吟醸香と軽快な旨味のバランスを活かすのがおすすめ。より熱い燗も適温に含まれる場合は、45〜50℃程度まで上げて後口の締まり方を比べるとよい。
賀茂泉酒造,賀茂泉,,C,,次郎丸井水,その他,不明,公開情報で判定材料不足,,,,冷酒 / 熱燗 / 燗酒,出典記載,https://online.kamoizumi.com/?pid=188379071,,,,一般流通,公式オンラインショップで販売確認,https://online.kamoizumi.com/?pid=188379071,2,1912（大正元）年、前垣寿一が前垣酒造場を創業。1965年頃から米と米こうじだけによる酒造りの復活に取り組み、1972年に「本仕込賀茂泉」を発売して純米醸造の先駆けとなった。,【ブランド史】1912年の創業時、地名「賀茂」と、蔵所有の山林にある名水「茗荷清水」の「泉」を合わせて命名。1965年頃から純米醸造へ回帰し、1972年の「本仕込賀茂泉」発売以降、純米酒の看板銘柄として定着した。 【商品史】2026-09-06時点で現行の流通・商品ページに商品単位で掲載され、現行ラインの独立商品として流通している。,冷酒では輪郭をすっきりと、40℃前後のぬる燗から燗酒では香味のまとまりを引き出す飲み方がおすすめ。食事に合わせるなら冷酒と燗の両方を試し、好みの温度帯を探すとよい。
賀茂泉酒造,賀茂泉,,C,,皇寿,純米大吟醸,中口,日本酒度からの目安,+1.0,40%,16度,常温 / ぬる燗 / ロック,出典記載,https://www.kamoizumi.co.jp/sake/index.php,東広島市造賀地区産山田錦100%,"180ml / 720ml / 1,800ml","1,100～12,100円",一般流通,公式オンラインショップで販売確認,https://www.kamoizumi.co.jp/sake/index.php,4,1912（大正元）年、前垣寿一が前垣酒造場を創業。1965年頃から米と米こうじだけによる酒造りの復活に取り組み、1972年に「本仕込賀茂泉」を発売して純米醸造の先駆けとなった。,【ブランド史】1912年の創業時、地名「賀茂」と、蔵所有の山林にある名水「茗荷清水」の「泉」を合わせて命名。1965年頃から純米醸造へ回帰し、1972年の「本仕込賀茂泉」発売以降、純米酒の看板銘柄として定着した。 【商品史】2026-09-06時点で公式商品ページに現行品として掲載され、純米大吟醸、使用米 東広島市造賀地区産山田錦100%、精米歩合 40%の設計で展開されている。,常温から40℃前後のぬる燗を中心に、繊細な香りと上品な旨味を活かすのがおすすめ。より熱い燗も適温に含まれる場合は、45〜50℃程度まで上げて後口の締まり方を比べるとよい。
賀茂泉酒造,賀茂泉,,C,,緑泉本仕込,その他,不明,公開情報で判定材料不足,,60%,15～15.9度,ロック,出典記載,https://www.kamoizumi.co.jp/sake/index.php,広島八反・新千本(国産米100%),"300ml / 720ml / 1,800ml","649～2,970円",一般流通,公式オンラインショップで販売確認,https://www.kamoizumi.co.jp/sake/index.php,4,1912（大正元）年、前垣寿一が前垣酒造場を創業。1965年頃から米と米こうじだけによる酒造りの復活に取り組み、1972年に「本仕込賀茂泉」を発売して純米醸造の先駆けとなった。,【ブランド史】1912年の創業時、地名「賀茂」と、蔵所有の山林にある名水「茗荷清水」の「泉」を合わせて命名。1965年頃から純米醸造へ回帰し、1972年の「本仕込賀茂泉」発売以降、純米酒の看板銘柄として定着した。 【商品史】2026-09-06時点で公式商品ページに現行品として掲載され、使用米 広島八反・新千本(国産米100%)、精米歩合 60%の設計で展開されている。,公開情報で明確な推奨温度を確認できないため酒質からの目安。10〜15℃程度の冷酒から常温を起点に、香味のまとまりを引き出す飲み方がおすすめ。少量ずつ温度を変え、香り・甘味・酸味・キレのバランスが最も整うところを探すとよい。
賀茂泉酒造,賀茂泉,,C,,青泉 本仕込 生酒,純米,不明,公開情報で判定材料不足,,,,ロック,出典記載,https://online.kamoizumi.com/?pid=191995192,,300ml / 720ml,"726～1,815円",季節商品,公式オンラインショップで販売確認 / 2026-08-07公式直売所で販売案内,https://online.kamoizumi.com/?pid=191995192,3,1912（大正元）年、前垣寿一が前垣酒造場を創業。1965年頃から米と米こうじだけによる酒造りの復活に取り組み、1972年に「本仕込賀茂泉」を発売して純米醸造の先駆けとなった。,【ブランド史】1912年の創業時、地名「賀茂」と、蔵所有の山林にある名水「茗荷清水」の「泉」を合わせて命名。1965年頃から純米醸造へ回帰し、1972年の「本仕込賀茂泉」発売以降、純米酒の看板銘柄として定着した。 【商品史】生酒という仕立てで通常品と区別される。2026-09-06時点で現行の流通・商品ページに現行品として掲載され、純米の設計で展開されている。,公開情報で明確な推奨温度を確認できないため酒質からの目安。よく冷やした5〜10℃程度の冷酒を起点に、フレッシュさを活かす飲み方がおすすめ。少量ずつ温度を変え、香り・甘味・酸味・キレのバランスが最も整うところを探すとよい。
賀茂泉酒造,賀茂泉,,C,,朱泉普通酒,普通酒・上撰,やや辛口,日本酒度からの目安,+1.5,75%,15.0〜15.9度,冷酒 / ぬる燗 / 熱燗 / 燗酒,出典記載,https://online.kamoizumi.com/?pid=188378827,広島八反・酒造用米(国産米100%),"1,800ml","2,215～2,246円",一般流通,公式オンラインショップで販売確認,https://online.kamoizumi.com/?pid=188378827,1,1912（大正元）年、前垣寿一が前垣酒造場を創業。1965年頃から米と米こうじだけによる酒造りの復活に取り組み、1972年に「本仕込賀茂泉」を発売して純米醸造の先駆けとなった。,【ブランド史】1912年の創業時、地名「賀茂」と、蔵所有の山林にある名水「茗荷清水」の「泉」を合わせて命名。1965年頃から純米醸造へ回帰し、1972年の「本仕込賀茂泉」発売以降、純米酒の看板銘柄として定着した。 【商品史】2026-09-06時点で現行の流通・商品ページに現行品として掲載され、普通酒・上撰、使用米 広島八反・酒造用米(国産米100%)、精米歩合 75%の設計で展開されている。,冷酒では輪郭をすっきりと、40℃前後のぬる燗から燗酒では日常酒らしいキレと旨味を引き出す飲み方がおすすめ。食事に合わせるなら冷酒と燗の両方を試し、好みの温度帯を探すとよい。
賀茂泉酒造,賀茂泉,,C,,緑泉普通酒,普通酒・上撰,中口,日本酒度からの目安,+0.5,75%,15.0〜15.9度,冷酒 / 熱燗 / 燗酒,出典記載,https://online.kamoizumi.com/?pid=188379527,広島八反・酒造用米(国産米100%),"1,800ml","1,962～1,978円",一般流通,公式オンラインショップで販売確認,https://online.kamoizumi.com/?pid=188379527,1,1912（大正元）年、前垣寿一が前垣酒造場を創業。1965年頃から米と米こうじだけによる酒造りの復活に取り組み、1972年に「本仕込賀茂泉」を発売して純米醸造の先駆けとなった。,【ブランド史】1912年の創業時、地名「賀茂」と、蔵所有の山林にある名水「茗荷清水」の「泉」を合わせて命名。1965年頃から純米醸造へ回帰し、1972年の「本仕込賀茂泉」発売以降、純米酒の看板銘柄として定着した。 【商品史】2026-09-06時点で現行の流通・商品ページに現行品として掲載され、普通酒・上撰、使用米 広島八反・酒造用米(国産米100%)、精米歩合 75%の設計で展開されている。,冷酒では輪郭をすっきりと、40℃前後のぬる燗から燗酒では日常酒らしいキレと旨味を引き出す飲み方がおすすめ。食事に合わせるなら冷酒と燗の両方を試し、好みの温度帯を探すとよい。
賀茂泉酒造,賀茂泉,,A,公式が入門酒・ウチ飲み定番と明記,純米酒 一 (はじめ),純米,不明,公開情報で判定材料不足,,75%,15度,冷酒 / ぬる燗 / 燗酒,出典記載,https://online.kamoizumi.com/?pid=188377558,酒造用米（国産米100%）,"300ml / 720ml / 1,800ml","550～2,420円",一般流通,公式オンラインショップで販売確認,https://online.kamoizumi.com/?pid=188377558,3,1912（大正元）年、前垣寿一が前垣酒造場を創業。1965年頃から米と米こうじだけによる酒造りの復活に取り組み、1972年に「本仕込賀茂泉」を発売して純米醸造の先駆けとなった。,【ブランド史】1912年の創業時、地名「賀茂」と、蔵所有の山林にある名水「茗荷清水」の「泉」を合わせて命名。1965年頃から純米醸造へ回帰し、1972年の「本仕込賀茂泉」発売以降、純米酒の看板銘柄として定着した。 【商品史】2026-09-06時点で現行の流通・商品ページに現行品として掲載され、純米、使用米 酒造用米（国産米100%）、精米歩合 75%の設計で展開されている。,冷酒では輪郭をすっきりと、40℃前後のぬる燗から燗酒では米の旨味と酸のふくらみを引き出す飲み方がおすすめ。食事に合わせるなら冷酒と燗の両方を試し、好みの温度帯を探すとよい。
賀茂泉酒造,賀茂泉,,A,東広島造賀地区山田錦を使う地域性の高い定番,造賀純米生酒,純米,不明,公開情報で判定材料不足,,70%,15度,ロック,出典記載,https://www.kamoizumi.co.jp/sake/index.php,東広島市造賀地区産山田錦100%,"720ml / 1,800ml","1,595～3,080円",季節商品,,https://www.kamoizumi.co.jp/sake/index.php,1,1912（大正元）年、前垣寿一が前垣酒造場を創業。1965年頃から米と米こうじだけによる酒造りの復活に取り組み、1972年に「本仕込賀茂泉」を発売して純米醸造の先駆けとなった。,【ブランド史】1912年の創業時、地名「賀茂」と、蔵所有の山林にある名水「茗荷清水」の「泉」を合わせて命名。1965年頃から純米醸造へ回帰し、1972年の「本仕込賀茂泉」発売以降、純米酒の看板銘柄として定着した。 【商品史】生酒という仕立てで通常品と区別される。2026-09-06時点で公式商品ページに現行品として掲載され、純米、使用米 東広島市造賀地区産山田錦100%、精米歩合 70%の設計で展開されている。,公開情報で明確な推奨温度を確認できないため酒質からの目安。よく冷やした5〜10℃程度の冷酒を起点に、フレッシュさを活かす飲み方がおすすめ。少量ずつ温度を変え、香り・甘味・酸味・キレのバランスが最も整うところを探すとよい。
賀茂泉酒造,賀茂泉,,A,東広島造賀地区山田錦を使う地域性の高い定番,造賀純米酒,純米,不明,公開情報で判定材料不足,,,,常温 / ぬる燗,地域観光資料,https://higashihiroshima-digital-sightseeing.com/joy/ichioshi/,東広島市造賀地区産山田錦100%,"720ml / 1,800ml","1,595～3,080円",一般流通,公式オンラインショップで販売確認,https://online.kamoizumi.com/?pid=188377419,2,1912（大正元）年、前垣寿一が前垣酒造場を創業。1965年頃から米と米こうじだけによる酒造りの復活に取り組み、1972年に「本仕込賀茂泉」を発売して純米醸造の先駆けとなった。,【ブランド史】1912年の創業時、地名「賀茂」と、蔵所有の山林にある名水「茗荷清水」の「泉」を合わせて命名。1965年頃から純米醸造へ回帰し、1972年の「本仕込賀茂泉」発売以降、純米酒の看板銘柄として定着した。 【商品史】2026-09-06時点で現行の流通・商品ページに現行品として掲載され、純米、使用米 東広島市造賀地区産山田錦100%の設計で展開されている。,常温から40℃前後のぬる燗を中心に、米の旨味と酸のふくらみを引き出すのがおすすめ。より熱い燗も適温に含まれる場合は、45〜50℃程度まで上げて後口の締まり方を比べるとよい。
賀茂泉酒造,賀茂泉,,C,,造賀純米酒 ひやおろし,純米,不明,公開情報で判定材料不足,,70%,15度,ロック,出典記載,https://www.kamoizumi.co.jp/sake/index.php,東広島造賀地区産山田錦100%,,,季節商品,,https://www.kamoizumi.co.jp/sake/index.php,1,1912（大正元）年、前垣寿一が前垣酒造場を創業。1965年頃から米と米こうじだけによる酒造りの復活に取り組み、1972年に「本仕込賀茂泉」を発売して純米醸造の先駆けとなった。,【ブランド史】1912年の創業時、地名「賀茂」と、蔵所有の山林にある名水「茗荷清水」の「泉」を合わせて命名。1965年頃から純米醸造へ回帰し、1972年の「本仕込賀茂泉」発売以降、純米酒の看板銘柄として定着した。 【商品史】季節商品として展開される。ひやおろしという仕立てで通常品と区別される。2026-09-06時点で公式商品ページに現行品として掲載され、純米、使用米 東広島造賀地区産山田錦100%、精米歩合 70%の設計で展開されている。,公開情報で明確な推奨温度を確認できないため酒質からの目安。常温から40℃前後のぬる燗を起点に、熟成でまとまった旨味を引き出す飲み方がおすすめ。少量ずつ温度を変え、香り・甘味・酸味・キレのバランスが最も整うところを探すとよい。
賀茂泉酒造,賀茂泉,,C,,純米吟醸「古酒」,純米吟醸,やや辛口,日本酒度からの目安,+1.5,60%,16度,冷酒 / 常温 / ぬる燗 / 燗酒,出典記載,https://online.kamoizumi.com/?pid=188373081,広島八反・新千本（国産米100%）,720ml,"3,850円",一般流通,公式オンラインショップで販売確認,https://online.kamoizumi.com/?pid=188373081,1,1912（大正元）年、前垣寿一が前垣酒造場を創業。1965年頃から米と米こうじだけによる酒造りの復活に取り組み、1972年に「本仕込賀茂泉」を発売して純米醸造の先駆けとなった。,【ブランド史】1912年の創業時、地名「賀茂」と、蔵所有の山林にある名水「茗荷清水」の「泉」を合わせて命名。1965年頃から純米醸造へ回帰し、1972年の「本仕込賀茂泉」発売以降、純米酒の看板銘柄として定着した。 【商品史】純米吟醸を熟成させる賀茂泉の古酒ラインとして展開される商品。現行オンラインショップでも「日本酒のフルボディー」と位置づけられ、若い酒とは異なる熟成酒の系譜を担っている。,10〜15℃程度の冷酒を起点に、熟成由来の複雑さをゆっくり開かせるのがおすすめ。常温も適温に含まれるため、グラスの中で少し温度を上げて香りと旨味の変化を比べるとよい。
賀茂泉酒造,ROCK HOPPER,,B,公式現行生原酒シリーズ,純米吟醸生原酒 ROCK HOPPER,純米吟醸,不明,公開情報で判定材料不足,,70%,15度,ロック,出典記載,https://www.kamoizumi.co.jp/sake/index.php,山田錦100％(東広島市造賀地区産米100％),"720ml / 1,800ml","4,070円",一般流通,2026-08-07時点で720ml完売。終売とは確認できない,https://www.kamoizumi.co.jp/sake/index.php,2,1912（大正元）年、前垣寿一が前垣酒造場を創業。1965年頃から米と米こうじだけによる酒造りの復活に取り組み、1972年に「本仕込賀茂泉」を発売して純米醸造の先駆けとなった。,【ブランド史】イワトビペンギンをモチーフにした季節酒シリーズ。純米吟醸生原酒の夏酒として展開され、2026年には秋限定ひやおろし「Moon Walk」を新発売して、夏から秋へシリーズを拡張した。 【商品史】イワトビペンギンをモチーフにした夏季の純米吟醸生原酒として展開され、2026年は4月7日に蔵出荷。2026年秋には派生商品Moon Walkが加わり、季節シリーズの起点となった。,しっかり冷やした冷酒で、爽やかな香りと生原酒のふくらみを楽しむのがおすすめ。原酒の飲みごたえが強く感じられるときは、大きめの氷を一つ入れたロックにすると軽快さが出る。
賀茂泉酒造,賀茂泉,,C,,蔵元限定 山田錦 純米吟醸生酒,純米吟醸,不明,公開情報で判定材料不足,,,,ロック,出典記載,https://kamoizumi.co.jp/syusenkan/s_detail.php?id=510,,,,限定流通,2026-08-07公式直売所で販売中を確認,https://kamoizumi.co.jp/syusenkan/s_detail.php?id=510,1,1912（大正元）年、前垣寿一が前垣酒造場を創業。1965年頃から米と米こうじだけによる酒造りの復活に取り組み、1972年に「本仕込賀茂泉」を発売して純米醸造の先駆けとなった。,【ブランド史】1912年の創業時、地名「賀茂」と、蔵所有の山林にある名水「茗荷清水」の「泉」を合わせて命名。1965年頃から純米醸造へ回帰し、1972年の「本仕込賀茂泉」発売以降、純米酒の看板銘柄として定着した。 【商品史】限定商品として展開される。生酒という仕立てで通常品と区別される。2026-09-06時点で公式商品ページに現行品として掲載され、純米吟醸の設計で展開されている。,公開情報で明確な推奨温度を確認できないため酒質からの目安。よく冷やした5〜10℃程度の冷酒を起点に、フレッシュさを活かす飲み方がおすすめ。少量ずつ温度を変え、香り・甘味・酸味・キレのバランスが最も整うところを探すとよい。
賀茂泉酒造,賀茂泉,,C,,青泉純米吟醸生酒,純米吟醸,不明,公開情報で判定材料不足,,60%,15度,ロック,出典記載,https://www.kamoizumi.co.jp/sake/index.php,山田錦100％(東広島市造賀地区産米100％),,,季節商品,,https://www.kamoizumi.co.jp/sake/index.php,1,1912（大正元）年、前垣寿一が前垣酒造場を創業。1965年頃から米と米こうじだけによる酒造りの復活に取り組み、1972年に「本仕込賀茂泉」を発売して純米醸造の先駆けとなった。,【ブランド史】1912年の創業時、地名「賀茂」と、蔵所有の山林にある名水「茗荷清水」の「泉」を合わせて命名。1965年頃から純米醸造へ回帰し、1972年の「本仕込賀茂泉」発売以降、純米酒の看板銘柄として定着した。 【商品史】生酒という仕立てで通常品と区別される。2026-09-06時点で公式商品ページに現行品として掲載され、純米吟醸、使用米 山田錦100％(東広島市造賀地区産米100％)、精米歩合 60%の設計で展開されている。,公開情報で明確な推奨温度を確認できないため酒質からの目安。よく冷やした5〜10℃程度の冷酒を起点に、フレッシュさを活かす飲み方がおすすめ。少量ずつ温度を変え、香り・甘味・酸味・キレのバランスが最も整うところを探すとよい。
賀茂泉酒造,賀茂泉,,A,公式が醸造技術の極み・究極のお酒と説明,純米大吟醸,純米大吟醸,不明,公開情報で判定材料不足,,50%,16度,冷酒 / 冷やして / 燗酒,出典記載,https://online.kamoizumi.com/?pid=188371835,広島県産山田錦100%,500ml,"1,760円",一般流通,公式オンラインショップで販売確認,https://online.kamoizumi.com/?pid=188371835,1,1912（大正元）年、前垣寿一が前垣酒造場を創業。1965年頃から米と米こうじだけによる酒造りの復活に取り組み、1972年に「本仕込賀茂泉」を発売して純米醸造の先駆けとなった。,【ブランド史】1912年の創業時、地名「賀茂」と、蔵所有の山林にある名水「茗荷清水」の「泉」を合わせて命名。1965年頃から純米醸造へ回帰し、1972年の「本仕込賀茂泉」発売以降、純米酒の看板銘柄として定着した。 【商品史】2026-09-06時点で現行の流通・商品ページに現行品として掲載され、純米大吟醸、使用米 広島県産山田錦100%、精米歩合 50%の設計で展開されている。,10〜15℃程度の冷酒を起点に、繊細な香りと上品な旨味を活かすのがおすすめ。
山陽鶴酒造,山陽鶴,,A,公式五酒セットで代表的なお酒と明記,大吟醸,大吟醸,不明,公開情報で判定材料不足,,,,冷酒,現行地域商品紹介,https://japan-stroll.com/sightseeing/nontasakagura/,,,,一般流通,公式五酒セットに現行代表酒として掲載,https://sanyotsuru.jp/archives/product/gosyu,1,創業は江戸後期。1912（大正元）年に本永本家として創立し、1949（昭和24）年に山陽鶴酒造株式会社へ社名変更した。西条の軟水と地域の食に寄り添う酒を掲げ、地酒としての味わいを守っている。,【ブランド史】山陽鶴酒造の主銘柄。江戸後期創業の蔵が1912年に本永本家として創立し、1949年に山陽鶴酒造へ改称した後も銘柄を継承し、現在は大吟醸・純米吟醸・本醸造・上撰・にごり酒を代表5酒として展開している。 【商品史】山陽鶴が公式の「五酒セット」で代表酒の一つとして扱う大吟醸。蔵の基本5酒の最高精白系として、純米吟醸・本醸造・上撰・にごり酒とともに現行ラインを構成している。,10〜15℃程度の冷酒を起点に、繊細な香りと上品な旨味を活かすのがおすすめ。
山陽鶴酒造,山陽鶴,,A,公式五酒セットで「代表的なお酒」と明記,上撰,普通酒・上撰,不明,公開情報で判定材料不足,,,,常温 / 熱燗（提供例）,現行飲食店での提供温度,https://www.hotpepper.jp/strJ000661918/drink/,,,,一般流通,公式五酒セットに現行代表酒として掲載,https://sanyotsuru.jp/archives/product/gosyu,1,創業は江戸後期。1912（大正元）年に本永本家として創立し、1949（昭和24）年に山陽鶴酒造株式会社へ社名変更した。西条の軟水と地域の食に寄り添う酒を掲げ、地酒としての味わいを守っている。,【ブランド史】山陽鶴酒造の主銘柄。江戸後期創業の蔵が1912年に本永本家として創立し、1949年に山陽鶴酒造へ改称した後も銘柄を継承し、現在は大吟醸・純米吟醸・本醸造・上撰・にごり酒を代表5酒として展開している。 【商品史】山陽鶴の公式「五酒セット」に含まれる代表的な日常酒。大吟醸からにごり酒までを揃える基本5酒の一角として、蔵の従来型ラインを現在へ残している。,常温から40℃前後のぬる燗を中心に、日常酒らしいキレと旨味を引き出すのがおすすめ。より熱い燗も適温に含まれる場合は、45〜50℃程度まで上げて後口の締まり方を比べるとよい。
山陽鶴酒造,山陽鶴,,A,公式五酒セットで「代表的なお酒」と明記,本醸造,本醸造,不明,公開情報で判定材料不足,,,,冷酒 / 常温 / 燗酒,地域観光資料,https://higashihiroshima-digital-sightseeing.com/joy/ichioshi/,,,,一般流通,公式五酒セットに現行代表酒として掲載,https://sanyotsuru.jp/archives/product/gosyu,1,創業は江戸後期。1912（大正元）年に本永本家として創立し、1949（昭和24）年に山陽鶴酒造株式会社へ社名変更した。西条の軟水と地域の食に寄り添う酒を掲げ、地酒としての味わいを守っている。,【ブランド史】山陽鶴酒造の主銘柄。江戸後期創業の蔵が1912年に本永本家として創立し、1949年に山陽鶴酒造へ改称した後も銘柄を継承し、現在は大吟醸・純米吟醸・本醸造・上撰・にごり酒を代表5酒として展開している。 【商品史】山陽鶴の公式「五酒セット」に含まれる本醸造で、蔵の基本5酒の一つ。高級酒だけでなく日常の食中酒まで含める山陽鶴の代表ラインを支える商品である。,冷酒では輪郭をすっきりと、40℃前後のぬる燗から燗酒では日常酒らしいキレと旨味を引き出す飲み方がおすすめ。食事に合わせるなら冷酒と燗の両方を試し、好みの温度帯を探すとよい。
山陽鶴酒造,山陽鶴,,A,公式五酒セットで「代表的なお酒」と明記,純米吟醸,純米吟醸,不明,公開情報で判定材料不足,,,,要確認,公開情報で要確認,,,,,一般流通,公式五酒セットに現行代表酒として掲載,https://sanyotsuru.jp/archives/product/gosyu,1,創業は江戸後期。1912（大正元）年に本永本家として創立し、1949（昭和24）年に山陽鶴酒造株式会社へ社名変更した。西条の軟水と地域の食に寄り添う酒を掲げ、地酒としての味わいを守っている。,【ブランド史】山陽鶴酒造の主銘柄。江戸後期創業の蔵が1912年に本永本家として創立し、1949年に山陽鶴酒造へ改称した後も銘柄を継承し、現在は大吟醸・純米吟醸・本醸造・上撰・にごり酒を代表5酒として展開している。 【商品史】山陽鶴の公式「五酒セット」で代表酒として示される純米吟醸。大吟醸・本醸造・上撰・にごり酒とともに、蔵の酒質を横断的に示す基本商品群を構成している。,公開情報で明確な推奨温度を確認できないため酒質からの目安。10〜15℃程度の冷酒を起点に、吟醸香と軽快な旨味のバランスを活かす飲み方がおすすめ。少量ずつ温度を変え、香り・甘味・酸味・キレのバランスが最も整うところを探すとよい。
山陽鶴酒造,山陽鶴,,B,現行通年返礼品・代表高級酒,純米大吟醸 KUBO,純米大吟醸,辛口,日本酒度からの目安,+4,35%,16度以上17度以下,冷酒,現行返礼品で確認,https://www.furusato.aeon.co.jp/gift-in-return/aaa72316281ae6d75280fb28cb3cae46/,山田錦100%,720ml,,一般流通,2026年6月 東広島10蔵定期便採用／通年返礼品で提供,https://www.furusato.aeon.co.jp/gift-in-return/aaa72316281ae6d75280fb28cb3cae46/,2,創業は江戸後期。1912（大正元）年に本永本家として創立し、1949（昭和24）年に山陽鶴酒造株式会社へ社名変更した。西条の軟水と地域の食に寄り添う酒を掲げ、地酒としての味わいを守っている。,【ブランド史】山陽鶴酒造の主銘柄。江戸後期創業の蔵が1912年に本永本家として創立し、1949年に山陽鶴酒造へ改称した後も銘柄を継承し、現在は大吟醸・純米吟醸・本醸造・上撰・にごり酒を代表5酒として展開している。 【商品史】2026-09-06時点で現行の流通・商品ページに現行品として掲載され、純米大吟醸、使用米 山田錦100%、精米歩合 35%の設計で展開されている。,10〜15℃程度の冷酒を起点に、繊細な香りと上品な旨味を活かすのがおすすめ。
山陽鶴酒造,山陽鶴,,B,現行地域製品DBで販売場所掲載の代表大吟醸,大吟醸 ほんと,大吟醸,やや辛口,現行商品情報の明示表現,+4,35%,17度,冷酒 / 常温,現行日本酒情報DB,https://www.sakenomy.jp/sake/TST0000008908/,山田錦,720ml,,一般流通,現行地域製品DBに販売場所掲載。個別販売SKUを確認。,https://www.buyhiro.com/database/products/products_0549/,2,創業は江戸後期。1912（大正元）年に本永本家として創立し、1949（昭和24）年に山陽鶴酒造株式会社へ社名変更した。西条の軟水と地域の食に寄り添う酒を掲げ、地酒としての味わいを守っている。,【ブランド史】山陽鶴酒造の主銘柄。江戸後期創業の蔵が1912年に本永本家として創立し、1949年に山陽鶴酒造へ改称した後も銘柄を継承し、現在は大吟醸・純米吟醸・本醸造・上撰・にごり酒を代表5酒として展開している。 【商品史】2026-09-06時点で現行の流通・商品ページに現行品として掲載され、大吟醸、使用米 山田錦、精米歩合 35%の設計で展開されている。,10〜15℃程度の冷酒を起点に、繊細な香りと上品な旨味を活かすのがおすすめ。常温も適温に含まれるため、グラスの中で少し温度を上げて香りと旨味の変化を比べるとよい。
賀茂泉酒造,賀茂泉,,C,,純米大吟醸「壽」,純米大吟醸,不明,公開情報で判定材料不足,,40%,16度,要確認,公開情報で要確認,,東広島市造賀地区産山田錦100%,"720ml / 1,800ml","11,000～22,000円",一般流通,2026-09-06現行性を公式情報で再確認,https://online.kamoizumi.com/?pid=141742792,1,1912（大正元）年、前垣寿一が前垣酒造場を創業。1965年頃から米と米こうじだけによる酒造りの復活に取り組み、1972年に「本仕込賀茂泉」を発売して純米醸造の先駆けとなった。,【ブランド史】1912年の創業時、地名「賀茂」と、蔵所有の山林にある名水「茗荷清水」の「泉」を合わせて命名。1965年頃から純米醸造へ回帰し、1972年の「本仕込賀茂泉」発売以降、純米酒の看板銘柄として定着した。 【商品史】2026-09-06時点で現行の流通・商品ページに現行品として掲載され、純米大吟醸、使用米 東広島市造賀地区産山田錦100%、精米歩合 40%の設計で展開されている。,公開情報で明確な推奨温度を確認できないため酒質からの目安。10〜15℃程度の冷酒を起点に、繊細な香りと上品な旨味を活かす飲み方がおすすめ。少量ずつ温度を変え、香り・甘味・酸味・キレのバランスが最も整うところを探すとよい。
山陽鶴酒造,山陽鶴,,C,,にごり酒,その他,不明,公開情報で判定材料不足,,,,要確認,公開情報で要確認,,,,,一般流通,公式五酒セットで代表的なお酒として現行掲載,https://sanyotsuru.jp/archives/product/gosyu,1,創業は江戸後期。1912（大正元）年に本永本家として創立し、1949（昭和24）年に山陽鶴酒造株式会社へ社名変更した。西条の軟水と地域の食に寄り添う酒を掲げ、地酒としての味わいを守っている。,【ブランド史】山陽鶴酒造の主銘柄。江戸後期創業の蔵が1912年に本永本家として創立し、1949年に山陽鶴酒造へ改称した後も銘柄を継承し、現在は大吟醸・純米吟醸・本醸造・上撰・にごり酒を代表5酒として展開している。 【商品史】山陽鶴が公式の「五酒セット」で代表酒の一つとして扱うにごり酒。大吟醸・純米吟醸・本醸造・上撰と並ぶ蔵の基本ラインとして、現行の代表商品群に組み込まれている。,公開情報で明確な推奨温度を確認できないため酒質からの目安。よく冷やした5〜10℃程度の冷酒を起点に、発泡感やにごりの口当たりを活かす飲み方がおすすめ。少量ずつ温度を変え、香り・甘味・酸味・キレのバランスが最も整うところを探すとよい。
賀茂鶴酒造,賀茂鶴,,C,,本醸造生貯蔵酒 ひやしざけ,本醸造,不明,公開情報で判定材料不足,,,,要確認,公開情報で要確認,,,720ml,"1,430円",季節商品,2026-09-06現行性を公式情報で再確認,https://shop.kamotsuru.jp/SHOP/hiyashizake720.html,1,1873（明治6）年、木村和平が西条で木村酒造を創業し、同年「賀茂鶴」を命名。1898年には日本で最初の動力精米機を導入し、1918年に賀茂鶴酒造株式会社を設立した。精米・吟醸技術と全国展開を通じ、西条の近代酒造を牽引してきた。,【ブランド史】1873（明治6）年9月9日に命名。「賀茂」は地名と「醸す」に通じ、「鶴」は気高い瑞鳥を表し、品質日本一を目指す志を込めた。創業時から続く蔵の中核銘柄である。 【商品史】限定商品として展開される。2026-09-06時点で公式商品ページに現行品として掲載され、本醸造の設計で展開されている。,冷酒では輪郭をすっきりと、40℃前後のぬる燗から燗酒ではフレッシュさを活かす飲み方がおすすめ。食事に合わせるなら冷酒と燗の両方を試し、好みの温度帯を探すとよい。
賀茂鶴酒造,賀茂鶴,,C,,特別本醸造 蔵出し原酒,特別本醸造,不明,公開情報で判定材料不足,,,,要確認,公開情報で要確認,,,720ml,"1,870円",限定流通,2026-09-06現行性を公式情報で再確認,https://shop.kamotsuru.jp/SHOP/kuradashi-genshu720.html,1,1873（明治6）年、木村和平が西条で木村酒造を創業し、同年「賀茂鶴」を命名。1898年には日本で最初の動力精米機を導入し、1918年に賀茂鶴酒造株式会社を設立した。精米・吟醸技術と全国展開を通じ、西条の近代酒造を牽引してきた。,【ブランド史】1873（明治6）年9月9日に命名。「賀茂」は地名と「醸す」に通じ、「鶴」は気高い瑞鳥を表し、品質日本一を目指す志を込めた。創業時から続く蔵の中核銘柄である。 【商品史】蔵元限定で展開される。原酒という仕立てで通常品と区別される。2026-09-06時点で公式商品ページに現行品として掲載され、特別本醸造の設計で展開されている。,冷酒では輪郭をすっきりと、40℃前後のぬる燗から燗酒では日常酒らしいキレと旨味を引き出す飲み方がおすすめ。食事に合わせるなら冷酒と燗の両方を試し、好みの温度帯を探すとよい。
賀茂鶴酒造,賀茂鶴,,C,,純米大吟醸 広系酒33号,純米大吟醸,不明,公開情報で判定材料不足,,,,要確認,公開情報で要確認,,,720ml,"3,300円",限定流通,2026-09-06現行性を公式情報で再確認,https://shop.kamotsuru.jp/SHOP/junmaidaiginjo-hirokei720.html,1,1873（明治6）年、木村和平が西条で木村酒造を創業し、同年「賀茂鶴」を命名。1898年には日本で最初の動力精米機を導入し、1918年に賀茂鶴酒造株式会社を設立した。精米・吟醸技術と全国展開を通じ、西条の近代酒造を牽引してきた。,【ブランド史】1873（明治6）年9月9日に命名。「賀茂」は地名と「醸す」に通じ、「鶴」は気高い瑞鳥を表し、品質日本一を目指す志を込めた。創業時から続く蔵の中核銘柄である。 【商品史】蔵元限定で展開される。新しい酒米を採用した商品として開発されている。2026-09-06時点で公式商品ページに現行品として掲載され、純米大吟醸の設計で展開されている。,10〜15℃程度の冷酒を起点に、繊細な香りと上品な旨味を活かすのがおすすめ。
賀茂鶴酒造,賀茂鶴,,C,,純米吟醸 五,純米吟醸,不明,公開情報で判定材料不足,,,,要確認,公開情報で要確認,,,720ml,"1,815円",限定流通,2026-09-06現行性を公式情報で再確認,https://shop.kamotsuru.jp/SHOP/junmaiginjo-go.html,1,1873（明治6）年、木村和平が西条で木村酒造を創業し、同年「賀茂鶴」を命名。1898年には日本で最初の動力精米機を導入し、1918年に賀茂鶴酒造株式会社を設立した。精米・吟醸技術と全国展開を通じ、西条の近代酒造を牽引してきた。,【ブランド史】1873（明治6）年9月9日に命名。「賀茂」は地名と「醸す」に通じ、「鶴」は気高い瑞鳥を表し、品質日本一を目指す志を込めた。創業時から続く蔵の中核銘柄である。 【商品史】限定商品として展開される。2026-09-06時点で公式商品ページに現行品として掲載され、純米吟醸の設計で展開されている。,10〜15℃程度の冷酒を起点に、吟醸香と軽快な旨味のバランスを活かすのがおすすめ。
賀茂鶴酒造,賀茂鶴,,C,,生囲い純米,純米,不明,公開情報で判定材料不足,,,,要確認,公開情報で要確認,,,300ml / 720ml,"528～1,298円",一般流通,2026-09-06現行性を公式情報で再確認,https://shop.kamotsuru.jp/SHOP/namakakoi-junmai720.html,1,1873（明治6）年、木村和平が西条で木村酒造を創業し、同年「賀茂鶴」を命名。1898年には日本で最初の動力精米機を導入し、1918年に賀茂鶴酒造株式会社を設立した。精米・吟醸技術と全国展開を通じ、西条の近代酒造を牽引してきた。,【ブランド史】1873（明治6）年9月9日に命名。「賀茂」は地名と「醸す」に通じ、「鶴」は気高い瑞鳥を表し、品質日本一を目指す志を込めた。創業時から続く蔵の中核銘柄である。 【商品史】2026-09-06時点で公式商品ページに現行品として掲載され、純米の設計で展開されている。,冷酒では輪郭をすっきりと、40℃前後のぬる燗から燗酒では米の旨味と酸のふくらみを引き出す飲み方がおすすめ。食事に合わせるなら冷酒と燗の両方を試し、好みの温度帯を探すとよい。
賀茂鶴酒造,賀茂鶴,,C,,純米大吟醸 広島錦 精米歩合38% 超辛口,純米大吟醸,不明,公開情報で判定材料不足,,,,要確認,公開情報で要確認,,,720ml,"5,000円",限定流通,2026-09-06現行性を公式情報で再確認,https://shop.kamotsuru.jp/SHOP/hiroshimanishiki38_karakuchi.html,1,1873（明治6）年、木村和平が西条で木村酒造を創業し、同年「賀茂鶴」を命名。1898年には日本で最初の動力精米機を導入し、1918年に賀茂鶴酒造株式会社を設立した。精米・吟醸技術と全国展開を通じ、西条の近代酒造を牽引してきた。,【ブランド史】1873（明治6）年9月9日に命名。「賀茂」は地名と「醸す」に通じ、「鶴」は気高い瑞鳥を表し、品質日本一を目指す志を込めた。創業時から続く蔵の中核銘柄である。 【商品史】限定商品として展開される。2026-09-06時点で公式商品ページに現行品として掲載され、純米大吟醸の設計で展開されている。,10〜15℃程度の冷酒を起点に、繊細な香りと上品な旨味を活かすのがおすすめ。常温も適温に含まれるため、グラスの中で少し温度を上げて香りと旨味の変化を比べるとよい。
賀茂鶴酒造,賀茂鶴,,C,,純米酒 ひやおろし,純米,不明,公開情報で判定材料不足,,,,要確認,公開情報で要確認,,,720ml,"1,760円",季節商品,2026-09-06現行性を公式情報で再確認,https://shop.kamotsuru.jp/SHOP/hiyaoroshi720.html,1,1873（明治6）年、木村和平が西条で木村酒造を創業し、同年「賀茂鶴」を命名。1898年には日本で最初の動力精米機を導入し、1918年に賀茂鶴酒造株式会社を設立した。精米・吟醸技術と全国展開を通じ、西条の近代酒造を牽引してきた。,【ブランド史】1873（明治6）年9月9日に命名。「賀茂」は地名と「醸す」に通じ、「鶴」は気高い瑞鳥を表し、品質日本一を目指す志を込めた。創業時から続く蔵の中核銘柄である。 【商品史】限定商品として展開される。ひやおろしという仕立てで通常品と区別される。2026-09-06時点で公式商品ページに現行品として掲載され、純米の設計で展開されている。,冷酒では輪郭をすっきりと、40℃前後のぬる燗から燗酒では熟成でまとまった旨味を引き出す飲み方がおすすめ。食事に合わせるなら冷酒と燗の両方を試し、好みの温度帯を探すとよい。
賀茂鶴酒造,賀茂鶴,,C,,豊醇冷酒,普通酒・上撰,やや甘口,公開情報で判定材料不足,,,,冷酒,公開情報で要確認,,,300ml / 720ml,"506～1,188円",一般流通,2026-09-06現行性を公式情報で再確認,https://shop.kamotsuru.jp/SHOP/346437/346505/list.html,1,1873（明治6）年、木村和平が西条で木村酒造を創業し、同年「賀茂鶴」を命名。1898年には日本で最初の動力精米機を導入し、1918年に賀茂鶴酒造株式会社を設立した。精米・吟醸技術と全国展開を通じ、西条の近代酒造を牽引してきた。,【ブランド史】1873（明治6）年9月9日に命名。「賀茂」は地名と「醸す」に通じ、「鶴」は気高い瑞鳥を表し、品質日本一を目指す志を込めた。創業時から続く蔵の中核銘柄である。 【商品史】冷酒で楽しむことを前提に設計した賀茂鶴のやや甘口商品。公式直営店では「冷やして楽しむ日本酒」として普通酒群の中で独立して掲載され、300ml・720mlの冷酒向け定番として継続している。,10〜15℃程度に冷やして、日常酒らしいキレと旨味を引き出すのがおすすめ。冷やし過ぎると香りや旨味が閉じやすいため、少しずつ温度が上がる変化も楽しむとよい。
賀茂鶴酒造,賀茂鶴,,C,,純米酒 にごり酒,純米,不明,公開情報で判定材料不足,,,,要確認,公開情報で要確認,,,720ml,"1,430円",季節商品,2026-09-06現行性を公式情報で再確認,https://shop.kamotsuru.jp/SHOP/346519/346502/list.html,1,1873（明治6）年、木村和平が西条で木村酒造を創業し、同年「賀茂鶴」を命名。1898年には日本で最初の動力精米機を導入し、1918年に賀茂鶴酒造株式会社を設立した。精米・吟醸技術と全国展開を通じ、西条の近代酒造を牽引してきた。,【ブランド史】1873（明治6）年9月9日に命名。「賀茂」は地名と「醸す」に通じ、「鶴」は気高い瑞鳥を表し、品質日本一を目指す志を込めた。創業時から続く蔵の中核銘柄である。 【商品史】にごりという仕立てで通常品と区別される。2026-09-06時点で公式商品ページに現行品として掲載され、純米の設計で展開されている。,公開情報で明確な推奨温度を確認できないため酒質からの目安。よく冷やした5〜10℃程度の冷酒を起点に、発泡感やにごりの口当たりを活かす飲み方がおすすめ。少量ずつ温度を変え、香り・甘味・酸味・キレのバランスが最も整うところを探すとよい。
賀茂鶴酒造,賀茂鶴,,C,,純米酒 しぼりたて,純米,不明,公開情報で判定材料不足,,65%,15度以上16度未満,冷酒 / 常温,公開情報で要確認,,,"720ml / 1,800ml","1,485～3,080円",季節商品,2026-09-06現行性を公式情報で再確認,https://shop.kamotsuru.jp/SHOP/346519/346479/list.html,1,1873（明治6）年、木村和平が西条で木村酒造を創業し、同年「賀茂鶴」を命名。1898年には日本で最初の動力精米機を導入し、1918年に賀茂鶴酒造株式会社を設立した。精米・吟醸技術と全国展開を通じ、西条の近代酒造を牽引してきた。,【ブランド史】1873（明治6）年9月9日に命名。「賀茂」は地名と「醸す」に通じ、「鶴」は気高い瑞鳥を表し、品質日本一を目指す志を込めた。創業時から続く蔵の中核銘柄である。 【商品史】限定商品として展開される。しぼりたてという仕立てで通常品と区別される。2026-09-06時点で公式商品ページに現行品として掲載され、純米、精米歩合 65%の設計で展開されている。,まずは5〜10℃程度までしっかり冷やし、フレッシュさを活かすのがおすすめ。温度が上がり過ぎないうちに飲み、原酒で強く感じる場合に「ロック」の記載がある商品は大きめの氷を一つ加えると飲みやすい。
賀茂鶴酒造,賀茂鶴,,C,,青冴え 2026 純米吟醸生原酒,純米吟醸,不明,公開情報で判定材料不足,,,,要確認,公開情報で要確認,,,720ml,"2,090円",季節商品,2026年現行限定商品・公式ECでは売切,https://shop.kamotsuru.jp/SHOP/346441/346462/list.html,1,1873（明治6）年、木村和平が西条で木村酒造を創業し、同年「賀茂鶴」を命名。1898年には日本で最初の動力精米機を導入し、1918年に賀茂鶴酒造株式会社を設立した。精米・吟醸技術と全国展開を通じ、西条の近代酒造を牽引してきた。,【ブランド史】1873（明治6）年9月9日に命名。「賀茂」は地名と「醸す」に通じ、「鶴」は気高い瑞鳥を表し、品質日本一を目指す志を込めた。創業時から続く蔵の中核銘柄である。 【商品史】2026年銘柄として展開された純米吟醸生原酒。火入れをしない生原酒の鮮度を生かす年次・季節型の商品として、2026年の現行ラインに確認できる。,まずは5〜10℃程度までしっかり冷やし、フレッシュさを活かすのがおすすめ。温度が上がり過ぎないうちに飲み、原酒で強く感じる場合に「ロック」の記載がある商品は大きめの氷を一つ加えると飲みやすい。
賀茂鶴酒造,賀茂鶴,,C,,花咲かじいさん 純米吟醸 萌えいぶき,純米吟醸,不明,公開情報で判定材料不足,,,,要確認,公開情報で要確認,,,720ml,"2,200円",限定流通,オンラインストア限定・数量限定。公式ECでは売切,https://shop.kamotsuru.jp/SHOP/346441/346462/list.html,1,1873（明治6）年、木村和平が西条で木村酒造を創業し、同年「賀茂鶴」を命名。1898年には日本で最初の動力精米機を導入し、1918年に賀茂鶴酒造株式会社を設立した。精米・吟醸技術と全国展開を通じ、西条の近代酒造を牽引してきた。,【ブランド史】1873（明治6）年9月9日に命名。「賀茂」は地名と「醸す」に通じ、「鶴」は気高い瑞鳥を表し、品質日本一を目指す志を込めた。創業時から続く蔵の中核銘柄である。 【商品史】限定商品として展開される。2026-09-06時点で公式商品ページに現行品として掲載され、純米吟醸の設計で展開されている。,10〜15℃程度の冷酒を起点に、吟醸香と軽快な旨味のバランスを活かすのがおすすめ。
賀茂鶴酒造,賀茂鶴,,C,,2026蔵開き限定 純米大吟醸 山田錦 精米歩合38%,純米大吟醸,不明,公開情報で判定材料不足,,38%,16度以上17度未満,冷酒 / 常温,公開情報で要確認,,東広島市高屋町造賀地区産山田錦100%,720ml,"5,000円",限定流通,2026蔵開き限定・公式ECでは売切,https://shop.kamotsuru.jp/SHOP/2026kurabiraki_6600hukubako.html,1,1873（明治6）年、木村和平が西条で木村酒造を創業し、同年「賀茂鶴」を命名。1898年には日本で最初の動力精米機を導入し、1918年に賀茂鶴酒造株式会社を設立した。精米・吟醸技術と全国展開を通じ、西条の近代酒造を牽引してきた。,【ブランド史】1873（明治6）年9月9日に命名。「賀茂」は地名と「醸す」に通じ、「鶴」は気高い瑞鳥を表し、品質日本一を目指す志を込めた。創業時から続く蔵の中核銘柄である。 【商品史】2026年の賀茂鶴蔵開きに合わせて展開された年次限定の純米大吟醸。山田錦を38%まで磨く蔵開き企画酒として、通常定番とは別に現行ラインへ加わった。,10〜15℃程度の冷酒を起点に、繊細な香りと上品な旨味を活かすのがおすすめ。常温も適温に含まれるため、グラスの中で少し温度を上げて香りと旨味の変化を比べるとよい。
賀茂鶴酒造,賀茂鶴,,C,,UNDER 30 純米酒,純米,不明,公開情報で判定材料不足,,,,要確認,公開情報で要確認,,,720ml,"1,430円",限定流通,公式EC現行商品・売切,https://shop.kamotsuru.jp/SHOP/under30junmai-shu720ml.html,1,1873（明治6）年、木村和平が西条で木村酒造を創業し、同年「賀茂鶴」を命名。1898年には日本で最初の動力精米機を導入し、1918年に賀茂鶴酒造株式会社を設立した。精米・吟醸技術と全国展開を通じ、西条の近代酒造を牽引してきた。,【ブランド史】1873（明治6）年9月9日に命名。「賀茂」は地名と「醸す」に通じ、「鶴」は気高い瑞鳥を表し、品質日本一を目指す志を込めた。創業時から続く蔵の中核銘柄である。 【商品史】限定商品として展開される。ワイン酵母を用いる。日本酒に慣れていない層も意識した新しい設計の商品である。2026-09-06時点で公式商品ページに現行品として掲載され、純米の設計で展開されている。,冷酒では輪郭をすっきりと、40℃前後のぬる燗から燗酒では米の旨味と酸のふくらみを引き出す飲み方がおすすめ。食事に合わせるなら冷酒と燗の両方を試し、好みの温度帯を探すとよい。
賀茂鶴酒造,賀茂鶴,,C,,大吟醸 限定搾汁,大吟醸,不明,公開情報で判定材料不足,,50%,15度以上16度未満,ロック / 冷酒 / 常温,公開情報で要確認,,山田錦100%,720ml,"2,530円",季節商品,年末年始限定・公式EC現行ページでは売切,https://shop.kamotsuru.jp/SHOP/346519/346484/list.html,1,1873（明治6）年、木村和平が西条で木村酒造を創業し、同年「賀茂鶴」を命名。1898年には日本で最初の動力精米機を導入し、1918年に賀茂鶴酒造株式会社を設立した。精米・吟醸技術と全国展開を通じ、西条の近代酒造を牽引してきた。,【ブランド史】1873（明治6）年9月9日に命名。「賀茂」は地名と「醸す」に通じ、「鶴」は気高い瑞鳥を表し、品質日本一を目指す志を込めた。創業時から続く蔵の中核銘柄である。 【商品史】限定商品として展開される。2026-09-06時点で公式商品ページに現行品として掲載され、大吟醸、使用米 山田錦100%、精米歩合 50%の設計で展開されている。,10〜15℃程度の冷酒を起点に、繊細な香りと上品な旨味を活かすのがおすすめ。常温も適温に含まれるため、グラスの中で少し温度を上げて香りと旨味の変化を比べるとよい。
賀茂鶴酒造,賀茂鶴,,C,,大吟醸原酒 あらばしり,大吟醸,不明,公開情報で判定材料不足,,,,要確認,公開情報で要確認,,,720ml,"2,310円",季節商品,季節限定・公式EC現行ページでは売切,https://shop.kamotsuru.jp/SHOP/346440/346519/list.html,1,1873（明治6）年、木村和平が西条で木村酒造を創業し、同年「賀茂鶴」を命名。1898年には日本で最初の動力精米機を導入し、1918年に賀茂鶴酒造株式会社を設立した。精米・吟醸技術と全国展開を通じ、西条の近代酒造を牽引してきた。,【ブランド史】1873（明治6）年9月9日に命名。「賀茂」は地名と「醸す」に通じ、「鶴」は気高い瑞鳥を表し、品質日本一を目指す志を込めた。創業時から続く蔵の中核銘柄である。 【商品史】限定商品として展開される。原酒・あらばしりという仕立てで通常品と区別される。2026-09-06時点で公式商品ページに現行品として掲載され、大吟醸の設計で展開されている。,公開情報で明確な推奨温度を確認できないため酒質からの目安。よく冷やした5〜10℃程度の冷酒を起点に、フレッシュさを活かす飲み方がおすすめ。少量ずつ温度を変え、香り・甘味・酸味・キレのバランスが最も整うところを探すとよい。
福美人酒造,福美人,,C,,上撰,普通酒・上撰,やや甘口,公開情報で判定材料不足,-2.0,70%,15度,常温 / ぬる燗 / 燗酒,公開情報で要確認,,国産米,720ml,870円,一般流通,公式現行販売。蔵の特徴を感じる定番酒として案内,https://www.fukubijin.co.jp/SHOP/2212.html,1,1917（大正6）年創業。早くから高い醸造技術で知られ、全国から酒造技術者が学びに訪れたことから「西條酒造学校」と呼ばれ、多くの杜氏育成に関わった。現在は恵比寿庫・大黒庫を擁し、伝統的な技術を継承している。,【ブランド史】蔵の公式直売ページでは、旧地名「福神」と「美人のようにふくよかで、やさしく穏やかな味」を目指したことが名の由来と説明される。1917年の創業以来、蔵の主銘柄として続いている。 【商品史】2026-09-06時点で公式商品ページに現行品として掲載され、普通酒・上撰、使用米 国産米、精米歩合 70%の設計で展開されている。,常温から40℃前後のぬる燗を中心に、日常酒らしいキレと旨味を引き出すのがおすすめ。より熱い燗も適温に含まれる場合は、45〜50℃程度まで上げて後口の締まり方を比べるとよい。
