酒蔵,ブランド,商品名,分類,使用米,精米歩合,流通区分,備考,出典URL,page_status,page_title,page_description,page_published,page_modified,page_history_excerpt,page_error,search_query,search_results,search_error
亀齢酒造,亀齢,亀齢 上撰,普通酒・上撰,,,一般流通,現行酒販店で在庫ありを確認,https://osake-style.com/SHOP/11012948.html,200,亀齢 本醸造 上撰 1800ml,『 淡麗ではなく濃醇、味わいの深い辛口酒 』広島県内の中では最たる辛口の酒を、醸してきた蔵元が『 亀齢 』です。亀齢酒造（きれいしゅぞう）株式会社の銘柄の由来、「百薬の長」である酒を口にして、亀のごとく長く生きることから名付けられました。辛口の本醸造は、燗酒にすると絶品と大好評！現代でも、レベルの高い酒造りが、飲み手から高い評価を受けています。,,,【このお酒の酒質】 精米歩合 70％ アルコール分 15度以上16度未満 日本酒度 +4.0 酸度 － 原料米 － 酵母 自家培養 【のみごろ温度】 ロック 冷酒 ○ 常温 ◎ ぬる燗 ◎ あつ燗 ◎ 日本酒度・酸度のバランスが、お酒の味を決めます。 | ：数値が大 なら 濃醇 / 数値が小 なら 淡麗 亀齢酒造 （ きれい ） の詳しい紹介はクリック 『亀齢酒造の日本酒はこんな酒 』 亀齢 本醸造 上撰 1800ml 古くは「吉田屋の酒」として親しまれていたが、明治初期になって「亀齢」と命名。 | 大正６年の全国清酒品評会で、「月桂冠」や「賀茂鶴」とともに、日本初の名誉賞を受賞し、その縁起の良い名を全国に広く知らしめることになる。 | 「亀齢」は「月桂冠」や「賀茂鶴」とともに、日本初の名誉賞を受賞し、その縁起の良い名を広く知らしめることになりました。,,"""亀齢 上撰"" ""亀齢酒造"" 発売 OR 新発売 OR 受賞 OR リニューアル OR 限定",[],
亀齢酒造,亀齢,亀齢 大吟醸 創,大吟醸,山田錦,４５％,一般流通,現行小売店で販売確認（メーカー公式の販売状態ではない）,https://www.hiroshimasake.com/product/17,200,亀齢 大吟醸創(亀齢酒造) 広島県の日本酒を専門通販 広島酒倶楽部,自家井戸より汲み上げた中硬水と、厳選された酒米とを用いて醸した自醸酒100％の清酒亀齢。 亀齢 大吟醸創自家井戸より汲み上げた中硬水と、厳選された酒米とを用いて醸した自醸酒100％の清酒亀齢。こくとキレを心ゆくまでお愉しみ下さい。●原料米：山田錦●精米歩合：４５％●原材料名：米・米麹・醸造…,,,広島県の日本酒を専門通販 広島酒倶楽部 亀齢 大吟醸創(亀齢酒造) メニュー カート ご利用案内 初めての方 広島SAKE倶楽部 Q & A 問い合わせ カテゴリ 店長コラム 文字サイズ : 広島SAKE倶楽部TOP 新規の方はこちら 登録なしでもお買い物できます。 | ● 原料米 ： 山田錦 ● 精米歩合 ：４５％ ● 原材料名 ： 米 ・米 麹 ・ 醸造アルコール ● 日本酒度 ：＋５ ● 酸度 ：1.6 ● アルコール ：17度以上18度未満 ●甘辛：やや辛口 亀齢酒造株式会社 東広島市西条本町8-18 日本酒は日本の貴重な独自文化。 | 大正６年の全国清酒品評会で、「月桂冠」「 賀茂鶴 」とともに、日本初の名誉賞を受賞したのが、この亀齢だったのだ。,,"""亀齢 大吟醸 創"" ""亀齢酒造"" 発売 OR 新発売 OR 受賞 OR リニューアル OR 限定",[],
亀齢酒造,亀齢,亀齢 無濾過 五段仕込純米酒 八九(はちく) 生酒,純米,,70％,季節商品,現行小売店で販売確認（メーカー公式の販売状態ではない）,https://www.hiroshimasake.com/product/182,200,亀齢 無濾過 五段仕込純米酒 八九 生酒(亀齢酒造) 広島県の日本酒を専門通販 広島酒倶楽部,亀齢 無濾過 五段仕込純米酒 八九 生酒は広島県産米を70％までに精米し、麹歩合89％の手間暇かかった純米酒です フレッシュかつジューシーで後味さっぱりの甘口のお酒です 亀齢 無濾過 五段仕込純米酒 八九(はちく) 生酒【1年に1回の限定発売となります】辛口が特徴の亀齢酒造では珍しい甘口の日本酒です。豊かな甘い香りがジューシーで、口の中がまろやかさで包まれます。甘みと…,,,広島県の日本酒を専門通販 広島酒倶楽部 亀齢 無濾過 五段仕込純米酒 八九 生酒(亀齢酒造) メニュー カート ご利用案内 初めての方 広島SAKE倶楽部 Q & A 問い合わせ カテゴリ 店長コラム 文字サイズ : 広島SAKE倶楽部TOP 新規の方はこちら 登録なしでもお買い物できます。 | 本数限定商品 Tweet Facebookでシェア 数量 : 1 2 3 4 5 6 7 8 9 10 11 12 13 14 返品特約に関する重要事項 お酒詳細 亀齢 無濾過 五段仕込純米酒 八九(はちく) 生酒 【1年に1回の限定発売となります】 辛口が特徴の亀齢酒造では珍しい甘口の日本酒です。 | 通常は1度の仕込みで使われるお米の割合は、麹用が20％〜30％、酒母米(＝酒母用に使われるお米)が約10％、残りの約70%は掛米として使用されます。 | ● 精米歩合 ：70％ ●麹歩合：89％ ● 原材料名 ： 米 ・米 麹 ● 日本酒度 ：-18 ● 酸度 ：3.0 ● 酵母 ：自家培養 ● アルコール ：17度 ●アミノ酸度：2.4 ●もろみ日数：27日 ●甘辛：甘口 亀齢酒造株式会社 東広島市西条本町8-18 日本酒は日本の貴重な独自文化。,,"""亀齢 無濾過 五段仕込純米酒 八九(はちく) 生酒"" ""亀齢酒造"" 発売 OR 新発売 OR 受賞 OR リニューアル OR 限定",[],
亀齢酒造,亀齢,亀齢 純米吟醸 六拾,純米吟醸,,,一般流通,2026年5月 東広島10蔵定期便採用,https://e-sake.jp/article/article-1369/,200,2025「東広島の日本酒10蔵定期便」受注開始しました | 日本酒10 – ディスカバー東広島,東広島の日本酒10蔵定期便とは東広島市は市内に10の酒蔵があり、地域の良質な米と水、優れた技術から生まれる特徴のある酒造りが行われています。東広島市内にある10の蔵元の「日本酒を通じ全国の皆さまと繋が... 東広島の日本酒10蔵定期便とは東広島市は市内に10の酒蔵があり、地域の良質な米と水、優れた技術から生まれる特徴のある酒造りが行われています。東広島市内にある10の蔵元の「日本酒を通じ全国の皆さまと繋が...,,,東広島市内にある10の蔵元の「日本酒を通じ全国の皆さまと繋がり、絆を作りたい」という思いを伝えるため、蔵元・杜氏が厳選したふるさと納税返礼品「東広島日本酒10蔵定期便」を提供します。 | 限定50セット で、「 期間限定 ・ 予約のみ」 の受付となります。 | 杜氏渾身の大吟醸 、お 届けする季節に応じたフレッシュな生酒 、 通常蔵内でのみ販売している限定酒 など、各酒蔵の真心を込めた日本酒を蔵元から直送でお届けします。 | ぜひ、日本酒を通じ蔵元・杜氏の思いを感じながら、味わってください。,,"""亀齢 純米吟醸 六拾"" ""亀齢酒造"" 発売 OR 新発売 OR 受賞 OR リニューアル OR 限定",[],
亀齢酒造,亀齢,亀齢 純米吟醸 原形精米 migaki 無濾過生酒,純米吟醸,千本錦100%,60％,季節商品,現行小売店で販売確認（メーカー公式の販売状態ではない）,https://www.hiroshimasake.com/product/550,200,亀齢 純米吟醸migaki 無濾過生酒(亀齢酒造) 広島県の日本酒を専門通販 広島酒倶楽部,亀齢 純米吟醸migaki 無濾過生酒はフルーティーな香りと、豊かな含み香、亀齢らしいキレとしっかりしたうま味もある無無濾過生酒です。 亀齢 純米吟醸 原形精米 migaki 無濾過生酒 りんごを思わせるフルーティーな香り。最初の口当たりは柔らかくなめらかです。その後、亀齢らしく舌に響くピリリとした刺激と、長く続くドライな酸味。なめら…,,,広島県の日本酒を専門通販 広島酒倶楽部 亀齢 純米吟醸migaki 無濾過生酒(亀齢酒造) メニュー カート ご利用案内 初めての方 広島SAKE倶楽部 Q & A 問い合わせ カテゴリ 店長コラム 文字サイズ : 広島SAKE倶楽部TOP 新規の方はこちら 登録なしでもお買い物できます。 | 本数限定商品 Tweet Facebookでシェア 数量 : 1 2 3 4 5 6 7 8 9 10 11 12 13 14 15 16 17 18 19 20 21 22 23 24 25 26 27 28 29 30 31 32 33 34 35 36 37 38 39 40 41 42 43 44 45 46 47 返品特約に関する重要事項 お酒詳細 亀齢 純米吟醸 原形精米 migaki 無濾過生酒 りんごを思わせるフルーティーな香り。 | 「原形精米」は酒米の元の形（玄米）に近い状態で磨き上げる精米方法。 | 大正６年の 全国新酒鑑評会 で、「月桂冠」「賀茂鶴」とともに、日本初の名誉賞を受賞したのが、この亀齢だったのだ。,,"""亀齢 純米吟醸 原形精米 migaki 無濾過生酒"" ""亀齢酒造"" 発売 OR 新発売 OR 受賞 OR リニューアル OR 限定",[],
亀齢酒造,亀齢,亀齢 純米吟醸 原形精米 migaki 萌えいぶき 生酒,純米吟醸,萌えいぶき,60％,季節商品,現行小売店で販売確認（メーカー公式の販売状態ではない）,https://www.hiroshimasake.com/product/581,200,亀齢 純米吟醸 原形精米 migaki 無濾過生酒(亀齢酒造) 広島県の日本酒を専門通販 広島酒倶楽部,亀齢 純米吟醸 原形精米 migaki 萌えいぶき 生酒は亀齢にしては珍しく、ほんのり甘め。 香りは控えめで、しっかり味がして芯のある濃い旨味を楽しめます。 原形精米による雑味のないきれいな仕上がりの中に、若々しく爽快な青さが余韻として残ります。 亀齢 純米吟醸 原形精米 migaki 萌えいぶき 生酒広島県の酒米・萌えいぶき使用。亀齢にしては珍しく、ほんのり甘め。香りは控えめで、しっかり味がして芯のある濃い旨味を楽しめます。原形精米による雑味…,,,広島県の日本酒を専門通販 広島酒倶楽部 亀齢 純米吟醸 原形精米 migaki 萌えいぶき 生酒(亀齢酒造) メニュー カート ご利用案内 初めての方 広島SAKE倶楽部 Q & A 問い合わせ カテゴリ 店長コラム 文字サイズ : 広島SAKE倶楽部TOP 新規の方はこちら 登録なしでもお買い物できます。 | 本数限定商品 Tweet Facebookでシェア 数量 : 1 2 3 4 5 6 7 8 9 10 11 12 13 14 15 16 17 18 19 20 21 22 23 24 25 26 返品特約に関する重要事項 お酒詳細 亀齢 純米吟醸 原形精米 migaki 萌えいぶき 生酒 広島県の酒米・萌えいぶき使用。 | 「原形精米」は酒米の元の形（玄米）に近い状態で磨き上げる精米方法。 | 大正6年の 全国新酒鑑評会 で、「月桂冠」「賀茂鶴」とともに、日本初の名誉賞を受賞したのが、この亀齢だったのだ。,,"""亀齢 純米吟醸 原形精米 migaki 萌えいぶき 生酒"" ""亀齢酒造"" 発売 OR 新発売 OR 受賞 OR リニューアル OR 限定",[],
亀齢酒造,亀齢,亀齢 辛口純米 八拾,純米,中生新千本,８０％,限定流通,現行小売店で販売確認（メーカー公式の販売状態ではない）,https://www.hiroshimasake.com/product/37,200,亀齢 辛口純米 八拾(亀齢酒造) 広島県の日本酒を専門通販 広島酒倶楽部,亀齢 辛口純米 八拾は中生新千本を８０％精米して造り上げた辛口純米のとてもリーズナブルなお酒です。 香りも良く、後味も良く、飲みごたえのある、三拍子揃ったのにこの値段とは”ビックリ”です。 亀齢 辛口純米 八拾【このお酒は限定流通商品です】中生新千本を８０％精米して造り上げた辛口純米のとてもリーズナブルなお酒です。香りも良く、後味も良く、飲みごたえのある、三拍子揃ったのにこの値段とは”ビ…,2016-03-11,,広島県の日本酒を専門通販 広島酒倶楽部 亀齢 辛口純米 八拾(亀齢酒造) メニュー カート ご利用案内 初めての方 広島SAKE倶楽部 Q & A 問い合わせ カテゴリ 店長コラム 文字サイズ : 広島SAKE倶楽部TOP 新規の方はこちら 登録なしでもお買い物できます。 | ● 原料米 ： 中生新千本 ● 精米歩合 ：８０％ ● 原材料名 ： 米 ・米 麹 ● 日本酒度 ：＋５ ● 酸度 ：1.9度 ● 酵母 ：自家培養 ● アルコール ：17度 ●甘辛：辛口 720mlはこちら 生酒はこちら 亀齢酒造株式会社 東広島市西条本町8-18 日本酒は日本の貴重な独自文化。 | 大正６年の全国清酒品評会で、「月桂冠」「 賀茂鶴 」とともに、日本初の名誉賞を受賞したのが、この亀齢だったのだ。,,"""亀齢 辛口純米 八拾"" ""亀齢酒造"" 発売 OR 新発売 OR 受賞 OR リニューアル OR 限定",[],
亀齢酒造,亀齢,亀齢 辛口純米 八拾 生酒,純米,中生新千本,80％,季節商品,現行小売店で販売確認（メーカー公式の販売状態ではない）,https://www.hiroshimasake.com/product/96,200,亀齢 辛口純米 八拾(生酒)(亀齢酒造) 広島県の日本酒を専門通販 広島酒倶楽部,亀齢 辛口純米 八拾(生酒)は中生新千本を８０％精米して造り上げた辛口純米のとてもリーズナブルなお酒です。 香りも良く、後味も良く、飲みごたえのある、三拍子揃ったのにこの値段とは”ビックリ”です。 亀齢 辛口純米 八拾(生酒) 当店人気NO.1の辛口八拾の無濾過生酒バージョンです。 通常商品と飲み比べしてみていかがでしょうか。中生新千本を８０％精米して造り上げた辛口純米のとてもリーズナブルな生酒…,,,広島県の日本酒を専門通販 広島酒倶楽部 亀齢 辛口純米 八拾(生酒)(亀齢酒造) お店トップ ｜ 会社概要 ｜ Webフォームでのご注文 ｜ メールでのご注文 ｜ FAXでのご注文 ｜ お酒探しご依頼 ｜ facebook メニュー カート ご利用案内 初めての方 広島SAKE倶楽部 Q & A 問い合わせ カテゴリ 店長コラム 文字サイズ : 広島SAKE倶楽部TOP 新規の方はこちら 登録なしでもお買い物できます。 | ●原料米：中生新千本 ●精米歩合：80％ ●原材料名：米・米麹 ●酵母：自家培養 ●アルコール：17.0度 ●甘辛：辛口 さすが亀齢の上田さんがおすすめするお買い得のお酒です。 | 大正６年の全国清酒品評会で、「月桂冠」「 賀茂鶴 」とともに、日本初の名誉賞を受賞したのが、この亀齢だったのだ。,,"""亀齢 辛口純米 八拾 生酒"" ""亀齢酒造"" 発売 OR 新発売 OR 受賞 OR リニューアル OR 限定",[],
亀齢酒造,亀齢萬年,亀齢萬年 山田錦 生酒,その他,山田錦,60％,季節商品,現行小売店で販売確認（メーカー公式の販売状態ではない）,https://www.hiroshimasake.com/product/15,200,亀齢萬年 山田錦(亀齢酒造) 広島県の日本酒を専門通販 広島酒倶楽部,酒造好適米山田錦による立上る吟醸香と繊細な味わい、米の旨味を十分に引き出して丁寧に仕上がった辛口のお酒を、蔵内管理温度－３℃の氷温長期熟成し美味しさがアップした生酒です。 亀齢萬年 山田錦米の旨味を十分に引き出して丁寧に仕上がった辛口のお酒を、蔵内管理温度－3℃の氷温長期熟成。氷温熟成なので新酒の瑞々しさを残しつつ、熟成によるまろやかな口当たりを楽しめます。【味わい】派…,2016-05-31,,広島県の日本酒を専門通販 広島酒倶楽部 亀齢萬年 山田錦(亀齢酒造) メニュー カート ご利用案内 初めての方 広島SAKE倶楽部 Q & A 問い合わせ カテゴリ 店長コラム 文字サイズ : 広島SAKE倶楽部TOP 新規の方はこちら 登録なしでもお買い物できます。 | 本数限定商品 5.00 1 件のレビュー Tweet Facebookでシェア 数量 : 1 2 3 4 5 6 7 8 9 10 11 12 13 14 15 16 17 18 19 20 21 22 23 24 25 返品特約に関する重要事項 お酒詳細 亀齢萬年 山田錦 米の旨味を十分に引き出して丁寧に仕上がった辛口のお酒を、蔵内管理温度－3℃の氷温長期熟成。 | 大正６年の全国清酒品評会で、「月桂冠」「 賀茂鶴 」とともに、日本初の名誉賞を受賞したのが、この亀齢だったのだ。,,"""亀齢萬年 山田錦 生酒"" ""亀齢酒造"" 発売 OR 新発売 OR 受賞 OR リニューアル OR 限定",[],
亀齢酒造,亀齢萬年,亀齢萬年 山田錦おりがらみ 生酒,その他,山田錦,60％,季節商品,現行小売店で販売確認（メーカー公式の販売状態ではない）,https://www.hiroshimasake.com/product/564,200,亀齢萬年 山田錦(亀齢酒造) 広島県の日本酒を専門通販 広島酒倶楽部,亀齢萬年 山田錦はおりがらみのクリーミーなコクがクセになるフレッシュな生酒。 驚くほど軽快な後口が魅力です。 亀齢萬年 山田錦おりがらみおりがらみのクリーミーなコクがクセになるフレッシュな生酒。驚くほど軽快な後口が魅力です。最初は混ぜずに「澄んだ上澄み」のクリアなキレを。次に、ゆっくりと瓶を反転させて「澱」を…,,,広島県の日本酒を専門通販 広島酒倶楽部 亀齢萬年 山田錦(亀齢酒造) メニュー カート ご利用案内 初めての方 広島SAKE倶楽部 Q & A 問い合わせ カテゴリ 店長コラム 文字サイズ : 広島SAKE倶楽部TOP 新規の方はこちら 登録なしでもお買い物できます。 | 本数限定商品 Tweet Facebookでシェア 数量 : 1 2 3 4 5 6 7 8 9 10 11 12 13 14 15 16 17 18 19 20 21 22 23 24 25 26 返品特約に関する重要事項 お酒詳細 亀齢萬年 山田錦おりがらみ おりがらみのクリーミーなコクがクセになるフレッシュな生酒。 | 大正６年の全国清酒品評会で、「月桂冠」「 賀茂鶴 」とともに、日本初の名誉賞を受賞したのが、この亀齢だったのだ。,,"""亀齢萬年 山田錦おりがらみ 生酒"" ""亀齢酒造"" 発売 OR 新発売 OR 受賞 OR リニューアル OR 限定",[],
亀齢酒造,亀齢萬年,亀齢萬年 純米大吟醸原酒五拾 生酒,純米大吟醸,広島造賀産線状心白米100%,50％,季節商品,現行小売店で販売確認（メーカー公式の販売状態ではない）,https://www.hiroshimasake.com/product/552,200,亀齢萬年 純米大吟醸原酒五拾 生酒(亀齢酒造) 広島県の日本酒を専門通販 広島酒倶楽部,亀齢萬年 純米大吟醸原酒五拾 生酒は飲むほどにハマる！【旨み・甘み・辛さ】のすべてが詰まった一本。酸がきいていて、ガツンとしたインパクトのある味わいです。 爽やかな洋ナシのような香り、濃厚な旨みが口いっぱいに広がります。 後味はキレの良い酸と辛みが全体をまとめ、飲み飽きさせません。 力強いボディながら繊細なキレを併せ持ち、複雑で奥行きのある味わいが楽しめます。 亀齢萬年 純米大吟醸原酒五拾 生酒飲みごたえ抜群の辛口。酸がきいていて、ガツンとしたインパクトのある味わいです。爽やかな洋ナシのような香り、濃厚な旨みが口いっぱいに広がります。後味はキレの良い酸と辛み…,,,広島県の日本酒を専門通販 広島酒倶楽部 亀齢萬年 純米大吟醸原酒五拾 生酒(亀齢酒造) メニュー カート ご利用案内 初めての方 広島SAKE倶楽部 Q & A 問い合わせ カテゴリ 店長コラム 文字サイズ : 広島SAKE倶楽部TOP 新規の方はこちら 登録なしでもお買い物できます。 | 本数限定商品 Tweet Facebookでシェア 数量 : 1 2 3 4 5 返品特約に関する重要事項 お酒詳細 亀齢萬年 純米大吟醸原酒五拾 生酒 飲みごたえ抜群の辛口。 | 【広島造賀産線状心白米】 この酒米を使用すると素晴らしく良い酒に仕上がる事は昔から知られていましたが、穂が高く倒れやすく、きれいな水でしか育たない事から、栽培が途絶えていましたが西垣 杜氏 の強い希望で県内でも復活しました。 | 大正６年の 全国新酒鑑評会 で、「月桂冠」「賀茂鶴」とともに、日本初の名誉賞を受賞したのが、この亀齢だったのだ。,,"""亀齢萬年 純米大吟醸原酒五拾 生酒"" ""亀齢酒造"" 発売 OR 新発売 OR 受賞 OR リニューアル OR 限定",[],
亀齢酒造,亀齢萬年,亀齢萬年 純米大吟醸原酒五拾 袋吊りおりがらみ 生酒,純米大吟醸,広島造賀産線状心白米100%,50％,季節商品,現行小売店で販売確認（メーカー公式の販売状態ではない）,https://www.hiroshimasake.com/product/412,200,亀齢萬年 純米吟醸原酒五拾 袋吊りおりがらみ 生酒(亀齢酒造) 広島県の日本酒を専門通販 広島酒倶楽部,亀齢萬年 純米吟醸原酒五拾 袋吊りおりがらみは原酒五拾らしいしっかりしたボディは残しつつ、袋吊りによってフルーティーで繊細な味わいに仕上がっています。 おりがらみなので、口当たりがクリーミーでなめらか、甘さと酸味のバランスが絶妙です。 後口も原酒五拾より上品な余韻になっています。 濃い味わいなので、食中よりお酒だけをゆっくり楽しみたい時におすすめです。 限定品の袋吊りおりがらみです。繊細で程よい上品な香り、しっかり飲みごたえがあってキレ味抜群です。おりがらみなので、口当たりがクリーミーでなめらか。きれいな飲み口で素晴らしい味わいです。【テイスティング…,,,広島県の日本酒を専門通販 広島酒倶楽部 亀齢萬年 純米吟醸原酒五拾 袋吊りおりがらみ 生酒(亀齢酒造) メニュー カート ご利用案内 初めての方 広島SAKE倶楽部 Q & A 問い合わせ カテゴリ 店長コラム 文字サイズ : 広島SAKE倶楽部TOP 新規の方はこちら 登録なしでもお買い物できます。 | 本数限定商品 Tweet Facebookでシェア 数量 : 1 2 3 4 5 6 7 8 返品特約に関する重要事項 お酒詳細 限定品の袋吊りおりがらみです。 | 【広島造賀産線状心白米】 この酒米を使用すると素晴らしく良い酒に仕上がる事は昔から知られていましたが、穂が高く倒れやすく、きれいな水でしか育たない事から、栽培が途絶えていましたが西垣 杜氏 の強い希望で県内でも復活しました。 | 大正６年の 全国新酒鑑評会 で、「月桂冠」「賀茂鶴」とともに、日本初の名誉賞を受賞したのが、この亀齢だったのだ。,,"""亀齢萬年 純米大吟醸原酒五拾 袋吊りおりがらみ 生酒"" ""亀齢酒造"" 発売 OR 新発売 OR 受賞 OR リニューアル OR 限定",[],
亀齢酒造,亀齢,吉田屋の酒,その他,,,一般流通,公式直売所の主な販売酒,https://kireikireikirei.jimdofree.com/酒蔵土産売場-まねきや/,200,万年亀舎 営業情報 - （公式HP） 亀齢酒造 日本酒 東広島 まねきや,営業状況は、おしらせNEW！のページに掲載しております。 万年亀舎 決済方法 ・現金 ・クレジット ・PAYPAY ご利用いただけます。 ご旅行や、観光の際には、ぜひお越しくださいませ。,,,開店時間 お正月を除くほぼ通年開店 （土日祝日は不定期に休業することがあります） 平 日： ９時～１６時(昼休憩あり) 土 日 祝 日：１０時半～１６時 主な販売酒 吉田屋の酒（「万年亀舎」だけの限定酒） 大吟醸 創 純米大吟醸 亀香 純米酒 など 主な販売品 豆氏さん （大吟醸酒粕をまぶした豆菓子） 醸華町うどん (お酒で練ったうどん） 北海道産小麦使用・乾麺にリニューアル！,,"""吉田屋の酒"" ""亀齢酒造"" 発売 OR 新発売 OR 受賞 OR リニューアル OR 限定",[],
亀齢酒造,亀齢,純米大吟醸 亀香,純米大吟醸,,,一般流通,公式直売所の主な販売酒,https://kireikireikirei.jimdofree.com/酒蔵土産売場-まねきや/,200,万年亀舎 営業情報 - （公式HP） 亀齢酒造 日本酒 東広島 まねきや,営業状況は、おしらせNEW！のページに掲載しております。 万年亀舎 決済方法 ・現金 ・クレジット ・PAYPAY ご利用いただけます。 ご旅行や、観光の際には、ぜひお越しくださいませ。,,,開店時間 お正月を除くほぼ通年開店 （土日祝日は不定期に休業することがあります） 平 日： ９時～１６時(昼休憩あり) 土 日 祝 日：１０時半～１６時 主な販売酒 吉田屋の酒（「万年亀舎」だけの限定酒） 大吟醸 創 純米大吟醸 亀香 純米酒 など 主な販売品 豆氏さん （大吟醸酒粕をまぶした豆菓子） 醸華町うどん (お酒で練ったうどん） 北海道産小麦使用・乾麺にリニューアル！,,"""純米大吟醸 亀香"" ""亀齢酒造"" 発売 OR 新発売 OR 受賞 OR リニューアル OR 限定",[],
今田酒造本店,FUKUCHO LEGACY,FUKUCHO LEGACY I,その他,兵庫県特A地区山田錦,,一般流通,公式オンラインショップで在庫あり,https://fukucho.jp/products/legacy1,200,FUKUCHO LEGACY I – 富久長｜FUKUCHO,"1989年から冷蔵庫の中で永い年月のあいだ熟成を重ねたコンテスト用の大吟醸雫酒を、三段目の仕込み時に水の代わりに使用した貴醸酒。先代の保広杜氏が伝えた広島吟醸造りの技と、現代の富久長の融合を果たすために、敢えて原料の一部として使いました。伝統的な黄麹を使い、口に含むととろけるような滑らかな舌触りに、柔らかな甘やかさ。ヴィンテージの複雑味を引き出しながら、富久長らしいクリアで綺麗な味わいに仕上がっています。 13,000円（税込）以上で配送料無料（北海道・沖縄は1,100円割引） ※ご注文内容によって止むを得ず2個口になる場合は別途送料がかかります。そのような場合は担当者よりご連絡させていただきます。 【ギフト包装について】包装を 1989年から冷蔵庫の中で永い年月のあいだ熟成を重ねたコンテスト用の大吟醸雫酒を、三段目の仕込み時に水の代わりに使用した貴醸酒。先代の保広杜氏が伝えた広島吟醸造りの技と、現代の富久長の融合を果たすために、敢えて原料の一部として使いました。伝統的な黄麹を使い、口に含むととろけるような滑らかな舌触りに、柔らかな甘やかさ。ヴィンテージの複雑味を引き出しながら、富久長らしいクリアで綺麗な味わいに仕上がっています。 13,000円（税込）以上で配送料無料（北海道・沖縄は1,100円割引） ※ご注文内容によって止むを得ず2個口になる場合は別途送料がかかります。そのような場合は担当者よりご連絡させていただきます。 【ギフト包装について】包装を",,,先代の保広杜氏が伝えた広島吟醸造りの技と、現代の富久長の融合を果たすために、敢えて原料の一部として使いました。,,"""FUKUCHO LEGACY I"" ""今田酒造本店"" 発売 OR 新発売 OR 受賞 OR リニューアル OR 限定",[],
今田酒造本店,FUKUCHO LEGACY,FUKUCHO LEGACY II,その他,兵庫県特A地区山田錦,,一般流通,公式オンラインショップで在庫あり,https://fukucho.jp/products/legacy2,200,FUKUCHO LEGACY II – 富久長｜FUKUCHO,"熟成を重ねたコンテスト用の大吟醸雫酒を、三段目の仕込み時に水の代わりに使用した貴醸酒。先代の保広杜氏が伝えた広島吟醸造りの技と、現代の富久長の融合を果たすために、敢えて原料の一部として使いました。伝統的な黄麹とクエン酸（レモンに多く含まれる酸）をつくる白麹を併用して使い、料理と合わせてより引き立つ後味のキレに、甘やかさと酸味が拮抗した心地いい飲み心地に仕上がっています。 13,000円（税込）以上で配送料無料（北海道・沖縄は1,100円割引） ※ご注文内容によって止むを得ず2個口になる場合は別途送料がかかります。そのような場合は担当者よりご連絡させていただきます。 【ギフト包装について】包装をご希望の方はカートページ備考欄に包装 熟成を重ねたコンテスト用の大吟醸雫酒を、三段目の仕込み時に水の代わりに使用した貴醸酒。先代の保広杜氏が伝えた広島吟醸造りの技と、現代の富久長の融合を果たすために、敢えて原料の一部として使いました。伝統的な黄麹とクエン酸（レモンに多く含まれる酸）をつくる白麹を併用して使い、料理と合わせてより引き立つ後味のキレに、甘やかさと酸味が拮抗した心地いい飲み心地に仕上がっています。 13,000円（税込）以上で配送料無料（北海道・沖縄は1,100円割引） ※ご注文内容によって止むを得ず2個口になる場合は別途送料がかかります。そのような場合は担当者よりご連絡させていただきます。 【ギフト包装について】包装をご希望の方はカートページ備考欄に包装",,,先代の保広杜氏が伝えた広島吟醸造りの技と、現代の富久長の融合を果たすために、敢えて原料の一部として使いました。,,"""FUKUCHO LEGACY II"" ""今田酒造本店"" 発売 OR 新発売 OR 受賞 OR リニューアル OR 限定",[],
今田酒造本店,富久長,八反草 サタケシリーズ GENKEI,その他,広島県安芸高田市産八反草（契約栽培）,,一般流通,公式オンラインショップで在庫あり,https://fukucho.jp/products/hattansogenkei,200,富久長 八反草 サタケシリーズ GENKEI – 富久長｜FUKUCHO,"三浦仙三郎が確立した軟水醸造法と、日本で初めての動力精米機を開発したサタケ（東広島市）の精米技術によって生まれた広島吟醸酒。120年余りの月日を経て、吟醸酒は新たなステージへ扉を開きます。イノベーションの着眼点は米のカタチ。米を球形に磨く従来型から、玄米と同じ形に磨く原形精米（真吟）へ。最新鋭の精米機が精米60%で従来型の精米40%と同じたんぱく質の削減率を実現しました。直汲み原酒を1本ずつ丁寧に瓶火入れ、瓶貯蔵しているので、搾りたてのフレッシュな風味を保っています。 Artwork: Yutaka Kawai 13,000円（税込）以上で配送料無料（北海道・沖縄は1,100円割引） ※ご注文内容によって止むを得ず2個口になる場合は 三浦仙三郎が確立した軟水醸造法と、日本で初めての動力精米機を開発したサタケ（東広島市）の精米技術によって生まれた広島吟醸酒。120年余りの月日を経て、吟醸酒は新たなステージへ扉を開きます。イノベーションの着眼点は米のカタチ。米を球形に磨く従来型から、玄米と同じ形に磨く原形精米（真吟）へ。最新鋭の精米機が精米60%で従来型の精米40%と同じたんぱく質の削減率を実現しました。直汲み原酒を1本ずつ丁寧に瓶火入れ、瓶貯蔵しているので、搾りたてのフレッシュな風味を保っています。 Artwork: Yutaka Kawai 13,000円（税込）以上で配送料無料（北海道・沖縄は1,100円割引） ※ご注文内容によって止むを得ず2個口になる場合は",,,,,"""八反草 サタケシリーズ GENKEI"" ""今田酒造本店"" 発売 OR 新発売 OR 受賞 OR リニューアル OR 限定",[],
今田酒造本店,富久長,八反草 サタケシリーズ HENPEI,その他,広島県安芸高田市産八反草（契約栽培）,,一般流通,公式オンラインショップで在庫あり,https://fukucho.jp/products/hattansohenpei,200,富久長 八反草 サタケシリーズ HENPEI – 富久長｜FUKUCHO,"三浦仙三郎が確立した軟水醸造法と、日本で初めての動力精米機を開発したサタケ（東広島市）の精米技術によって生まれた広島吟醸酒。120年余りの月日を経て、吟醸酒は新たなステージへ扉を開きます。イノベーションの着眼点は米のカタチ。米を球形に磨く従来型から、薄く磨く扁平精米（真吟）へ。最新鋭の精米機が精米60%で従来型の精米40%と同じたんぱく質の削減率を実現しました。直汲み原酒を1本ずつ丁寧に瓶火入れ、瓶貯蔵しているので、搾りたてのフレッシュな風味を保っています。 Artwork: Yutaka Kawai 13,000円（税込）以上で配送料無料（北海道・沖縄は1,100円割引） ※ご注文内容によって止むを得ず2個口になる場合は別途送料が 三浦仙三郎が確立した軟水醸造法と、日本で初めての動力精米機を開発したサタケ（東広島市）の精米技術によって生まれた広島吟醸酒。120年余りの月日を経て、吟醸酒は新たなステージへ扉を開きます。イノベーションの着眼点は米のカタチ。米を球形に磨く従来型から、薄く磨く扁平精米（真吟）へ。最新鋭の精米機が精米60%で従来型の精米40%と同じたんぱく質の削減率を実現しました。直汲み原酒を1本ずつ丁寧に瓶火入れ、瓶貯蔵しているので、搾りたてのフレッシュな風味を保っています。 Artwork: Yutaka Kawai 13,000円（税込）以上で配送料無料（北海道・沖縄は1,100円割引） ※ご注文内容によって止むを得ず2個口になる場合は別途送料が",,,,,"""八反草 サタケシリーズ HENPEI"" ""今田酒造本店"" 発売 OR 新発売 OR 受賞 OR リニューアル OR 限定",[],
今田酒造本店,富久長,八反草 純米 ハイブリッド生酛 特別栽培米R3,純米,八反草（契約栽培）,,一般流通,公式オンラインショップで在庫あり,https://fukucho.jp/products/hybridkimoto-r3-2021by,200,富久長 八反草 純米 ハイブリッド生酛 特別栽培米R3 – 富久長｜FUKUCHO,"自然界の様々な微生物の営みや法則を深く理解した先人の知恵によって磨かれてきた日本の酒造り。私たちも自然から多くのことを感じ、学びながら生きる喜びにあふれる酒造りをしたいと思います。2022BYよりハイブリッド生酛は生酛から選抜した乳酸菌を使用。原料米は唯一富久長が育てる広島在来品種の八反草。掛米の80％に原形精米したR３圃場の特別栽培米を使用しています。 13,000円（税込）以上で配送料無料（北海道・沖縄は1,100円割引） ※ご注文内容によって止むを得ず2個口になる場合は別途送料がかかります。そのような場合は担当者よりご連絡させていただきます。 【ギフト包装について】ギフト包装をご希望の方は「ギフト包装・紙袋」を併せてご注文 自然界の様々な微生物の営みや法則を深く理解した先人の知恵によって磨かれてきた日本の酒造り。私たちも自然から多くのことを感じ、学びながら生きる喜びにあふれる酒造りをしたいと思います。2022BYよりハイブリッド生酛は生酛から選抜した乳酸菌を使用。原料米は唯一富久長が育てる広島在来品種の八反草。掛米の80％に原形精米したR３圃場の特別栽培米を使用しています。 13,000円（税込）以上で配送料無料（北海道・沖縄は1,100円割引） ※ご注文内容によって止むを得ず2個口になる場合は別途送料がかかります。そのような場合は担当者よりご連絡させていただきます。 【ギフト包装について】ギフト包装をご希望の方は「ギフト包装・紙袋」を併せてご注文",,,,,"""八反草 純米 ハイブリッド生酛 特別栽培米R3"" ""今田酒造本店"" 発売 OR 新発売 OR 受賞 OR リニューアル OR 限定",[],
今田酒造本店,富久長,八反草 純米 ハイブリッド生酛 特別栽培米R4,純米,八反草（契約栽培）,,一般流通,公式オンラインショップで在庫あり,https://fukucho.jp/products/hybridkimoto-r4-2022by,200,富久長 八反草 純米 ハイブリッド生酛 特別栽培米R4 – 富久長｜FUKUCHO,"自然界の様々な微生物の営みや法則を深く理解した先人の知恵によって磨かれてきた日本の酒造り。私たちも自然から多くのことを感じ、学びながら生きる喜びにあふれる酒を造りたいと思います。2022BYよりハイブリッド生酛は生酛から選抜した乳酸菌を使用。原料米は唯一富久長が育てる広島在来品種の八反草。掛米の80％に原形精米したR4圃場の特別栽培米を使用しています。 13,000円（税込）以上で配送料無料（北海道・沖縄は1,100円割引） ※ご注文内容によって止むを得ず2個口になる場合は別途送料がかかります。そのような場合は担当者よりご連絡させていただきます。 【ギフト包装について】ギフト包装をご希望の方は「ギフト包装・紙袋」を併せてご注文くださ 自然界の様々な微生物の営みや法則を深く理解した先人の知恵によって磨かれてきた日本の酒造り。私たちも自然から多くのことを感じ、学びながら生きる喜びにあふれる酒を造りたいと思います。2022BYよりハイブリッド生酛は生酛から選抜した乳酸菌を使用。原料米は唯一富久長が育てる広島在来品種の八反草。掛米の80％に原形精米したR4圃場の特別栽培米を使用しています。 13,000円（税込）以上で配送料無料（北海道・沖縄は1,100円割引） ※ご注文内容によって止むを得ず2個口になる場合は別途送料がかかります。そのような場合は担当者よりご連絡させていただきます。 【ギフト包装について】ギフト包装をご希望の方は「ギフト包装・紙袋」を併せてご注文くださ",,,,,"""八反草 純米 ハイブリッド生酛 特別栽培米R4"" ""今田酒造本店"" 発売 OR 新発売 OR 受賞 OR リニューアル OR 限定",[],
今田酒造本店,富久長,八反草 純米 軟水仕込 辛口,純米,八反草（契約栽培）,60% / 65%,一般流通,公式オンラインショップで在庫あり,https://fukucho.jp/products/hattansojunmai,200,富久長 八反草 純米 軟水仕込 辛口 – 富久長｜FUKUCHO,"低精米では硬く溶けにくい八反草ですが、蒸米工程での弊社独自の工夫や真吟精米の技術、広島県の新しい令和一号酵母との出会いなどによって、軽やかでおおらかなこなれた味わいに仕上げました。富久長らしい水のやわらかさを感じさせ、甘さに頼らず食事にあわせやすい旨味のある辛口です。ラベルにも軟水仕込・辛口と明記いたしました。 🎖️ 2026年 IWC2026 Junmai部門 シルバーメダル 13,000円（税込）以上で配送料無料（北海道・沖縄は1,100円割引） ※ご注文内容によって止むを得ず2個口になる場合は別途送料がかかります。そのような場合は担当者よりご連絡させていただきます。 【ギフト包装について】ギフト包装をご希望の方は「ギフト包装・ 低精米では硬く溶けにくい八反草ですが、蒸米工程での弊社独自の工夫や真吟精米の技術、広島県の新しい令和一号酵母との出会いなどによって、軽やかでおおらかなこなれた味わいに仕上げました。富久長らしい水のやわらかさを感じさせ、甘さに頼らず食事にあわせやすい旨味のある辛口です。ラベルにも軟水仕込・辛口と明記いたしました。 🎖️ 2026年 IWC2026 Junmai部門 シルバーメダル 13,000円（税込）以上で配送料無料（北海道・沖縄は1,100円割引） ※ご注文内容によって止むを得ず2個口になる場合は別途送料がかかります。そのような場合は担当者よりご連絡させていただきます。 【ギフト包装について】ギフト包装をご希望の方は「ギフト包装・",,,"🎖️ 2026年 IWC2026 Junmai部門 シルバーメダル 13,000円（税込）以上で配送料無料（北海道・沖縄は1,100円割引） ※ご注文内容によって止むを得ず2個口になる場合は別途送料がかかります。",,"""八反草 純米 軟水仕込 辛口"" ""今田酒造本店"" 発売 OR 新発売 OR 受賞 OR リニューアル OR 限定",[],
今田酒造本店,富久長,八反草 純米吟醸,純米吟醸,八反草（契約栽培）,50% / 60%,一般流通,公式オンラインショップで在庫あり / 二次DBでも存在確認,https://fukucho.jp/products/hattanso-junmaiginjo,200,富久長 八反草 純米吟醸 – 富久長｜FUKUCHO,富久長が復活栽培した八反草を、安芸津で受け継いだ伝統の吟醸造りで醸しました。口当たりは柔らかで、旨味たっぷりなのに見事なまでスカッと切れるあと口のよさは、八反草ならでは。ポテンシャルを最大限に引き出した富久長のフラッグシップといえる銘柄です。直汲み原酒を1本ずつ丁寧に瓶火入れ、瓶貯蔵しているので、搾りたてのフレッシュな風味を保っています。🎖️ 2026年 IWC2026 Junmai部門 シルバーメダル🎖️ 2026年 タイ BANGKOK SAKE CHALLENGE 金賞受賞🎖️ 2022年 フランス KURA MASTER 純米酒部門 金賞受賞🎖️ 2021年 スペイン CINVE 日本酒・焼酎部門 金賞受賞🎖️ 2019年 富久長が復活栽培した八反草を、安芸津で受け継いだ伝統の吟醸造りで醸しました。口当たりは柔らかで、旨味たっぷりなのに見事なまでスカッと切れるあと口のよさは、八反草ならでは。ポテンシャルを最大限に引き出した富久長のフラッグシップといえる銘柄です。直汲み原酒を1本ずつ丁寧に瓶火入れ、瓶貯蔵しているので、搾りたてのフレッシュな風味を保っています。🎖️ 2026年 IWC2026 Junmai部門 シルバーメダル🎖️ 2026年 タイ BANGKOK SAKE CHALLENGE 金賞受賞🎖️ 2022年 フランス KURA MASTER 純米酒部門 金賞受賞🎖️ 2021年 スペイン CINVE 日本酒・焼酎部門 金賞受賞🎖️ 2019年,,,,,"""八反草 純米吟醸"" ""今田酒造本店"" 発売 OR 新発売 OR 受賞 OR リニューアル OR 限定",[],
今田酒造本店,富久長,八反草 純米吟醸 ハイブリッド生酛,純米吟醸,広島県安芸高田市産八反草（契約栽培）,,一般流通,公式オンラインショップで在庫あり,https://fukucho.jp/products/hybridkimoto-junmaiginjo,200,富久長 八反草 純米吟醸 ハイブリッド生酛 – 富久長｜FUKUCHO,"2013年、富久長は高温糖化と古来伝統の生酛系酒母を組み合わせたハイブリッド酒母を編み出しました。この新しい技術に磨きをかけ、富久長が復活栽培を遂げた八反草らしさを最大限に引き出したのが、ハイブリッド生酛です。八反草の繊細な個性や吟醸酒ならではのきれいな香りはそのままに、複雑で奥深い味わいをめざしました。旨味ののった味わいは、冷たい温度から常温まで幅広い温度帯でお楽しみいただけます。 13,000円（税込）以上で配送料無料（北海道・沖縄は1,100円割引） ※ご注文内容によって止むを得ず2個口になる場合は別途送料がかかります。そのような場合は担当者よりご連絡させていただきます。 【ギフト包装について】ギフト包装をご希望の方は「ギ 2013年、富久長は高温糖化と古来伝統の生酛系酒母を組み合わせたハイブリッド酒母を編み出しました。この新しい技術に磨きをかけ、富久長が復活栽培を遂げた八反草らしさを最大限に引き出したのが、ハイブリッド生酛です。八反草の繊細な個性や吟醸酒ならではのきれいな香りはそのままに、複雑で奥深い味わいをめざしました。旨味ののった味わいは、冷たい温度から常温まで幅広い温度帯でお楽しみいただけます。 13,000円（税込）以上で配送料無料（北海道・沖縄は1,100円割引） ※ご注文内容によって止むを得ず2個口になる場合は別途送料がかかります。そのような場合は担当者よりご連絡させていただきます。 【ギフト包装について】ギフト包装をご希望の方は「ギ",,,この新しい技術に磨きをかけ、富久長が復活栽培を遂げた八反草らしさを最大限に引き出したのが、ハイブリッド生酛です。,,"""八反草 純米吟醸 ハイブリッド生酛"" ""今田酒造本店"" 発売 OR 新発売 OR 受賞 OR リニューアル OR 限定",[],
今田酒造本店,富久長,八反草 純米大吟醸,純米大吟醸,八反草（特別栽培米）,40%,一般流通,公式オンラインショップで在庫あり,https://fukucho.jp/products/daiginjo,200,富久長 八反草 純米大吟醸 【特別栽培米】 – 富久長｜FUKUCHO,"蔵のある安芸津町は瀬戸内海に面した美しい小さな町です。また広島杜氏の町でもあります。陽光にきらめく豊かな海をゆりかごに、富久長は世代をつないで町の人々に醸されてきた、広島らしいやわらかな吟醸酒の味わいを大切にしています。原料米は種もみから復活させた広島最古の酒米の在来品種、八反草を減農薬、減肥料で育てました。芳醇な旨味と香り、同時に手のひらで溶けて消える雪のような潔いきれの良さをお楽しみください。化粧箱をご用意しているので、たいせつな方への贈答にもおすすめです。 🎖️ 2026年 SAKE COMPETITION 2026 SILVER 年間生産本数：約1200本 13,000円（税込）以上で配送料無料（北海道・沖縄は1,1 蔵のある安芸津町は瀬戸内海に面した美しい小さな町です。また広島杜氏の町でもあります。陽光にきらめく豊かな海をゆりかごに、富久長は世代をつないで町の人々に醸されてきた、広島らしいやわらかな吟醸酒の味わいを大切にしています。原料米は種もみから復活させた広島最古の酒米の在来品種、八反草を減農薬、減肥料で育てました。芳醇な旨味と香り、同時に手のひらで溶けて消える雪のような潔いきれの良さをお楽しみください。化粧箱をご用意しているので、たいせつな方への贈答にもおすすめです。 🎖️ 2026年 SAKE COMPETITION 2026 SILVER 年間生産本数：約1200本 13,000円（税込）以上で配送料無料（北海道・沖縄は1,1",,,"原料米は種もみから復活させた広島最古の酒米の在来品種、八反草を減農薬、減肥料で育てました。 | 🎖️ 2026年 SAKE COMPETITION 2026 SILVER 年間生産本数：約1200本 13,000円（税込）以上で配送料無料（北海道・沖縄は1,100円割引） ※ご注文内容によって止むを得ず2個口になる場合は別途送料がかかります。",,"""八反草 純米大吟醸"" ""今田酒造本店"" 発売 OR 新発売 OR 受賞 OR リニューアル OR 限定",[],
今田酒造本店,富久長,八反草 純米大吟醸 はしり,純米大吟醸,八反草（特別栽培米）,,一般流通,公式オンラインショップで在庫あり,https://fukucho.jp/products/daiginjo_hashiri,200,富久長 八反草 純米大吟醸 はしり 【特別栽培米】 – 富久長｜FUKUCHO,"蔵のある安芸津町は瀬戸内海に面した美しい小さな町です。また広島杜氏の町でもあります。陽光にきらめく豊かな海をゆりかごに、富久長は世代をつないで町の人々に醸されてきた、広島らしいやわらかな吟醸酒の味わいを大切にしています。原料米は種もみから復活させた広島最古の酒米の在来品種、八反草を減農薬、減肥料で育てました。搾り始めの最初に採れる香り高く溌剌とした“あらばしり”と呼ばれる部分を詰めたお酒です。 化粧箱をご用意しているので、たいせつな方への贈答にもおすすめです。 年間生産本数：約300本 13,000円（税込）以上で配送料無料（北海道・沖縄は1,100円割引） ※ご注文内容によって止むを得ず2個口になる場合は別途送料がかかります。その 蔵のある安芸津町は瀬戸内海に面した美しい小さな町です。また広島杜氏の町でもあります。陽光にきらめく豊かな海をゆりかごに、富久長は世代をつないで町の人々に醸されてきた、広島らしいやわらかな吟醸酒の味わいを大切にしています。原料米は種もみから復活させた広島最古の酒米の在来品種、八反草を減農薬、減肥料で育てました。搾り始めの最初に採れる香り高く溌剌とした“あらばしり”と呼ばれる部分を詰めたお酒です。 化粧箱をご用意しているので、たいせつな方への贈答にもおすすめです。 年間生産本数：約300本 13,000円（税込）以上で配送料無料（北海道・沖縄は1,100円割引） ※ご注文内容によって止むを得ず2個口になる場合は別途送料がかかります。その",,,原料米は種もみから復活させた広島最古の酒米の在来品種、八反草を減農薬、減肥料で育てました。,,"""八反草 純米大吟醸 はしり"" ""今田酒造本店"" 発売 OR 新発売 OR 受賞 OR リニューアル OR 限定",[],
今田酒造本店,富久長,八反草 純米大吟醸 妙花風,純米大吟醸,八反草（特別栽培米）,40%,一般流通,公式オンラインショップで在庫あり,https://fukucho.jp/products/daiginjo_myokafu,200,富久長 八反草 純米大吟醸 妙花風 【特別栽培米】 – 富久長｜FUKUCHO,"蔵のある安芸津町は瀬戸内海に面した美しい小さな町です。また広島杜氏の町でもあります。陽光にきらめく豊かな海をゆりかごに、富久長は世代をつないで町の人々に醸されてきた、広島らしいやわらかな吟醸酒の味わいを大切にしています。原料米は種もみから復活させた広島最古の酒米の在来品種、八反草を減農薬、減肥料で育てました。袋吊りと呼ばれる手法で、自然に滴り落ちるはじめの雫だけを集めた希少なお酒です。 妙花風の銘は、世阿弥の説いた芸の最高位の境地『妙花風』からいただきました。化粧箱をご用意しているので、たいせつな方への贈答にもおすすめです。 年間生産本数：約90本 13,000円（税込）以上で配送料無料（北海道・沖縄は1,100円割引） ※ご注文内 蔵のある安芸津町は瀬戸内海に面した美しい小さな町です。また広島杜氏の町でもあります。陽光にきらめく豊かな海をゆりかごに、富久長は世代をつないで町の人々に醸されてきた、広島らしいやわらかな吟醸酒の味わいを大切にしています。原料米は種もみから復活させた広島最古の酒米の在来品種、八反草を減農薬、減肥料で育てました。袋吊りと呼ばれる手法で、自然に滴り落ちるはじめの雫だけを集めた希少なお酒です。 妙花風の銘は、世阿弥の説いた芸の最高位の境地『妙花風』からいただきました。化粧箱をご用意しているので、たいせつな方への贈答にもおすすめです。 年間生産本数：約90本 13,000円（税込）以上で配送料無料（北海道・沖縄は1,100円割引） ※ご注文内",,,原料米は種もみから復活させた広島最古の酒米の在来品種、八反草を減農薬、減肥料で育てました。,,"""八反草 純米大吟醸 妙花風"" ""今田酒造本店"" 発売 OR 新発売 OR 受賞 OR リニューアル OR 限定",[],
今田酒造本店,富久長,山田錦 純米吟醸,純米吟醸,広島県東広島市産山田錦 / 兵庫県特A地区山田錦,,一般流通,公式オンラインショップで在庫あり / 二次DBでも存在確認,https://fukucho.jp/products/yamadanishiki-junmaiginjo,200,富久長 山田錦 純米吟醸 – 富久長｜FUKUCHO,"味と香りのバランスがとれた山田錦ならではの味わいを引き出し、富久長の顔として長く親しまれている人気の一本です。「精米歩合は純米吟醸でも、造りは純米大吟醸と同じくらい極めよう」と、今田美穂が杜氏になって初めて挑戦した思い入れのある銘柄です。 13,000円（税込）以上で配送料無料（北海道・沖縄は1,100円割引） ※ご注文内容によって止むを得ず2個口になる場合は別途送料がかかります。そのような場合は担当者よりご連絡させていただきます。 【ギフト包装について】ギフト包装をご希望の方は「ギフト包装・紙袋」を併せてご注文ください。 味と香りのバランスがとれた山田錦ならではの味わいを引き出し、富久長の顔として長く親しまれている人気の一本です。「精米歩合は純米吟醸でも、造りは純米大吟醸と同じくらい極めよう」と、今田美穂が杜氏になって初めて挑戦した思い入れのある銘柄です。 13,000円（税込）以上で配送料無料（北海道・沖縄は1,100円割引） ※ご注文内容によって止むを得ず2個口になる場合は別途送料がかかります。そのような場合は担当者よりご連絡させていただきます。 【ギフト包装について】ギフト包装をご希望の方は「ギフト包装・紙袋」を併せてご注文ください。",,,「精米歩合は純米吟醸でも、造りは純米大吟醸と同じくらい極めよう」と、今田美穂が杜氏になって初めて挑戦した思い入れのある銘柄です。,,"""山田錦 純米吟醸"" ""今田酒造本店"" 発売 OR 新発売 OR 受賞 OR リニューアル OR 限定",[],
今田酒造本店,富久長,海風土 Seafood 純米,純米,国産米,60% / 70%,一般流通,公式オンラインショップで在庫あり,https://fukucho.jp/products/seafood,200,富久長 海風土 Seafood 純米 – 富久長｜FUKUCHO,レモンのような爽やかな飲み心地の富久長。キリッとした酸味と日本酒らしい柔らかな後口が、牡蠣や魚介のおいしさを引き立てます。酸度が高く、原酒でアルコール度数13度に仕上げた軽快な口当たりは、和食だけでなく、イタリアンやフレンチとの相性も抜群。よく冷やして白ワイン感覚でお楽しみください。1本ずつ丁寧に瓶貯蔵しているので、搾りたてのフレッシュな風味を保っています。風味保護のため必ず冷蔵庫で保管してください。🎖️ 2026年 IWC2026 Junmai部門 大会推奨メダル🎖️ 2026年 フランス KURA MASTER 純米酒部門 プラチナ賞受賞🎖️ 2026年 タイ BANGKOK SAKE CHALLENGE 金賞受賞🎖️ 2022 レモンのような爽やかな飲み心地の富久長。キリッとした酸味と日本酒らしい柔らかな後口が、牡蠣や魚介のおいしさを引き立てます。酸度が高く、原酒でアルコール度数13度に仕上げた軽快な口当たりは、和食だけでなく、イタリアンやフレンチとの相性も抜群。よく冷やして白ワイン感覚でお楽しみください。1本ずつ丁寧に瓶貯蔵しているので、搾りたてのフレッシュな風味を保っています。風味保護のため必ず冷蔵庫で保管してください。🎖️ 2026年 IWC2026 Junmai部門 大会推奨メダル🎖️ 2026年 フランス KURA MASTER 純米酒部門 プラチナ賞受賞🎖️ 2026年 タイ BANGKOK SAKE CHALLENGE 金賞受賞🎖️ 2022,,,,,"""海風土 Seafood 純米"" ""今田酒造本店"" 発売 OR 新発売 OR 受賞 OR リニューアル OR 限定",[],
今田酒造本店,富久長,秋櫻〈コスモス〉 純米 ひやおろし,純米,広島県東広島市産山田錦 / 兵庫県特A地区山田錦 / 広島県産米,,季節商品,公式オンラインショップで在庫あり / 二次DBでも存在確認,https://fukucho.jp/products/cosmos,200,富久長 秋櫻〈コスモス〉 純米 ひやおろし – 富久長｜FUKUCHO,"コスモスの和名は秋櫻。夏越しのひやおろしに秋の花を名付けました。直汲み原酒を1本ずつ丁寧に瓶火入れ、瓶貯蔵して、ひと夏ゆっくりと寝かせています。軟水醸造ならではの柔らかい旨味を大切にしながら、辛口にすっきりと仕上げて、富久長らしいひやおろしを表現しています。秋の夜長にゆっくりと、旬の食材と一緒に味わってください。 13,000円（税込）以上で配送料無料（北海道・沖縄は1,100円割引） ※ご注文内容によって止むを得ず2個口になる場合は別途送料がかかります。そのような場合は担当者よりご連絡させていただきます。 【ギフト包装について】ギフト包装をご希望の方は「ギフト包装・紙袋」を併せてご注文ください。 コスモスの和名は秋櫻。夏越しのひやおろしに秋の花を名付けました。直汲み原酒を1本ずつ丁寧に瓶火入れ、瓶貯蔵して、ひと夏ゆっくりと寝かせています。軟水醸造ならではの柔らかい旨味を大切にしながら、辛口にすっきりと仕上げて、富久長らしいひやおろしを表現しています。秋の夜長にゆっくりと、旬の食材と一緒に味わってください。 13,000円（税込）以上で配送料無料（北海道・沖縄は1,100円割引） ※ご注文内容によって止むを得ず2個口になる場合は別途送料がかかります。そのような場合は担当者よりご連絡させていただきます。 【ギフト包装について】ギフト包装をご希望の方は「ギフト包装・紙袋」を併せてご注文ください。",,,軟水醸造ならではの柔らかい旨味を大切にしながら、辛口にすっきりと仕上げて、富久長らしいひやおろしを表現しています。,,"""秋櫻〈コスモス〉 純米 ひやおろし"" ""今田酒造本店"" 発売 OR 新発売 OR 受賞 OR リニューアル OR 限定",[],
今田酒造本店,富久長,秋櫻〈コスモス〉 純米吟醸 ひやおろし,純米吟醸,広島県東広島市産山田錦 / 兵庫県特A地区山田錦 / 広島県産米,,季節商品,公式オンラインショップで在庫あり / 二次DBでも存在確認,https://fukucho.jp/products/cosmos-junmaiginjo,200,富久長 秋櫻〈コスモス〉 純米吟醸 ひやおろし – 富久長｜FUKUCHO,"コスモスの和名は秋櫻。夏越しのひやおろしに秋の花を名付けました。富久長のひやおろしは、直汲み原酒を1本ずつ丁寧に瓶火入れ、瓶貯蔵して、ひと夏ゆっくりと寝かせています。富久長らしい柔らかく華やかな風味はそのままで、味にまとまりが出てまろやかに熟成。30年以上にわたって愛される、富久長のロングセラーの１本です。 13,000円（税込）以上で配送料無料（北海道・沖縄は1,100円割引） ※ご注文内容によって止むを得ず2個口になる場合は別途送料がかかります。そのような場合は担当者よりご連絡させていただきます。 【ギフト包装について】ギフト包装をご希望の方は「ギフト包装・紙袋」を併せてご注文ください。 コスモスの和名は秋櫻。夏越しのひやおろしに秋の花を名付けました。富久長のひやおろしは、直汲み原酒を1本ずつ丁寧に瓶火入れ、瓶貯蔵して、ひと夏ゆっくりと寝かせています。富久長らしい柔らかく華やかな風味はそのままで、味にまとまりが出てまろやかに熟成。30年以上にわたって愛される、富久長のロングセラーの１本です。 13,000円（税込）以上で配送料無料（北海道・沖縄は1,100円割引） ※ご注文内容によって止むを得ず2個口になる場合は別途送料がかかります。そのような場合は担当者よりご連絡させていただきます。 【ギフト包装について】ギフト包装をご希望の方は「ギフト包装・紙袋」を併せてご注文ください。",,,,,"""秋櫻〈コスモス〉 純米吟醸 ひやおろし"" ""今田酒造本店"" 発売 OR 新発売 OR 受賞 OR リニューアル OR 限定",[],
今田酒造本店,富久長,純米にごり スパークリング 白美 HAKUBI,純米,広島県東広島市産山田錦 / 兵庫県特A地区山田錦 / 広島県産米,,一般流通,公式オンラインショップで在庫あり,https://fukucho.jp/products/hakubi,200,富久長 純米にごり スパークリング 白美 HAKUBI – 富久長｜FUKUCHO,"1980年代に先代が開発して以来30数年、改良を続けている富久長のロングセラーです。瓶の中で発酵を続けた泡の心地いいシュワシュワ感に、淡いうすにごりの飲み飽きないやや辛口な味わい。どんな季節やシーンにも映えて、気軽に楽しめます。酵母が生きている状態を保持しつつ、日本酒ならではの味わいと炭酸ガスのバランスが最適のときを狙って瓶火入れしています。耐圧瓶・耐圧キャップを使用しているため常温で持ち運びが可能なスパークリングです。 13,000円（税込）以上で配送料無料（北海道・沖縄は1,100円割引） ※ご注文内容によって止むを得ず2個口になる場合は別途送料がかかります。そのような場合は担当者よりご連絡させていただきます。 【ギフト包装 1980年代に先代が開発して以来30数年、改良を続けている富久長のロングセラーです。瓶の中で発酵を続けた泡の心地いいシュワシュワ感に、淡いうすにごりの飲み飽きないやや辛口な味わい。どんな季節やシーンにも映えて、気軽に楽しめます。酵母が生きている状態を保持しつつ、日本酒ならではの味わいと炭酸ガスのバランスが最適のときを狙って瓶火入れしています。耐圧瓶・耐圧キャップを使用しているため常温で持ち運びが可能なスパークリングです。 13,000円（税込）以上で配送料無料（北海道・沖縄は1,100円割引） ※ご注文内容によって止むを得ず2個口になる場合は別途送料がかかります。そのような場合は担当者よりご連絡させていただきます。 【ギフト包装",,,1980年代に先代が開発して以来30数年、改良を続けている富久長のロングセラーです。 | 酵母が生きている状態を保持しつつ、日本酒ならではの味わいと炭酸ガスのバランスが最適のときを狙って瓶火入れしています。,,"""純米にごり スパークリング 白美 HAKUBI"" ""今田酒造本店"" 発売 OR 新発売 OR 受賞 OR リニューアル OR 限定",[],
今田酒造本店,富久長,純米吟醸 美穂 Biho,純米吟醸,東広島市産山田錦 / 兵庫県特A地区山田錦 / 広島県産米,50% / 60%,一般流通,公式オンラインショップで在庫あり,https://fukucho.jp/products/biho,200,富久長 純米吟醸 美穂 Biho – 富久長｜FUKUCHO,"「さわやかで軽やかな、やや辛口」がコンセプト。杜氏と同じ名前がつけられていますが、商品名は「びほ」と読みます。どんな食材も受け止める、ほんのり華やかな香りと柔らかくなめらかな味わいを表現。発売以来30年にわたってロングセラーの純米吟醸です。直汲み原酒を1本ずつ丁寧に瓶火入れ、瓶貯蔵しているので、搾りたてのフレッシュな風味を保っています。 13,000円（税込）以上で配送料無料（北海道・沖縄は1,100円割引） ※ご注文内容によって止むを得ず2個口になる場合は別途送料がかかります。そのような場合は担当者よりご連絡させていただきます。 【ギフト包装について】ギフト包装をご希望の方は「ギフト包装・紙袋」を併せてご注文ください。 「さわやかで軽やかな、やや辛口」がコンセプト。杜氏と同じ名前がつけられていますが、商品名は「びほ」と読みます。どんな食材も受け止める、ほんのり華やかな香りと柔らかくなめらかな味わいを表現。発売以来30年にわたってロングセラーの純米吟醸です。直汲み原酒を1本ずつ丁寧に瓶火入れ、瓶貯蔵しているので、搾りたてのフレッシュな風味を保っています。 13,000円（税込）以上で配送料無料（北海道・沖縄は1,100円割引） ※ご注文内容によって止むを得ず2個口になる場合は別途送料がかかります。そのような場合は担当者よりご連絡させていただきます。 【ギフト包装について】ギフト包装をご希望の方は「ギフト包装・紙袋」を併せてご注文ください。",,,杜氏と同じ名前がつけられていますが、商品名は「びほ」と読みます。 | 発売以来30年にわたってロングセラーの純米吟醸です。,,"""純米吟醸 美穂 Biho"" ""今田酒造本店"" 発売 OR 新発売 OR 受賞 OR リニューアル OR 限定",[],
今田酒造本店,富久長,辛口純米,純米,東広島市産山田錦 / 兵庫県特A地区山田錦 / 広島県産米,60% / 65%,一般流通,公式オンラインショップで在庫あり / 二次DBでも存在確認,https://fukucho.jp/products/karakuchi,200,富久長 辛口純米 – 富久長｜FUKUCHO,"柔らかく、繊細な旨味ときれいな香り、富久長ならではの辛口に仕上げています。思わずもう一杯！ とグラスがすすむ、家飲みにも最適な一本。お刺身や煮魚など和食との相性に定評があります。2021BYから、より一層すっきりとキレのある味わいを目指し、原料米の一部に原形精米（真吟）のお米を使用しました。グレードアップした辛口純米を是非ご賞味ください。 🎖️ 2026年 SAKE COMPETITION 2026 BRONZE 13,000円（税込）以上で配送料無料（北海道・沖縄は1,100円割引） ※ご注文内容によって止むを得ず2個口になる場合は別途送料がかかります。そのような場合は担当者よりご連絡させていただきます。 【ギフト包装について 柔らかく、繊細な旨味ときれいな香り、富久長ならではの辛口に仕上げています。思わずもう一杯！ とグラスがすすむ、家飲みにも最適な一本。お刺身や煮魚など和食との相性に定評があります。2021BYから、より一層すっきりとキレのある味わいを目指し、原料米の一部に原形精米（真吟）のお米を使用しました。グレードアップした辛口純米を是非ご賞味ください。 🎖️ 2026年 SAKE COMPETITION 2026 BRONZE 13,000円（税込）以上で配送料無料（北海道・沖縄は1,100円割引） ※ご注文内容によって止むを得ず2個口になる場合は別途送料がかかります。そのような場合は担当者よりご連絡させていただきます。 【ギフト包装について",,,"🎖️ 2026年 SAKE COMPETITION 2026 BRONZE 13,000円（税込）以上で配送料無料（北海道・沖縄は1,100円割引） ※ご注文内容によって止むを得ず2個口になる場合は別途送料がかかります。",,"""辛口純米"" ""今田酒造本店"" 発売 OR 新発売 OR 受賞 OR リニューアル OR 限定",[],
山陽鶴酒造,山陽鶴,にごり酒,その他,,,一般流通,公式五酒セットで代表的なお酒として現行掲載,https://sanyotsuru.jp/archives/product/gosyu,200,五酒セット - 山陽鶴酒造株式会社,山陽鶴酒造が長年大切にしてきた酒造りの歩みと味わいを、少しずつ楽しんでいただける「五酒セット」です。当蔵の代表的なお酒である 大吟醸・純米吟醸・本醸造・上撰・にごり酒 の五種類を、それぞれ一合瓶に詰め合わせました。 山陽鶴酒造が長年大切にしてきた酒造りの歩みと味わいを、少しずつ楽しんでいただける「五酒セット」です。当蔵の代表 山陽鶴酒造が長年大切にしてきた酒造りの歩みと味わいを、少しずつ楽しんでいただける「五酒セット」です。当蔵の代表,2023-05-08T03:41:18+00:00,2026-01-06T08:06:27+00:00,当蔵の代表的なお酒である 大吟醸・純米吟醸・本醸造・上撰・にごり酒 の五種類を、それぞれ一合瓶に詰め合わせました。 | 香り高く繊細な味わいの大吟醸、米の旨味をやさしく感じていただける純米吟醸、食事に寄り添う本醸造と上撰、そして穏やかな甘みが広がるにごり酒。 | 同じ蔵、同じ水から生まれながらも、造りや仕込みによって表情の異なる日本酒の魅力を、呑みくらべを通してご堪能いただけます。,,"""にごり酒"" ""山陽鶴酒造"" 発売 OR 新発売 OR 受賞 OR リニューアル OR 限定",[],
山陽鶴酒造,山陽鶴,上撰,普通酒・上撰,,,一般流通,公式五酒セットに現行代表酒として掲載,https://sanyotsuru.jp/archives/product/gosyu,200,五酒セット - 山陽鶴酒造株式会社,山陽鶴酒造が長年大切にしてきた酒造りの歩みと味わいを、少しずつ楽しんでいただける「五酒セット」です。当蔵の代表的なお酒である 大吟醸・純米吟醸・本醸造・上撰・にごり酒 の五種類を、それぞれ一合瓶に詰め合わせました。 山陽鶴酒造が長年大切にしてきた酒造りの歩みと味わいを、少しずつ楽しんでいただける「五酒セット」です。当蔵の代表 山陽鶴酒造が長年大切にしてきた酒造りの歩みと味わいを、少しずつ楽しんでいただける「五酒セット」です。当蔵の代表,2023-05-08T03:41:18+00:00,2026-01-06T08:06:27+00:00,当蔵の代表的なお酒である 大吟醸・純米吟醸・本醸造・上撰・にごり酒 の五種類を、それぞれ一合瓶に詰め合わせました。 | 香り高く繊細な味わいの大吟醸、米の旨味をやさしく感じていただける純米吟醸、食事に寄り添う本醸造と上撰、そして穏やかな甘みが広がるにごり酒。 | 同じ蔵、同じ水から生まれながらも、造りや仕込みによって表情の異なる日本酒の魅力を、呑みくらべを通してご堪能いただけます。,,"""上撰"" ""山陽鶴酒造"" 発売 OR 新発売 OR 受賞 OR リニューアル OR 限定",[],
山陽鶴酒造,山陽鶴,大吟醸,大吟醸,,,一般流通,公式五酒セットに現行代表酒として掲載,https://sanyotsuru.jp/archives/product/gosyu,200,五酒セット - 山陽鶴酒造株式会社,山陽鶴酒造が長年大切にしてきた酒造りの歩みと味わいを、少しずつ楽しんでいただける「五酒セット」です。当蔵の代表的なお酒である 大吟醸・純米吟醸・本醸造・上撰・にごり酒 の五種類を、それぞれ一合瓶に詰め合わせました。 山陽鶴酒造が長年大切にしてきた酒造りの歩みと味わいを、少しずつ楽しんでいただける「五酒セット」です。当蔵の代表 山陽鶴酒造が長年大切にしてきた酒造りの歩みと味わいを、少しずつ楽しんでいただける「五酒セット」です。当蔵の代表,2023-05-08T03:41:18+00:00,2026-01-06T08:06:27+00:00,当蔵の代表的なお酒である 大吟醸・純米吟醸・本醸造・上撰・にごり酒 の五種類を、それぞれ一合瓶に詰め合わせました。 | 香り高く繊細な味わいの大吟醸、米の旨味をやさしく感じていただける純米吟醸、食事に寄り添う本醸造と上撰、そして穏やかな甘みが広がるにごり酒。 | 同じ蔵、同じ水から生まれながらも、造りや仕込みによって表情の異なる日本酒の魅力を、呑みくらべを通してご堪能いただけます。,,"""大吟醸"" ""山陽鶴酒造"" 発売 OR 新発売 OR 受賞 OR リニューアル OR 限定",[],
山陽鶴酒造,山陽鶴,大吟醸 ほんと,大吟醸,山田錦,35%,一般流通,現行地域製品DBに販売場所掲載。個別販売SKUを確認。,https://www.buyhiro.com/database/products/products_0549/,200,大吟醸 ほんと – ひろしま製品検索サイト,,,,三原市 前の記事 自然薯入り手延そうめん 2024.11.25 東広島市 次の記事 生貯本醸造 倉凛 2024.11.25 ひろしま製品検索サイトトップに戻る ＢＵＹひろしまホーム きっと満足！,,"""大吟醸 ほんと"" ""山陽鶴酒造"" 発売 OR 新発売 OR 受賞 OR リニューアル OR 限定",[],
山陽鶴酒造,山陽鶴,本醸造,本醸造,,,一般流通,公式五酒セットに現行代表酒として掲載,https://sanyotsuru.jp/archives/product/gosyu,200,五酒セット - 山陽鶴酒造株式会社,山陽鶴酒造が長年大切にしてきた酒造りの歩みと味わいを、少しずつ楽しんでいただける「五酒セット」です。当蔵の代表的なお酒である 大吟醸・純米吟醸・本醸造・上撰・にごり酒 の五種類を、それぞれ一合瓶に詰め合わせました。 山陽鶴酒造が長年大切にしてきた酒造りの歩みと味わいを、少しずつ楽しんでいただける「五酒セット」です。当蔵の代表 山陽鶴酒造が長年大切にしてきた酒造りの歩みと味わいを、少しずつ楽しんでいただける「五酒セット」です。当蔵の代表,2023-05-08T03:41:18+00:00,2026-01-06T08:06:27+00:00,当蔵の代表的なお酒である 大吟醸・純米吟醸・本醸造・上撰・にごり酒 の五種類を、それぞれ一合瓶に詰め合わせました。 | 香り高く繊細な味わいの大吟醸、米の旨味をやさしく感じていただける純米吟醸、食事に寄り添う本醸造と上撰、そして穏やかな甘みが広がるにごり酒。 | 同じ蔵、同じ水から生まれながらも、造りや仕込みによって表情の異なる日本酒の魅力を、呑みくらべを通してご堪能いただけます。,,"""本醸造"" ""山陽鶴酒造"" 発売 OR 新発売 OR 受賞 OR リニューアル OR 限定",[],
山陽鶴酒造,山陽鶴,純米吟醸,純米吟醸,,,一般流通,公式五酒セットに現行代表酒として掲載,https://sanyotsuru.jp/archives/product/gosyu,200,五酒セット - 山陽鶴酒造株式会社,山陽鶴酒造が長年大切にしてきた酒造りの歩みと味わいを、少しずつ楽しんでいただける「五酒セット」です。当蔵の代表的なお酒である 大吟醸・純米吟醸・本醸造・上撰・にごり酒 の五種類を、それぞれ一合瓶に詰め合わせました。 山陽鶴酒造が長年大切にしてきた酒造りの歩みと味わいを、少しずつ楽しんでいただける「五酒セット」です。当蔵の代表 山陽鶴酒造が長年大切にしてきた酒造りの歩みと味わいを、少しずつ楽しんでいただける「五酒セット」です。当蔵の代表,2023-05-08T03:41:18+00:00,2026-01-06T08:06:27+00:00,当蔵の代表的なお酒である 大吟醸・純米吟醸・本醸造・上撰・にごり酒 の五種類を、それぞれ一合瓶に詰め合わせました。 | 香り高く繊細な味わいの大吟醸、米の旨味をやさしく感じていただける純米吟醸、食事に寄り添う本醸造と上撰、そして穏やかな甘みが広がるにごり酒。 | 同じ蔵、同じ水から生まれながらも、造りや仕込みによって表情の異なる日本酒の魅力を、呑みくらべを通してご堪能いただけます。,,"""純米吟醸"" ""山陽鶴酒造"" 発売 OR 新発売 OR 受賞 OR リニューアル OR 限定",[],
山陽鶴酒造,山陽鶴,純米大吟醸 KUBO,純米大吟醸,山田錦100%,35%,一般流通,2026年6月 東広島10蔵定期便採用／通年返礼品で提供,https://www.furusato.aeon.co.jp/gift-in-return/aaa72316281ae6d75280fb28cb3cae46/,200,純米大吟醸 KUBO｜東広島市｜広島県｜返礼品をさがす｜ふるさと納税サイト「まいふる」 by AEON CARD,■「山田錦」を丹念に削った贅沢な純米大吟醸■酒造好適米「山田錦」を丹念に削り、芯の部分だけを使って醸した贅沢なお酒純米大吟醸「KUBO」（7… ■「山田錦」を丹念に削った贅沢な純米大吟醸■酒造好適米「山田錦」を丹念に削り、芯の部分だけを使って醸した贅沢なお酒純米大吟醸「KUBO」（7…,,,"中でも、井原市美星町では、長きにわたり星空保護活動に取り組んでおり、2021年11月に星空版の世界遺産と称される国際ダークスカイ協会の「星空保護区（コミュニティ部門）」に、アジアで初めて認定されました。 | こうした恵まれた自然環境から、シャインマスカットをはじめ４０品種を超える「ぶどう」を栽培しており、西日本有数の産地として知られているほか、世界の高級ブランドにも採用されている「井原デニム」など、多くの特産品があります。 | メリットいっぱい 早めのふるさと納税 かんたん返礼品診断 WAON POINTたまる・つかえる ふるさと納税ご利用者の声 よくあるご質問 手続きガイド ワンストップ特例制度 確定申告 マイナポータル連携 控除できる金額（控除額シミュレーション） コラム ふるさと納税関連 イオン関連 お知らせ 自治体の方へ お問い合わせ 重要なお知らせ 2026年9月1日 『イオンカードのふるさと納税 まいふる』新規会員登録キャンペーン開催！ | 2026年7月9日 【重要】2026年10月のふるさと納税制度改正に伴う影響について HOME 返礼品をさがす 純米大吟醸 KUBO ひろしまけん ひがしひろしまし 広島県 東広島市 純米大吟醸 KUBO 寄附金額 15,000 円 決済方法 クレジットカード、AEON Pay、WAON POINT たまったWAON POINTで寄附できる！",,"""純米大吟醸 KUBO"" ""山陽鶴酒造"" 発売 OR 新発売 OR 受賞 OR リニューアル OR 限定",[],
柄酒造,9代目於多福,9代目於多福 protos. 火入れ,その他,八反錦,７１%,一般流通,公式オンラインショップで販売確認,https://www.tsukasyuzou.jp/products/9代目於多福-protos-720ml-火入れ,200,9代目於多福 protos. 720ml 火入れ – 柄酒造株式会社,昨年試験醸造としてこっそり発売しましたが、本年度より正式に量産化しました。 Protos（プロトス）とはギリシャ語で「素数」という意味で、素数のように唯一無二のお酒になってほしいなという想いが込められています。数学好きの９代目杜氏がスペックを諸々「素数」にこだわって醸しました。 昨年試験醸造としてこっそり発売しましたが、本年度より正式に量産化しました。 Protos（プロトス）とはギリシャ語で「素数」という意味で、素数のように唯一無二のお酒になってほしいなという想いが込められています。数学好きの９代目杜氏がスペックを諸々「素数」にこだわって醸しました。,,,数学好きの９代目杜氏がスペックを諸々「素数」にこだわって醸しました。,,"""9代目於多福 protos. 火入れ"" ""柄酒造"" 発売 OR 新発売 OR 受賞 OR リニューアル OR 限定",[],
柄酒造,9代目於多福,9代目於多福 特別純米 火入れ,特別純米,八反錦,,一般流通,公式オンラインショップで販売確認,https://www.tsukasyuzou.jp/products/火入れ-9代目於多福-特別純米,200,【火入れ】9代目於多福 特別純米 – 柄酒造株式会社,昨年の「ごあいさつ」シリーズ改め「9代目 於多福」として、ラベルを大幅にリニューアルしました。装い新たにスタートします。「9代目於多福 特別純米 火入れ」。辛口の純米酒です。日本酒をより手軽に、ポップに愉しんでもらいたいという思いからこのような装いで新たにスタートします。 昨年の「ごあいさつ」シリーズ改め「9代目 於多福」として、ラベルを大幅にリニューアルしました。装い新たにスタートします。「9代目於多福 特別純米 火入れ」。辛口の純米酒です。日本酒をより手軽に、ポップに愉しんでもらいたいという思いからこのような装いで新たにスタートします。,,,,,"""9代目於多福 特別純米 火入れ"" ""柄酒造"" 発売 OR 新発売 OR 受賞 OR リニューアル OR 限定",[],
柄酒造,9代目於多福,9代目於多福 純米 つきあかり,純米,山田錦,60%,季節商品,公式オンラインショップで販売確認,https://www.tsukasyuzou.jp/products/9代目於多福-つきあかり-720ml,200,9代目於多福 純米つきあかり – 柄酒造株式会社,「9代目於多福 純米つきあかり」。みずみずしくまろやかな秋のお酒です。 「9代目於多福 純米つきあかり」。みずみずしくまろやかな秋のお酒です。,,,,,"""9代目於多福 純米 つきあかり"" ""柄酒造"" 発売 OR 新発売 OR 受賞 OR リニューアル OR 限定",[],
柄酒造,9代目於多福,9代目於多福 純米 火入れ,純米,八反錦,60%,一般流通,公式オンラインショップで販売確認,https://www.tsukasyuzou.jp/products/火入れ-9代目於多福-純米,200,【火入れ】9代目於多福 純米 720ml・1800ml – 柄酒造株式会社,昨年の「ごあいさつ」シリーズ改め「9代目 於多福」として、ラベルを大幅にリニューアルしました。装い新たにスタートします。「9代目於多福 純米 火入れ」。米の旨味を感じられる辛口の純米酒です。日本酒をより手軽に、ポップに愉しんでもらいたいという思いからこのような装いで新たにスタートします。 昨年の「ごあいさつ」シリーズ改め「9代目 於多福」として、ラベルを大幅にリニューアルしました。装い新たにスタートします。「9代目於多福 純米 火入れ」。米の旨味を感じられる辛口の純米酒です。日本酒をより手軽に、ポップに愉しんでもらいたいという思いからこのような装いで新たにスタートします。,,,,,"""9代目於多福 純米 火入れ"" ""柄酒造"" 発売 OR 新発売 OR 受賞 OR リニューアル OR 限定",[],
柄酒造,9代目於多福,9代目於多福 純米吟醸 すずかぜ,純米吟醸,雄町,50%,季節商品,公式オンラインショップで販売確認,https://www.tsukasyuzou.jp/products/9代目於多福-すずかぜ-720ml,200,9代目於多福 すずかぜ – 柄酒造株式会社,昨年の「ごあいさつ」シリーズ改め「9代目 於多福」として、ラベルを大幅にリニューアルしました。装い新たにスタートします。「9代目於多福 すずかぜ」。みずみずしく爽やかな夏のお酒です。 昨年の「ごあいさつ」シリーズ改め「9代目 於多福」として、ラベルを大幅にリニューアルしました。装い新たにスタートします。「9代目於多福 すずかぜ」。みずみずしく爽やかな夏のお酒です。,,,,,"""9代目於多福 純米吟醸 すずかぜ"" ""柄酒造"" 発売 OR 新発売 OR 受賞 OR リニューアル OR 限定",[],
柄酒造,9代目於多福,9代目於多福 純米吟醸 火入れ,純米吟醸,八反錦,50%,一般流通,公式オンラインショップで販売確認,https://www.tsukasyuzou.jp/products/火入れ-9代目於多福-純米吟醸,200,【火入れ】9代目於多福 純米吟醸 – 柄酒造株式会社,昨年の「ごあいさつ」シリーズ改め「9代目 於多福」として、ラベルを大幅にリニューアルしました。装い新たにスタートします。「9代目於多福 純米吟醸 火入れ」。丁寧に醸造された辛口の純米吟醸です。日本酒をより手軽に、ポップに愉しんでもらいたいという思いからこのような装いで新たにスタートします。 昨年の「ごあいさつ」シリーズ改め「9代目 於多福」として、ラベルを大幅にリニューアルしました。装い新たにスタートします。「9代目於多福 純米吟醸 火入れ」。丁寧に醸造された辛口の純米吟醸です。日本酒をより手軽に、ポップに愉しんでもらいたいという思いからこのような装いで新たにスタートします。,,,,,"""9代目於多福 純米吟醸 火入れ"" ""柄酒造"" 発売 OR 新発売 OR 受賞 OR リニューアル OR 限定",[],
柄酒造,9代目於多福,9代目於多福 純米大吟醸 火入れ,純米大吟醸,千本錦,40%,一般流通,公式オンラインショップで販売確認,https://www.tsukasyuzou.jp/products/火入れ-9代目於多福-純米大吟醸-720ml-1800ml,200,【火入れ】9代目於多福 純米大吟醸 – 柄酒造株式会社,昨年の「ごあいさつ」シリーズ改め「9代目 於多福」として、ラベルを大幅にリニューアルしました。装い新たにスタートします。「9代目於多福 純米大吟醸」。香り豊かですっきり辛口の純米大吟醸です。日本酒をより手軽に、ポップに愉しんでもらいたいという思いからこのような装いで新たにスタートします。 昨年の「ごあいさつ」シリーズ改め「9代目 於多福」として、ラベルを大幅にリニューアルしました。装い新たにスタートします。「9代目於多福 純米大吟醸」。香り豊かですっきり辛口の純米大吟醸です。日本酒をより手軽に、ポップに愉しんでもらいたいという思いからこのような装いで新たにスタートします。,,,,,"""9代目於多福 純米大吟醸 火入れ"" ""柄酒造"" 発売 OR 新発売 OR 受賞 OR リニューアル OR 限定",[],
柄酒造,於多福,於多福 一番取り,その他,千本錦,40％,一般流通,公式オンラインショップで販売確認,https://www.tsukasyuzou.jp/products/関西一-一番取り-720ml,200,於多福 一番取り 720ml（桐箱入り） – 柄酒造株式会社,丁寧に発酵させた日本酒のもとである「もろみ」を袋に入れて吊るし、自然に滴る雫だけを集めた贅沢な高級酒。辛口でキレがあり、香りが広がる大吟醸です。桐箱に入れての送付となります。 丁寧に発酵させた日本酒のもとである「もろみ」を袋に入れて吊るし、自然に滴る雫だけを集めた贅沢な高級酒。辛口でキレがあり、香りが広がる大吟醸です。桐箱に入れての送付となります。,,,,,"""於多福 一番取り"" ""柄酒造"" 発売 OR 新発売 OR 受賞 OR リニューアル OR 限定",[],
柄酒造,於多福,於多福 大吟醸,大吟醸,千本錦,40%,一般流通,公式オンラインショップで販売確認 / 二次DBでも存在確認,https://www.tsukasyuzou.jp/products/於多福-大吟醸-1800ml,200,於多福 大吟醸 1800ml – 柄酒造株式会社,広がるような華やかな香りとすっきりした飲み口が特徴の辛口の日本酒。特別な時や普段づかいなど、様々なシーンでご利用いただけます。 関西一 大吟醸 1800ml」という名称で親しまれてきましたが、2023年5月よりブランド名を「於多福」に統一することとなりました。また、同じく2023年5月よりラベルが刷新されています。 広がるような華やかな香りとすっきりした飲み口が特徴の辛口の日本酒。特別な時や普段づかいなど、様々なシーンでご利用いただけます。 関西一 大吟醸 1800ml」という名称で親しまれてきましたが、2023年5月よりブランド名を「於多福」に統一することとなりました。また、同じく2023年5月よりラベルが刷新されています。,,,内容量：1800ml（一升瓶） 720mlは こちら 使用米：千本錦 精米歩合：40% アルコール度数：16.5度 飲み方：◎冷酒 〇常温 「関西一 大吟醸 1800ml」という名称で親しまれてきましたが、2023年5月よりブランド名を「於多福」に統一することとなりました。 | また、同じく2023年5月よりラベルが刷新されています。,,"""於多福 大吟醸"" ""柄酒造"" 発売 OR 新発売 OR 受賞 OR リニューアル OR 限定",[],
柄酒造,於多福,於多福 本醸造,本醸造,八反錦,65％,一般流通,公式オンラインショップで販売確認,https://www.tsukasyuzou.jp/products/関西一-本醸造-720ml,200,於多福 本醸造 720ml – 柄酒造株式会社,飲んだ後のキレがよく、食事を引き立たせてくれる食中酒。米の旨味を感じる日本酒です。どんな温度帯でもおいしく召し上がれる普段使いに最適な一品です。 「関西一 本醸造」という名称で親しまれてきましたが、2023年5月よりブランド名を「於多福」に統一することとなりました。また、同じく2023年5月よりラベルが刷新されています。 飲んだ後のキレがよく、食事を引き立たせてくれる食中酒。米の旨味を感じる日本酒です。どんな温度帯でもおいしく召し上がれる普段使いに最適な一品です。 「関西一 本醸造」という名称で親しまれてきましたが、2023年5月よりブランド名を「於多福」に統一することとなりました。また、同じく2023年5月よりラベルが刷新されています。,,,,,"""於多福 本醸造"" ""柄酒造"" 発売 OR 新発売 OR 受賞 OR リニューアル OR 限定",[],
柄酒造,於多福,於多福 純米,純米,八反錦,60％,一般流通,公式オンラインショップで販売確認 / 二次DBでも存在確認,https://www.tsukasyuzou.jp/products/於多福-純米-1800ml,200,於多福 純米 1800ml – 柄酒造株式会社,於多福 純米の一升瓶（1800ml）。米の旨味がギュッと詰まった辛口の純米酒。元々日本酒が好きでよく飲むという方に選ばれる傾向がある、日本酒らしい日本酒です。冷でも燗でも楽しめます。 2023年5月よりラベルが刷新されています。 於多福 純米の一升瓶（1800ml）。米の旨味がギュッと詰まった辛口の純米酒。元々日本酒が好きでよく飲むという方に選ばれる傾向がある、日本酒らしい日本酒です。冷でも燗でも楽しめます。 2023年5月よりラベルが刷新されています。,,,,,"""於多福 純米"" ""柄酒造"" 発売 OR 新発売 OR 受賞 OR リニューアル OR 限定",[],
柄酒造,於多福,於多福 純米吟醸,純米吟醸,八反錦,60％,一般流通,公式オンラインショップで販売確認 / 二次DBでも存在確認,https://www.tsukasyuzou.jp/products/於多福-純米吟醸-1800ml,200,於多福 純米吟醸 1800ml – 柄酒造株式会社,於多福 純米吟醸の一升瓶(1800ml)。穏やかな香りと味わいの調和が取れた純米吟醸です。 幅広い料理に合うため、食中酒として用いられることが多いすっきり辛口の酒。冷やしても常温でも楽しめます。 「関西一 純米吟醸 1800ml」という名称で親しまれてきましたが、2023年5月よりブランド名を「於多福」に統一することとなりました。また、同じく2023年5月よりラベルが刷新されています。 於多福 純米吟醸の一升瓶(1800ml)。穏やかな香りと味わいの調和が取れた純米吟醸です。 幅広い料理に合うため、食中酒として用いられることが多いすっきり辛口の酒。冷やしても常温でも楽しめます。 「関西一 純米吟醸 1800ml」という名称で親しまれてきましたが、2023年5月よりブランド名を「於多福」に統一することとなりました。また、同じく2023年5月よりラベルが刷新されています。,,,,,"""於多福 純米吟醸"" ""柄酒造"" 発売 OR 新発売 OR 受賞 OR リニューアル OR 限定",[],
白牡丹酒造,白牡丹,Paeon(ピオン),特別純米,千本錦,60%,一般流通,,https://www.hakubotan.co.jp/products/%E3%80%90%E6%97%A5%E6%9C%AC%E9%85%92-%E7%99%BD%E7%89%A1%E4%B8%B9%E3%80%91paeon%E3%83%94%E3%82%AA%E3%83%B3%E3%80%90%E6%96%B0%E3%80%91/,200,【日本酒 白牡丹】Paeon(ピオン) 500ml瓶詰【新】 - 白牡丹酒造,〜しぼりたてのフレッシュなお酒で食卓に小さな幸せを〜をコンセプトに醸した新たな白牡丹のお酒です｡酸味のあるシャープな味わいの酒を搾ったすぐの状態で瓶詰めしました｡ 〜しぼりたてのフレッシュなお酒で食卓に小さな幸せを〜をコンセプトに醸した新たな白牡丹のお酒です｡酸味のあるシャープな味わいの酒を搾ったすぐの状態で瓶詰めしました｡,,2026-05-29T05:12:07+00:00,,,"""Paeon(ピオン)"" ""白牡丹酒造"" 発売 OR 新発売 OR 受賞 OR リニューアル OR 限定",[],
白牡丹酒造,白牡丹,さらりとうまくち,その他,国産米100％,70％,一般流通,,https://www.hakubotan.co.jp/products/%e3%80%90%e6%97%a5%e6%9c%ac%e9%85%92-%e7%99%bd%e7%89%a1%e4%b8%b9%e3%80%91%e3%81%95%e3%82%89%e3%82%8a%e3%81%a8%e3%81%86%e3%81%be%e3%81%8f%e3%81%a1-720ml%e3%83%91%e3%83%83%e3%82%af%e8%a9%b0/,200,【日本酒 白牡丹】さらりとうまくち 720mlパック詰 - 白牡丹酒造,白牡丹さらりとうまくちは､うまさと後切れの良さを追求した日本酒です。麹からうまれるふくらみのあるうま味と酵母の醸し出したさらりとした味わい｡冷やしてよし。燗してうまい。うまさ新発見の日本酒です｡手軽な720mlスリムパックですから冷蔵庫等の保存でも場所を選びません。 白牡丹さらりとうまくちは､うまさと後切れの良さを追求した日本酒です。麹からうまれるふくらみのあるうま味と酵母の醸し出したさらりとした味わい｡冷やしてよし。燗してうまい。うまさ新発見の日本酒です｡手軽な720mlスリムパックですから冷蔵庫等の保存でも場所を選びません。,,2026-05-29T05:37:31+00:00,麹からうまれるふくらみのあるうま味と酵母の醸し出したさらりとした味わい｡ 冷やしてよし。,,"""さらりとうまくち"" ""白牡丹酒造"" 発売 OR 新発売 OR 受賞 OR リニューアル OR 限定",[],
白牡丹酒造,白牡丹,すっきり旨口,その他,国産米100％,75％,一般流通,,https://www.hakubotan.co.jp/products/%e3%80%90%e6%97%a5%e6%9c%ac%e9%85%92-%e7%99%bd%e7%89%a1%e4%b8%b9%e3%80%91%e3%81%99%e3%81%a3%e3%81%8d%e3%82%8a%e6%97%a8%e5%8f%a3-2l%e3%83%91%e3%83%83%e3%82%af%e8%a9%b0/,200,【日本酒 白牡丹】すっきり旨口 2Lパック詰 - 白牡丹酒造,日本酒の伝統的な「造り」を守りながらも、新しい発想の酒質設計とすることにより、やわらかな口当たりと巾のある旨さ味わいの両立を実現しています。 日本酒の伝統的な「造り」を守りながらも、新しい発想の酒質設計とすることにより、やわらかな口当たりと巾のある旨さ味わいの両立を実現しています。,,2026-05-29T05:38:24+00:00,,,"""すっきり旨口"" ""白牡丹酒造"" 発売 OR 新発売 OR 受賞 OR リニューアル OR 限定",[],
白牡丹酒造,白牡丹,ひろしま一途な純米酒 紅甘萬(べにかんまん),純米,国産米,70％,一般流通,,https://www.hakubotan.co.jp/products/%e3%80%90%e6%97%a5%e6%9c%ac%e9%85%92-%e7%99%bd%e7%89%a1%e4%b8%b9%e3%80%91%e3%81%b2%e3%82%8d%e3%81%97%e3%81%be%e4%b8%80%e9%80%94%e3%81%aa%e7%b4%94%e7%b1%b3%e9%85%92%e3%80%80%e7%b4%85%e7%94%98%e8%90%ac/,200,【日本酒 白牡丹】ひろしま一途な純米酒 紅甘萬(べにかんまん) 720ml瓶詰 - 白牡丹酒造,ひろしま一途な純米酒 白牡丹 紅甘萬(べにかんまん)もみじ饅頭により添うお酒。広島県立総合技術研究所 食品工業技術センターよりの技術移転で商品化しました。ひろしま銘菓 もみじ饅頭と共にお楽しみください。もみじ饅頭の甘味とお酒の甘味とが調和し、 驚くほどすっきりした後味に変化します。2020全国燗酒コンテスト 金賞受賞 ひろしま一途な純米酒 白牡丹 紅甘萬(べにかんまん)もみじ饅頭により添うお酒。広島県立総合技術研究所 食品工業技術センターよりの技術移転で商品化しました。ひろしま銘菓 もみじ饅頭と共にお楽しみください。もみじ饅頭の甘味とお酒の甘味とが調和し、 驚くほどすっきりした後味に変化します。2020全国燗酒コンテスト 金賞受賞,,2026-05-29T02:27:04+00:00,,,"""ひろしま一途な純米酒 紅甘萬(べにかんまん)"" ""白牡丹酒造"" 発売 OR 新発売 OR 受賞 OR リニューアル OR 限定",[],
白牡丹酒造,白牡丹,大吟醸,大吟醸,山田錦,40%,一般流通,,https://www.hakubotan.co.jp/products/,200,白牡丹商品一覧 - 白牡丹酒造,白牡丹酒造の商品一覧。大吟醸の中でも別格の袋搾り雫酒（斗瓶囲い）、凍結生酒「氷華」、ワイングラスでおいしい純米酒、ノンアルコール甘酒ほか、季節限定酒やネット限定酒も。ご注文の商品は、蔵元から直送します。 白牡丹酒造の商品一覧。大吟醸の中でも別格の袋搾り雫酒（斗瓶囲い）、凍結生酒「氷華」、ワイングラスでおいしい純米酒、ノンアルコール甘酒ほか、季節限定酒やネット限定酒も。ご注文の商品は、蔵元から直送します。,,,"ブランドストーリー 酒造りへの思い 商品紹介 蔵めぐり・見学 白牡丹に合う料理 会社案内 公式ネットショップ お問合せ 商品検索 ブランドストーリー 酒造りへの思い 商品紹介 蔵めぐり・見学 白牡丹に合う料理 会社案内 商品紹介 全て 藝陽男山 季節限定 白牡丹 新シリーズ 甘酒・リキュール ギフト・お祝い ネットショップ限定 流通限定 輸出限定 白牡丹 【日本酒 白牡丹】長期低温熟成 大吟醸 FLUSSO 十年の歳月に宿る、極上の一献 創業三百五十年の伝統が磨き上げた白牡丹史上の最高峰。 | 148,500円(税13,500円) 白牡丹 【日本酒 白牡丹】大吟醸 いちの雫1.8瓶詰（しずく酒） 厳選した酒造好適米を丁寧に洗米、厳格に限定吸水を行った浸漬米を旧来の甑を用い蒸し上げます。 | 仕込水に「いちの水」を用い厳冬期に仕込み、醪の管理を厳格に行った選りすぐりの大吟醸酒です。 | 22,000円(税2,000円) 白牡丹 【日本酒 白牡丹】大吟醸 いちの雫720ml瓶詰（しずく酒） 厳選した酒造好適米を丁寧に洗米、厳格に限定吸水を行った浸漬米を旧来の甑を用い蒸し上げます。",,"""大吟醸"" ""白牡丹酒造"" 発売 OR 新発売 OR 受賞 OR リニューアル OR 限定",[],
白牡丹酒造,白牡丹,大吟醸 いちの雫（しずく酒）,大吟醸,山田錦,40％,一般流通,,https://www.hakubotan.co.jp/products/%e3%80%90%e6%97%a5%e6%9c%ac%e9%85%92-%e7%99%bd%e7%89%a1%e4%b8%b9%e3%80%91%e5%a4%a7%e5%90%9f%e9%86%b8%e3%80%80%e3%81%84%e3%81%a1%e3%81%ae%e9%9b%ab720ml%e7%93%b6%e8%a9%b0%ef%bc%88%e3%81%97%e3%81%9a/,200,【日本酒 白牡丹】大吟醸 いちの雫720ml瓶詰（しずく酒） - 白牡丹酒造,厳選した酒造好適米を丁寧に洗米、厳格に限定吸水を行った浸漬米を旧来の甑を用い蒸し上げます。麹は一升盛の蓋麹法により一枚一枚の麹蓋を管理し製麹を行い、酒母は高温糖化で育成した純粋な酛を使用します。仕込水に「いちの水」を用い厳冬期に仕込み、醪の管理を厳格に行った選りすぐりの大吟醸酒です。本品は、袋搾りの雫酒を特別に斗瓶囲いした大吟醸酒の中でも特別な逸品です。吟醸酒独特の上立ち香と含み香そして、しっかりとした味わいと後切れの良さをお楽しみください。 厳選した酒造好適米を丁寧に洗米、厳格に限定吸水を行った浸漬米を旧来の甑を用い蒸し上げます。麹は一升盛の蓋麹法により一枚一枚の麹蓋を管理し製麹を行い、酒母は高温糖化で育成した純粋な酛を使用します。仕込水に「いちの水」を用い厳冬期に仕込み、醪の管理を厳格に行った選りすぐりの大吟醸酒です。本品は、袋搾りの雫酒を特別に斗瓶囲いした大吟醸酒の中でも特別な逸品です。吟醸酒独特の上立ち香と含み香そして、しっかりとした味わいと後切れの良さをお楽しみください。,,2025-06-16T06:22:25+00:00,ブランドストーリー 酒造りへの思い 商品紹介 蔵めぐり・見学 白牡丹に合う料理 会社案内 公式ネットショップ お問合せ 商品検索 ブランドストーリー 酒造りへの思い 商品紹介 蔵めぐり・見学 白牡丹に合う料理 会社案内 白牡丹 【日本酒 白牡丹】大吟醸 いちの雫720ml瓶詰（しずく酒） クール便 厳選した酒造好適米を丁寧に洗米、厳格に限定吸水を行った浸漬米を旧来の甑を用い蒸し上げます。 | 仕込水に「いちの水」を用い厳冬期に仕込み、醪の管理を厳格に行った選りすぐりの大吟醸酒です。,,"""大吟醸 いちの雫（しずく酒）"" ""白牡丹酒造"" 発売 OR 新発売 OR 受賞 OR リニューアル OR 限定",[],
白牡丹酒造,白牡丹,大吟醸 中汲み,大吟醸,山田錦,40％,限定流通,,https://www.hakubotan.co.jp/products/%e3%80%90%e6%97%a5%e6%9c%ac%e9%85%92-%e7%99%bd%e7%89%a1%e4%b8%b9%e3%80%91%e5%a4%a7%e5%90%9f%e9%86%b8-%e4%b8%ad%e6%b1%b2%e3%81%bf-720ml%e7%93%b6%e8%a9%b0%e3%80%90%e6%b5%81%e9%80%9a%e9%99%90%e5%ae%9a/,200,【日本酒 白牡丹】大吟醸 中汲み 720ml瓶詰【流通限定】 - 白牡丹酒造,大吟醸中汲みは低温長期醗酵の醪を負荷極力かけず搾った豊かな味わいの大吟醸酒です。数量が少なくデリケートな酒質のお酒ですので､数量･出荷先限定となります。 大吟醸中汲みは低温長期醗酵の醪を負荷極力かけず搾った豊かな味わいの大吟醸酒です。数量が少なくデリケートな酒質のお酒ですので､数量･出荷先限定となります。,,2025-06-16T06:25:51+00:00,ブランドストーリー 酒造りへの思い 商品紹介 蔵めぐり・見学 白牡丹に合う料理 会社案内 公式ネットショップ お問合せ 商品検索 ブランドストーリー 酒造りへの思い 商品紹介 蔵めぐり・見学 白牡丹に合う料理 会社案内 白牡丹 【日本酒 白牡丹】大吟醸 中汲み 720ml瓶詰【流通限定】 常温便 大吟醸中汲みは低温長期醗酵の醪を負荷極力かけず搾った豊かな味わいの大吟醸酒です。 | 数量が少なくデリケートな酒質のお酒ですので､数量･出荷先限定となります。,,"""大吟醸 中汲み"" ""白牡丹酒造"" 発売 OR 新発売 OR 受賞 OR リニューアル OR 限定",[],
白牡丹酒造,白牡丹,山田錦 純米吟醸 うすにごり,純米吟醸,山田錦,60％,季節商品,,https://www.hakubotan.co.jp/products/%e3%80%90%e6%97%a5%e6%9c%ac%e9%85%92-%e7%99%bd%e7%89%a1%e4%b8%b9%e3%80%91%e5%b1%b1%e7%94%b0%e9%8c%a6%e3%80%80%e7%b4%94%e7%b1%b3%e5%90%9f%e9%86%b8%e3%80%80%e3%81%86%e3%81%99%e3%81%ab%e3%81%94%e3%82%8a/,200,【日本酒 白牡丹】山田錦 純米吟醸 うすにごり 720ml瓶詰 - 白牡丹酒造,季節限定商品。酒造期が終わった春から初夏にかけての限定酒。酒米の王『山田錦』を自社で精米歩合60％迄磨き、米と米麹のみで醸した贅沢なうすにごり酒。『山田錦』由来の繊細で雑味のない甘口のお酒をアルコール分12％と非常に軽い飲み口に仕上げました。わずかに残したにごり分のなめらかな口当たりが特徴。 季節限定商品。酒造期が終わった春から初夏にかけての限定酒。酒米の王『山田錦』を自社で精米歩合60％迄磨き、米と米麹のみで醸した贅沢なうすにごり酒。『山田錦』由来の繊細で雑味のない甘口のお酒をアルコール分12％と非常に軽い飲み口に仕上げました。わずかに残したにごり分のなめらかな口当たりが特徴。,,2026-05-29T04:53:12+00:00,ブランドストーリー 酒造りへの思い 商品紹介 蔵めぐり・見学 白牡丹に合う料理 会社案内 公式ネットショップ お問合せ 商品検索 ブランドストーリー 酒造りへの思い 商品紹介 蔵めぐり・見学 白牡丹に合う料理 会社案内 季節限定 【日本酒 白牡丹】山田錦 純米吟醸 うすにごり 720ml瓶詰 常温便 季節限定商品。 | 酒米の王『山田錦』を自社で精米歩合60％迄磨き、米と米麹のみで醸した贅沢なうすにごり酒。,,"""山田錦 純米吟醸 うすにごり"" ""白牡丹酒造"" 発売 OR 新発売 OR 受賞 OR リニューアル OR 限定",[],
白牡丹酒造,白牡丹,山田錦 純米大吟醸 氷華,純米大吟醸,山田錦,50％,一般流通,,https://www.hakubotan.co.jp/products/%e3%80%90%e5%87%8d%e7%b5%90%e7%94%9f%e9%85%92%e3%80%91%e3%80%90%e6%97%a5%e6%9c%ac%e9%85%92-%e7%99%bd%e7%89%a1%e4%b8%b9%e3%80%91%e5%b1%b1%e7%94%b0%e9%8c%a6-%e7%b4%94%e7%b1%b3%e5%a4%a7%e5%90%9f%e9%86%b8/,200,【凍結生酒】【日本酒 白牡丹】山田錦 純米大吟醸 氷華 300ml瓶詰 - 白牡丹酒造,垂れ口から落ちてきたお酒を無濾過原酒のまま瓶詰め、急速凍結しました。非常にデリケートで蔵内でしか味わえなかったお酒を急速凍結することにより何時でもお楽しみ頂けます。自社精米で50％まで磨いた山田錦で醸した純米大吟醸を無濾過原酒で瓶に詰めました。口に含むとほのかなプチプチとしたガス感とフルーティーなしっかりとした甘みが口中に広がります。(株)テクニカン 液体急速凍結機 凍眠 により凍結しました。凍ったままのお酒をお届けします。冷凍便専用商品。他の商品との同梱はできません。流水などで解凍してからお飲みください。 垂れ口から落ちてきたお酒を無濾過原酒のまま瓶詰め、急速凍結しました。非常にデリケートで蔵内でしか味わえなかったお酒を急速凍結することにより何時でもお楽しみ頂けます。自社精米で50％まで磨いた山田錦で醸した純米大吟醸を無濾過原酒で瓶に詰めました。口に含むとほのかなプチプチとしたガス感とフルーティーなしっかりとした甘みが口中に広がります。(株)テクニカン 液体急速凍結機 凍眠 により凍結しました。凍ったままのお酒をお届けします。冷凍便専用商品。他の商品との同梱はできません。流水などで解凍してからお飲みください。,,2026-08-31T00:40:22+00:00,,,"""山田錦 純米大吟醸 氷華"" ""白牡丹酒造"" 発売 OR 新発売 OR 受賞 OR リニューアル OR 限定",[],
白牡丹酒造,白牡丹,山田錦 純米酒,純米,山田錦,70％,一般流通,,https://www.hakubotan.co.jp/products/%e3%80%90%e6%97%a5%e6%9c%ac%e9%85%92-%e7%99%bd%e7%89%a1%e4%b8%b9%e3%80%91%e5%b1%b1%e7%94%b0%e9%8c%a6%e7%b4%94%e7%b1%b3%e9%85%921-8l%e7%93%b6%e8%a9%b0/,200,【日本酒 白牡丹】山田錦 純米酒 1.8L瓶詰 - 白牡丹酒造,ワイングラスでおいしい日本酒アワード2017最高金賞受賞酒純米酒の中でも特に米にこだわった特別な純米酒です。吟醸造りで知られる酒造好適米『山田錦』を全量使用し、しっかりとした膨らみのある麹の旨味を引き出した山田錦ならではのコクとキレが特徴の純米酒です。 ワイングラスでおいしい日本酒アワード2017最高金賞受賞酒純米酒の中でも特に米にこだわった特別な純米酒です。吟醸造りで知られる酒造好適米『山田錦』を全量使用し、しっかりとした膨らみのある麹の旨味を引き出した山田錦ならではのコクとキレが特徴の純米酒です。,,2026-05-29T05:01:45+00:00,ブランドストーリー 酒造りへの思い 商品紹介 蔵めぐり・見学 白牡丹に合う料理 会社案内 公式ネットショップ お問合せ 商品検索 ブランドストーリー 酒造りへの思い 商品紹介 蔵めぐり・見学 白牡丹に合う料理 会社案内 白牡丹 【日本酒 白牡丹】山田錦 純米酒 1.8L瓶詰 常温便 ワイングラスでおいしい日本酒アワード2017 最高金賞受賞酒 純米酒の中でも特に米にこだわった特別な純米酒です。 | 吟醸造りで知られる酒造好適米『山田錦』を全量使用し、しっかりとした膨らみのある麹の旨味を引き出した山田錦ならではのコクとキレが特徴の純米酒です。,,"""山田錦 純米酒"" ""白牡丹酒造"" 発売 OR 新発売 OR 受賞 OR リニューアル OR 限定",[],
白牡丹酒造,白牡丹,広島の酒,その他,国産米100％,75％,一般流通,,https://www.hakubotan.co.jp/products/%e3%80%90%e6%97%a5%e6%9c%ac%e9%85%92-%e7%99%bd%e7%89%a1%e4%b8%b9%e3%80%91%e5%ba%83%e5%b3%b6%e3%81%ae%e9%85%92-1-8l%e7%93%b6%e8%a9%b0/,200,【日本酒 白牡丹】広島の酒 1.8L瓶詰 - 白牡丹酒造,まろやかで口当たりのよいお酒。甘口で、バランスのとれた飲み飽きしないお酒。 まろやかで口当たりのよいお酒。甘口で、バランスのとれた飲み飽きしないお酒。,,2026-05-29T05:32:36+00:00,,,"""広島の酒"" ""白牡丹酒造"" 発売 OR 新発売 OR 受賞 OR リニューアル OR 限定",[],
白牡丹酒造,白牡丹,広島の酒 原酒,その他,国産米100％,75％,一般流通,,https://www.hakubotan.co.jp/products/%e3%80%90%e6%97%a5%e6%9c%ac%e9%85%92-%e7%99%bd%e7%89%a1%e4%b8%b9%e3%80%91%e5%ba%83%e5%b3%b6%e3%81%ae%e9%85%92%e5%8e%9f%e9%85%92-720ml%e7%93%b6%e8%a9%b0/,200,【日本酒 白牡丹】広島の酒 原酒 720ml瓶詰【蔵元限定】 - 白牡丹酒造,白牡丹の定番商品『広島の酒』の原酒。蔵元直営ショップでしか買えないお酒。しっかりとした甘みが感じられながらあと口のキレが良いのお酒。アルコール度数が19度あり、飲み応えバツグン。オンザロック、お湯割り、燗酒、冷酒といろいろな飲み方が楽しめます。 白牡丹の定番商品『広島の酒』の原酒。蔵元直営ショップでしか買えないお酒。しっかりとした甘みが感じられながらあと口のキレが良いのお酒。アルコール度数が19度あり、飲み応えバツグン。オンザロック、お湯割り、燗酒、冷酒といろいろな飲み方が楽しめます。,,2026-05-29T05:34:34+00:00,ブランドストーリー 酒造りへの思い 商品紹介 蔵めぐり・見学 白牡丹に合う料理 会社案内 公式ネットショップ お問合せ 商品検索 ブランドストーリー 酒造りへの思い 商品紹介 蔵めぐり・見学 白牡丹に合う料理 会社案内 白牡丹 【日本酒 白牡丹】広島の酒 原酒 720ml瓶詰【蔵元限定】 常温便 白牡丹の定番商品『広島の酒』の原酒。,,"""広島の酒 原酒"" ""白牡丹酒造"" 発売 OR 新発売 OR 受賞 OR リニューアル OR 限定",[],
白牡丹酒造,白牡丹,広島上撰 金紋,普通酒・上撰,国産米100%,70%,一般流通,,https://www.hakubotan.co.jp/products/%e3%80%90%e6%97%a5%e6%9c%ac%e9%85%92-%e7%99%bd%e7%89%a1%e4%b8%b9%e3%80%91%e5%ba%83%e5%b3%b6%e4%b8%8a%e6%92%b0%e3%80%80%e9%87%91%e7%b4%8b-1-8l%e7%93%b6%e8%a9%b0/,200,【日本酒 白牡丹】広島上撰 金紋 1.8L瓶詰 - 白牡丹酒造,きめ細やかな味わいにスッキリとした喉ごしが味わいを引き締めています。甘口であと口のキレのよいお酒です。 きめ細やかな味わいにスッキリとした喉ごしが味わいを引き締めています。甘口であと口のキレのよいお酒です。,,2026-05-29T05:20:03+00:00,,,"""広島上撰 金紋"" ""白牡丹酒造"" 発売 OR 新発売 OR 受賞 OR リニューアル OR 限定",[],
白牡丹酒造,白牡丹,広島上撰 金紋 原酒,普通酒・上撰,国産米,70％,一般流通,,https://www.hakubotan.co.jp/products/%e3%80%90%e6%97%a5%e6%9c%ac%e9%85%92-%e7%99%bd%e7%89%a1%e4%b8%b9%e3%80%91%e5%ba%83%e5%b3%b6%e4%b8%8a%e6%92%b0%e3%80%80%e9%87%91%e7%b4%8b%e3%80%80%e5%8e%9f%e9%85%92720ml%e7%93%b6%e8%a9%b0%e3%80%90/,200,【日本酒 白牡丹】広島上撰 金紋 原酒 720ml瓶詰【限定酒】 - 白牡丹酒造,秋あがり！しっかり麹を造り､きれいに蒸米を溶解することで米の旨味をのせた､味のあるお酒に仕上げました。夏越し､熟成した勢いのある上撰原酒をお楽しみください｡ 秋あがり！しっかり麹を造り､きれいに蒸米を溶解することで米の旨味をのせた､味のあるお酒に仕上げました。夏越し､熟成した勢いのある上撰原酒をお楽しみください｡,,2025-06-16T06:40:10+00:00,ブランドストーリー 酒造りへの思い 商品紹介 蔵めぐり・見学 白牡丹に合う料理 会社案内 公式ネットショップ お問合せ 商品検索 ブランドストーリー 酒造りへの思い 商品紹介 蔵めぐり・見学 白牡丹に合う料理 会社案内 季節限定 【日本酒 白牡丹】広島上撰 金紋 原酒 720ml瓶詰【限定酒】 常温便 秋あがり！,,"""広島上撰 金紋 原酒"" ""白牡丹酒造"" 発売 OR 新発売 OR 受賞 OR リニューアル OR 限定",[],
白牡丹酒造,白牡丹,広島八反 純米吟醸,純米吟醸,八反35号,60％,一般流通,,https://www.hakubotan.co.jp/products/%e3%80%90%e6%97%a5%e6%9c%ac%e9%85%92-%e7%99%bd%e7%89%a1%e4%b8%b9%e3%80%91%e5%ba%83%e5%b3%b6%e5%85%ab%e5%8f%8d-%e7%b4%94%e7%b1%b3%e5%90%9f%e9%86%b8-1-8l%e7%93%b6%e8%a9%b0/,200,【日本酒 白牡丹】広島八反 純米吟醸 1.8L瓶詰 - 白牡丹酒造,酒造好適米『八反35号』を全量使用した純米吟醸酒｡八反35号は『広島八反』ともよばれ、昭和37年(1962年)から広島県の奨励品種となり、今でも根強い人気のある酒米。バナナを思わせる上立ち香。ほのかな甘みを感じさせながら、スッキリとしたあと切れ。米由来のさわやかでバランスの取れた味わい。 酒造好適米『八反35号』を全量使用した純米吟醸酒｡八反35号は『広島八反』ともよばれ、昭和37年(1962年)から広島県の奨励品種となり、今でも根強い人気のある酒米。バナナを思わせる上立ち香。ほのかな甘みを感じさせながら、スッキリとしたあと切れ。米由来のさわやかでバランスの取れた味わい。,,2026-05-29T02:33:14+00:00,ブランドストーリー 酒造りへの思い 商品紹介 蔵めぐり・見学 白牡丹に合う料理 会社案内 公式ネットショップ お問合せ 商品検索 ブランドストーリー 酒造りへの思い 商品紹介 蔵めぐり・見学 白牡丹に合う料理 会社案内 白牡丹 【日本酒 白牡丹】広島八反 純米吟醸 1.8L瓶詰 常温便 酒造好適米『八反35号』を全量使用した純米吟醸酒｡ 八反35号は『広島八反』ともよばれ、昭和37年(1962年)から広島県の奨励品種となり、今でも根強い人気のある酒米。,,"""広島八反 純米吟醸"" ""白牡丹酒造"" 発売 OR 新発売 OR 受賞 OR リニューアル OR 限定",[],
白牡丹酒造,白牡丹,広島八反 純米大吟醸 原酒,純米大吟醸,八反35号,50％,一般流通,,https://www.hakubotan.co.jp/products/%e3%80%90%e6%97%a5%e6%9c%ac%e9%85%92-%e7%99%bd%e7%89%a1%e4%b8%b9%e3%80%91%e5%ba%83%e5%b3%b6%e5%85%ab%e5%8f%8d-%e7%b4%94%e7%b1%b3%e5%a4%a7%e5%90%9f%e9%86%b8-%e5%8e%9f%e9%85%92720ml%e7%93%b6%e8%a9%b0/,200,【日本酒 白牡丹】広島八反 純米大吟醸 原酒720ml瓶詰 - 白牡丹酒造,【夏酒】広島八反 純米大吟醸 原酒 720ml瓶【日本酒 白牡丹】 広島八反 純米大吟醸 原酒は、広島県の酒造好適米『八反35号』を50%まで磨き、丁寧な原料処理を行いました。この純米大吟醸は、甘い果実様の香りを引き出すために、広島県が独自に開発した令和１号酵母で仕込まれています。 この商品は原酒でありながら、アルコール分は15度と少し軽めに仕上げられています。そのため、真夏の暑い夜にぴったりの純米大吟醸です。口に含んだ瞬間から広がる原酒の力強い旨味をお楽しみ下さい。 このお酒は、高品質な日本酒を求める方や、夏の暑さを癒やしたい方、また贈り物としてもおすすめです。一口飲めば広がるフルーティな香りと、心地よい旨味が暑い夏の疲れを癒やします。 夜のお食事や、友人との食事会、特別な日のお祝いなど、さまざまなシーンでこの純米大吟醸はお楽しみ頂けます。上品な風味と軽やかな口当たりは、料理との相性も抜群です。ぜひ、特別な日に広島八反 純米大吟醸 原酒で、心地よいひとときをお過ごし下さい。 【夏酒】広島八反 純米大吟醸 原酒 720ml瓶【日本酒 白牡丹】 広島八反 純米大吟醸 原酒は、広島県の酒造好適米『八反35号』を50%まで磨き、丁寧な原料処理を行いました。この純米大吟醸は、甘い果実様の香りを引き出すために、広島県が独自に開発した令和１号酵母で仕込まれています。 この商品は原酒でありながら、アルコール分は15度と少し軽めに仕上げられています。そのため、真夏の暑い夜にぴったりの純米大吟醸です。口に含んだ瞬間から広がる原酒の力強い旨味をお楽しみ下さい。 このお酒は、高品質な日本酒を求める方や、夏の暑さを癒やしたい方、また贈り物としてもおすすめです。一口飲めば広がるフルーティな香りと、心地よい旨味が暑い夏の疲れを癒やします。 夜のお食事や、友人との食事会、特別な日のお祝いなど、さまざまなシーンでこの純米大吟醸はお楽しみ頂けます。上品な風味と軽やかな口当たりは、料理との相性も抜群です。ぜひ、特別な日に広島八反 純米大吟醸 原酒で、心地よいひとときをお過ごし下さい。,,2026-05-29T02:30:24+00:00,ブランドストーリー 酒造りへの思い 商品紹介 蔵めぐり・見学 白牡丹に合う料理 会社案内 公式ネットショップ お問合せ 商品検索 ブランドストーリー 酒造りへの思い 商品紹介 蔵めぐり・見学 白牡丹に合う料理 会社案内 季節限定 【日本酒 白牡丹】広島八反 純米大吟醸 原酒720ml瓶詰 常温便 【夏酒】広島八反 純米大吟醸 原酒 720ml瓶【日本酒 白牡丹】 広島八反 純米大吟醸 原酒は、広島県の酒造好適米『八反35号』を50%まで磨き、丁寧な原料処理を行いました。 | この純米大吟醸は、甘い果実様の香りを引き出すために、広島県が独自に開発した令和１号酵母で仕込まれています。,,"""広島八反 純米大吟醸 原酒"" ""白牡丹酒造"" 発売 OR 新発売 OR 受賞 OR リニューアル OR 限定",[],
白牡丹酒造,白牡丹,広島八反 純米大吟醸 氷華,純米大吟醸,八反35号,50％,一般流通,,https://www.hakubotan.co.jp/products/%e3%80%90%e5%87%8d%e7%b5%90%e7%94%9f%e9%85%92%e3%80%91%e3%80%90%e6%97%a5%e6%9c%ac%e9%85%92-%e7%99%bd%e7%89%a1%e4%b8%b9%e3%80%91%e5%ba%83%e5%b3%b6%e5%85%ab%e5%8f%8d-%e7%b4%94%e7%b1%b3%e5%a4%a7%e5%90%9f/,200,【凍結生酒】【日本酒 白牡丹】広島八反 純米大吟醸 氷華 300ml瓶詰 - 白牡丹酒造,垂れ口から落ちてきたお酒を無濾過原酒のまま瓶詰め、急速凍結しました。非常にデリケートで蔵内でしか味わえなかったお酒を急速凍結することにより何時でもお楽しみ頂けます。広島を代表する酒米『八反35号』で醸した純米大吟醸を無濾過原酒で瓶に詰めました。口に含むとほのかなプチプチとしたガス感とフルーティーなしっかりとした甘みが口中に広がります。(株)テクニカン 液体急速凍結機 凍眠 により凍結しました。凍ったままのお酒をお届けします。冷凍便専用商品。他の商品との同梱はできません。流水などで解凍してからお飲みください。 垂れ口から落ちてきたお酒を無濾過原酒のまま瓶詰め、急速凍結しました。非常にデリケートで蔵内でしか味わえなかったお酒を急速凍結することにより何時でもお楽しみ頂けます。広島を代表する酒米『八反35号』で醸した純米大吟醸を無濾過原酒で瓶に詰めました。口に含むとほのかなプチプチとしたガス感とフルーティーなしっかりとした甘みが口中に広がります。(株)テクニカン 液体急速凍結機 凍眠 により凍結しました。凍ったままのお酒をお届けします。冷凍便専用商品。他の商品との同梱はできません。流水などで解凍してからお飲みください。,,2026-08-31T00:41:19+00:00,広島を代表する酒米『八反35号』で醸した純米大吟醸を無濾過原酒で瓶に詰めました。,,"""広島八反 純米大吟醸 氷華"" ""白牡丹酒造"" 発売 OR 新発売 OR 受賞 OR リニューアル OR 限定",[],
白牡丹酒造,白牡丹,広島特撰 芳華金紋,普通酒・上撰,国産米100％,60％,一般流通,,https://www.hakubotan.co.jp/products/%e3%80%90%e6%97%a5%e6%9c%ac%e9%85%92-%e7%99%bd%e7%89%a1%e4%b8%b9%e3%80%91%e5%ba%83%e5%b3%b6%e7%89%b9%e6%92%b0-1-8l%e7%93%b6%e8%a9%b0-2/,200,【日本酒 白牡丹】広島特撰 芳華金紋 1.8L瓶詰 - 白牡丹酒造,広島の酒の特質といわれる「こあじ」のあるスッキリとしたあじわいをお楽しみください。 広島の酒の特質といわれる「こあじ」のあるスッキリとしたあじわいをお楽しみください。,,2026-05-29T05:13:14+00:00,,,"""広島特撰 芳華金紋"" ""白牡丹酒造"" 発売 OR 新発売 OR 受賞 OR リニューアル OR 限定",[],
白牡丹酒造,白牡丹,恋華 RENKA,その他,中生新千本,60％,一般流通,,https://www.hakubotan.co.jp/products/%e3%80%90%e6%97%a5%e6%9c%ac%e9%85%92-%e7%99%bd%e7%89%a1%e4%b8%b9%e3%80%91%e6%81%8b%e8%8f%af-300ml%e7%93%b6%e8%a9%b0-2/,200,【日本酒 白牡丹】恋華 RENKA 300ml瓶詰 - 白牡丹酒造,ワイングラスでおいしい日本酒アワード2023プレミアム純米部門 金賞受賞酒自社製造の白こうじを使った、爽やかな甘みと酸味が特徴のアルコール度数低めのお酒です。 ワイングラスでおいしい日本酒アワード2023プレミアム純米部門 金賞受賞酒自社製造の白こうじを使った、爽やかな甘みと酸味が特徴のアルコール度数低めのお酒です。,,2026-05-29T04:57:57+00:00,ブランドストーリー 酒造りへの思い 商品紹介 蔵めぐり・見学 白牡丹に合う料理 会社案内 公式ネットショップ お問合せ 商品検索 ブランドストーリー 酒造りへの思い 商品紹介 蔵めぐり・見学 白牡丹に合う料理 会社案内 白牡丹 【日本酒 白牡丹】恋華 RENKA 300ml瓶詰 常温便 ワイングラスでおいしい日本酒アワード2023 プレミアム純米部門 金賞受賞酒 自社製造の白こうじを使った、爽やかな甘みと酸味が特徴のアルコール度数低めのお酒です。,,"""恋華 RENKA"" ""白牡丹酒造"" 発売 OR 新発売 OR 受賞 OR リニューアル OR 限定",[],
白牡丹酒造,白牡丹,恋華 RENKA ROUGE,その他,中生新千本,60％,一般流通,,https://www.hakubotan.co.jp/products/%e3%80%90%e6%97%a5%e6%9c%ac%e9%85%92-%e7%99%bd%e7%89%a1%e4%b8%b9%e3%80%91%e6%81%8b%e8%8f%af-renka-rouge-300ml%e7%93%b6%e8%a9%b0/,200,【日本酒 白牡丹】恋華 RENKA ROUGE 300ml瓶詰 - 白牡丹酒造,リンゴ酸高生産酵母を使用した柔らかな酸味が特徴の飲みやすい日本酒です。シックな黒色ビンにシュリンクラベルでお洒落な食卓に花を添えます。 リンゴ酸高生産酵母を使用した柔らかな酸味が特徴の飲みやすい日本酒です。シックな黒色ビンにシュリンクラベルでお洒落な食卓に花を添えます。,,2026-05-29T04:58:46+00:00,ブランドストーリー 酒造りへの思い 商品紹介 蔵めぐり・見学 白牡丹に合う料理 会社案内 公式ネットショップ お問合せ 商品検索 ブランドストーリー 酒造りへの思い 商品紹介 蔵めぐり・見学 白牡丹に合う料理 会社案内 白牡丹 【日本酒 白牡丹】恋華 RENKA ROUGE 300ml瓶詰 常温便 リンゴ酸高生産酵母を使用した柔らかな酸味が特徴の飲みやすい日本酒です。,,"""恋華 RENKA ROUGE"" ""白牡丹酒造"" 発売 OR 新発売 OR 受賞 OR リニューアル OR 限定",[],
白牡丹酒造,白牡丹,新酒純米,純米,国産米,70％,季節商品,,https://www.hakubotan.co.jp/products/%e3%80%90%e6%97%a5%e6%9c%ac%e9%85%92-%e7%99%bd%e7%89%a1%e4%b8%b9%e3%80%91%e6%96%b0%e9%85%92%e7%b4%94%e7%b1%b3-1-8l%e7%93%b6%e8%a9%b0-2/,200,【日本酒 白牡丹】新酒純米 1.8L瓶詰 - 白牡丹酒造,冬季限定商品販売中！2023年今年の新酒が出来ました。新酒の若々しい旨さと新鮮でさわやかな芳香と味わいが楽しめます。今年の新酒は、白牡丹らしい旨味が感じられながら、酸がキュッと効いています。気温が下がって燗酒がおいしい季節になってきましたのでぬる燗もおすすめです。 冬季限定商品販売中！2023年今年の新酒が出来ました。新酒の若々しい旨さと新鮮でさわやかな芳香と味わいが楽しめます。今年の新酒は、白牡丹らしい旨味が感じられながら、酸がキュッと効いています。気温が下がって燗酒がおいしい季節になってきましたのでぬる燗もおすすめです。,,2025-11-13T05:03:13+00:00,ブランドストーリー 酒造りへの思い 商品紹介 蔵めぐり・見学 白牡丹に合う料理 会社案内 公式ネットショップ お問合せ 商品検索 ブランドストーリー 酒造りへの思い 商品紹介 蔵めぐり・見学 白牡丹に合う料理 会社案内 季節限定 【日本酒 白牡丹】新酒純米 1.8L瓶詰 常温便 冬季限定商品販売中！,,"""新酒純米"" ""白牡丹酒造"" 発売 OR 新発売 OR 受賞 OR リニューアル OR 限定",[],
白牡丹酒造,白牡丹,本醸造,本醸造,国産米100％,60％,一般流通,,https://www.hakubotan.co.jp/products/honjouzou-1-8l/,200,【日本酒 白牡丹】本醸造 1.8L瓶詰 - 白牡丹酒造,しっかりとした麹に裏打ちされた低温長期醗酵によりきめ細やかできれいな酒質の本醸造酒に仕上げました。ほんのり甘い香りの中に凜とした味わいが広がる｡しっかりとしたボディーとすっきりした切れ味が特徴｡こあじの利いたお酒です｡ しっかりとした麹に裏打ちされた低温長期醗酵によりきめ細やかできれいな酒質の本醸造酒に仕上げました。ほんのり甘い香りの中に凜とした味わいが広がる｡しっかりとしたボディーとすっきりした切れ味が特徴｡こあじの利いたお酒です｡,,2026-05-29T02:28:56+00:00,ブランドストーリー 酒造りへの思い 商品紹介 蔵めぐり・見学 白牡丹に合う料理 会社案内 公式ネットショップ お問合せ 商品検索 ブランドストーリー 酒造りへの思い 商品紹介 蔵めぐり・見学 白牡丹に合う料理 会社案内 白牡丹 【日本酒 白牡丹】本醸造 1.8L瓶詰 常温便 しっかりとした麹に裏打ちされた低温長期醗酵によりきめ細やかできれいな酒質の本醸造酒に仕上げました。,,"""本醸造"" ""白牡丹酒造"" 発売 OR 新発売 OR 受賞 OR リニューアル OR 限定",[],
白牡丹酒造,白牡丹,本醸造 生貯蔵酒,本醸造,国産米,60％,一般流通,,https://www.hakubotan.co.jp/products/%e3%80%90%e6%97%a5%e6%9c%ac%e9%85%92-%e7%99%bd%e7%89%a1%e4%b8%b9%e3%80%91%e6%9c%ac%e9%86%b8%e9%80%a0-%e7%94%9f%e8%b2%af%e8%94%b5%e9%85%92-300ml%e7%93%b6%e8%a9%b0/,200,【日本酒 白牡丹】本醸造 生貯蔵酒 300ml瓶詰 - 白牡丹酒造,お酒を一口含んだときの旨味と、後口のさわやかさがうまくバランスし、すっきりとした味わいの本醸造生貯蔵酒です。 お酒を一口含んだときの旨味と、後口のさわやかさがうまくバランスし、すっきりとした味わいの本醸造生貯蔵酒です。,,2026-05-29T05:00:00+00:00,ブランドストーリー 酒造りへの思い 商品紹介 蔵めぐり・見学 白牡丹に合う料理 会社案内 公式ネットショップ お問合せ 商品検索 ブランドストーリー 酒造りへの思い 商品紹介 蔵めぐり・見学 白牡丹に合う料理 会社案内 白牡丹 【日本酒 白牡丹】本醸造 生貯蔵酒 300ml瓶詰 常温便 お酒を一口含んだときの旨味と、後口のさわやかさがうまくバランスし、すっきりとした味わいの本醸造生貯蔵酒です。,,"""本醸造 生貯蔵酒"" ""白牡丹酒造"" 発売 OR 新発売 OR 受賞 OR リニューアル OR 限定",[],
白牡丹酒造,藝陽男山,生酛純米酒 夏仕込み,純米,中生新千本,70％,限定流通,,https://www.hakubotan.co.jp/products/%e3%80%90%e6%97%a5%e6%9c%ac%e9%85%92-%e8%97%9d%e9%99%bd%e7%94%b7%e5%b1%b1%e3%80%91%e7%94%9f%e9%85%9b%e7%b4%94%e7%b1%b3%e9%85%92-%e5%a4%8f%e4%bb%95%e8%be%bc%e3%81%bf-720ml%e7%93%b6%e8%a9%b0/,200,【日本酒 藝陽男山】生酛純米酒 夏仕込み 720ml瓶詰 - 白牡丹酒造,酵母・乳酸無添加 生酛純米 無濾過原酒 生酛は自然の摂理にのっとって酵母をたくましく育ててゆく先人の知恵の結晶です。蓋麹法による麹造り、木の半切桶と木の櫂による酛摺り等伝統技法により乳酸菌の発酵を待ち、蔵内に住み着いた酵母が宿り自然に湧いてくるのをひたすら待ちその力を信じて生酛を造り、三段仕込みによる醪を完全発酵させ上槽しました。 酵母・乳酸無添加 生酛純米 無濾過原酒 生酛は自然の摂理にのっとって酵母をたくましく育ててゆく先人の知恵の結晶です。蓋麹法による麹造り、木の半切桶と木の櫂による酛摺り等伝統技法により乳酸菌の発酵を待ち、蔵内に住み着いた酵母が宿り自然に湧いてくるのをひたすら待ちその力を信じて生酛を造り、三段仕込みによる醪を完全発酵させ上槽しました。,,2025-04-03T07:06:30+00:00,ブランドストーリー 酒造りへの思い 商品紹介 蔵めぐり・見学 白牡丹に合う料理 会社案内 公式ネットショップ お問合せ 商品検索 ブランドストーリー 酒造りへの思い 商品紹介 蔵めぐり・見学 白牡丹に合う料理 会社案内 藝陽男山 【日本酒 藝陽男山】生酛純米酒 夏仕込み 720ml瓶詰 常温便 酵母・乳酸無添加 生酛純米 無濾過原酒 生酛は自然の摂理にのっとって酵母をたくましく育ててゆく先人の知恵の結晶です。 | 蓋麹法による麹造り、木の半切桶と木の櫂による酛摺り等伝統技法により乳酸菌の発酵を待ち、蔵内に住み着いた酵母が宿り自然に湧いてくるのをひたすら待ちその力を信じて生酛を造り、三段仕込みによる醪を完全発酵させ上槽しました。,,"""生酛純米酒 夏仕込み"" ""白牡丹酒造"" 発売 OR 新発売 OR 受賞 OR リニューアル OR 限定",[],
白牡丹酒造,藝陽男山,生酛純米酒 夏仕込み おりがらみ,純米,中生新千本,70％,限定流通,,https://www.hakubotan.co.jp/products/%e3%80%90%e6%97%a5%e6%9c%ac%e9%85%92-%e8%97%9d%e9%99%bd%e7%94%b7%e5%b1%b1%e3%80%91%e7%94%9f%e9%85%9b%e7%b4%94%e7%b1%b3%e9%85%92-%e5%a4%8f%e4%bb%95%e8%be%bc%e3%81%bf-%e3%81%8a%e3%82%8a%e3%81%8c/,200,【日本酒 藝陽男山】生酛純米酒 夏仕込み おりがらみ 720ml瓶詰 - 白牡丹酒造,酵母・乳酸無添加 生酛純米 無濾過原酒 生酛は自然の摂理にのっとって酵母をたくましく育ててゆく先人の知恵の結晶です。蓋麹法による麹造り、木の半切桶と木の櫂による酛摺り等伝統技法により乳酸菌の発酵を待ち、蔵内に住み着いた酵母が宿り自然に湧いてくるのをひたすら待ちその力を信じて生酛を造り、三段仕込みによる醪を完全発酵させ上槽しました。昔ながらの艘搾りで出たおりがらみの部分を瓶詰めしました。流通限定商品 酵母・乳酸無添加 生酛純米 無濾過原酒 生酛は自然の摂理にのっとって酵母をたくましく育ててゆく先人の知恵の結晶です。蓋麹法による麹造り、木の半切桶と木の櫂による酛摺り等伝統技法により乳酸菌の発酵を待ち、蔵内に住み着いた酵母が宿り自然に湧いてくるのをひたすら待ちその力を信じて生酛を造り、三段仕込みによる醪を完全発酵させ上槽しました。昔ながらの艘搾りで出たおりがらみの部分を瓶詰めしました。流通限定商品,,2025-04-03T07:21:21+00:00,ブランドストーリー 酒造りへの思い 商品紹介 蔵めぐり・見学 白牡丹に合う料理 会社案内 公式ネットショップ お問合せ 商品検索 ブランドストーリー 酒造りへの思い 商品紹介 蔵めぐり・見学 白牡丹に合う料理 会社案内 藝陽男山 【日本酒 藝陽男山】生酛純米酒 夏仕込み おりがらみ 720ml瓶詰 常温便 酵母・乳酸無添加 生酛純米 おりがらみ 生酛は自然の摂理にのっとって酵母をたくましく育ててゆく先人の知恵の結晶です。 | 蓋麹法による麹造り、木の半切桶と木の櫂による酛摺り等伝統技法により乳酸菌の発酵を待ち、蔵内に住み着いた酵母が宿り自然に湧いてくるのをひたすら待ちその力を信じて生酛を造り、三段仕込みによる醪を完全発酵させ上槽しました。,,"""生酛純米酒 夏仕込み おりがらみ"" ""白牡丹酒造"" 発売 OR 新発売 OR 受賞 OR リニューアル OR 限定",[],
白牡丹酒造,藝陽男山,生酛純米酒 夏仕込み 生酒,純米,中生新千本,70％,限定流通,,https://www.hakubotan.co.jp/products/%e3%80%90%e6%97%a5%e6%9c%ac%e9%85%92-%e8%97%9d%e9%99%bd%e7%94%b7%e5%b1%b1%e3%80%91%e7%94%9f%e9%85%9b%e7%b4%94%e7%b1%b3%e9%85%92-%e5%a4%8f%e4%bb%95%e8%be%bc%e3%81%bf-%e7%94%9f%e9%85%92-720ml%e7%93%b6/,200,【日本酒 藝陽男山】生酛純米酒 夏仕込み 生酒 720ml瓶詰 - 白牡丹酒造,酵母・乳酸無添加 生酛純米 無濾過原酒 生酛は自然の摂理にのっとって酵母をたくましく育ててゆく先人の知恵の結晶です。蓋麹法による麹造り、木の半切桶と木の櫂による酛摺り等伝統技法により乳酸菌の発酵を待ち、蔵内に住み着いた酵母が宿り自然に湧いてくるのをひたすら待ちその力を信じて生酛を造り、三段仕込みによる醪を完全発酵させ上槽しました。搾ったお酒を加熱せず生のまま瓶詰めしました。流通限定商品 酵母・乳酸無添加 生酛純米 無濾過原酒 生酛は自然の摂理にのっとって酵母をたくましく育ててゆく先人の知恵の結晶です。蓋麹法による麹造り、木の半切桶と木の櫂による酛摺り等伝統技法により乳酸菌の発酵を待ち、蔵内に住み着いた酵母が宿り自然に湧いてくるのをひたすら待ちその力を信じて生酛を造り、三段仕込みによる醪を完全発酵させ上槽しました。搾ったお酒を加熱せず生のまま瓶詰めしました。流通限定商品,,2025-04-03T07:14:12+00:00,ブランドストーリー 酒造りへの思い 商品紹介 蔵めぐり・見学 白牡丹に合う料理 会社案内 公式ネットショップ お問合せ 商品検索 ブランドストーリー 酒造りへの思い 商品紹介 蔵めぐり・見学 白牡丹に合う料理 会社案内 藝陽男山 【日本酒 藝陽男山】生酛純米酒 夏仕込み 生酒 720ml瓶詰 常温便 酵母・乳酸無添加 生酛純米 生酒 生酛は自然の摂理にのっとって酵母をたくましく育ててゆく先人の知恵の結晶です。 | 蓋麹法による麹造り、木の半切桶と木の櫂による酛摺り等伝統技法により乳酸菌の発酵を待ち、蔵内に住み着いた酵母が宿り自然に湧いてくるのをひたすら待ちその力を信じて生酛を造り、三段仕込みによる醪を完全発酵させ上槽しました。,,"""生酛純米酒 夏仕込み 生酒"" ""白牡丹酒造"" 発売 OR 新発売 OR 受賞 OR リニューアル OR 限定",[],
白牡丹酒造,白牡丹,純米吟醸,純米吟醸,山田錦,60％,一般流通,,https://www.hakubotan.co.jp/products/%e3%80%90%e6%97%a5%e6%9c%ac%e9%85%92-%e7%99%bd%e7%89%a1%e4%b8%b9%e3%80%91%e7%b4%94%e7%b1%b3%e5%90%9f%e9%86%b8-1-8l%e7%93%b6%e8%a9%b0/,200,【日本酒 白牡丹】純米吟醸 1.8L瓶詰 - 白牡丹酒造,ワイングラスでおいしい日本酒アワード２０２３メイン部門 最高金賞受賞酒米の風味を活かした芳醇な深みのある味わいのお酒。 ワイングラスでおいしい日本酒アワード２０２３メイン部門 最高金賞受賞酒米の風味を活かした芳醇な深みのある味わいのお酒。,,2026-06-02T07:29:26+00:00,ブランドストーリー 酒造りへの思い 商品紹介 蔵めぐり・見学 白牡丹に合う料理 会社案内 公式ネットショップ お問合せ 商品検索 ブランドストーリー 酒造りへの思い 商品紹介 蔵めぐり・見学 白牡丹に合う料理 会社案内 白牡丹 【日本酒 白牡丹】純米吟醸 1.8L瓶詰 常温便 ワイングラスでおいしい日本酒アワード２０２３ メイン部門 最高金賞受賞酒 米の風味を活かした芳醇な深みのある味わいのお酒。,,"""純米吟醸"" ""白牡丹酒造"" 発売 OR 新発売 OR 受賞 OR リニューアル OR 限定",[],
白牡丹酒造,白牡丹,純米吟醸 中汲み,純米吟醸,山田錦,50％,限定流通,,https://www.hakubotan.co.jp/products/%e3%80%90%e6%97%a5%e6%9c%ac%e9%85%92-%e7%99%bd%e7%89%a1%e4%b8%b9%e3%80%91%e7%b4%94%e7%b1%b3%e5%90%9f%e9%86%b8-%e4%b8%ad%e6%b1%b2%e3%81%bf-720ml%e7%93%b6%e8%a9%b0%e3%80%90%e6%b5%81%e9%80%9a%e9%99%90/,200,【日本酒 白牡丹】純米吟醸 中汲み 720ml瓶詰【流通限定】 - 白牡丹酒造,山田錦を用い､味ある少し甘めの純米吟醸に仕上げました。純米吟醸中汲みは醪を極力負荷をかけず搾った丸みのあるお酒です。数量が少なくデリケートな酒質のお酒ですので､数量･出荷先限定となります。お取扱店などは電話・メールにてお問い合わせ下さい。 山田錦を用い､味ある少し甘めの純米吟醸に仕上げました。純米吟醸中汲みは醪を極力負荷をかけず搾った丸みのあるお酒です。数量が少なくデリケートな酒質のお酒ですので､数量･出荷先限定となります。お取扱店などは電話・メールにてお問い合わせ下さい。,,2025-06-16T06:23:27+00:00,ブランドストーリー 酒造りへの思い 商品紹介 蔵めぐり・見学 白牡丹に合う料理 会社案内 公式ネットショップ お問合せ 商品検索 ブランドストーリー 酒造りへの思い 商品紹介 蔵めぐり・見学 白牡丹に合う料理 会社案内 白牡丹 【日本酒 白牡丹】純米吟醸 中汲み 720ml瓶詰【流通限定】 常温便 山田錦を用い､味ある少し甘めの純米吟醸に仕上げました。 | 数量が少なくデリケートな酒質のお酒ですので､数量･出荷先限定となります。,,"""純米吟醸 中汲み"" ""白牡丹酒造"" 発売 OR 新発売 OR 受賞 OR リニューアル OR 限定",[],
白牡丹酒造,白牡丹,純米吟醸 生貯蔵酒,純米吟醸,山田錦,60％,輸出・海外向け,,https://www.hakubotan.co.jp/products/%e3%80%90%e6%97%a5%e6%9c%ac%e9%85%92-%e7%99%bd%e7%89%a1%e4%b8%b9%e3%80%91%e7%b4%94%e7%b1%b3%e5%90%9f%e9%86%b8-%e7%94%9f%e8%b2%af%e8%94%b5%e9%85%92-300ml%e7%93%b6%e8%a9%b0-%e3%80%90%e8%bc%b8%e5%87%ba/,200,【日本酒 白牡丹】純米吟醸 生貯蔵酒 300ml瓶詰【輸出専用】 - 白牡丹酒造,輸出専用商品 輸出専用商品,,,,,"""純米吟醸 生貯蔵酒"" ""白牡丹酒造"" 発売 OR 新発売 OR 受賞 OR リニューアル OR 限定",[],
白牡丹酒造,白牡丹,純米吟醸萌えいぶき,純米吟醸,萌えいぶき,60％,一般流通,,https://www.hakubotan.co.jp/products/%e3%80%90%e6%97%a5%e6%9c%ac%e9%85%92-%e7%99%bd%e7%89%a1%e4%b8%b9%e3%80%91%e7%b4%94%e7%b1%b3%e5%90%9f%e9%86%b8%e8%90%8c%e3%81%88%e3%81%84%e3%81%b6%e3%81%8d1-8%ef%bd%8c%e7%93%b6%e8%a9%b0/,200,【日本酒 白牡丹】純米吟醸萌えいぶき1.8Ｌ瓶詰 - 白牡丹酒造,広島県・ＪＡ・広島県酒造組合などが共同で10年の歳月をかけて開発した酒造好適米『萌えいぶき』を100％使用。米の特徴を活かした柔らかで豊かな味わいの純米吟醸酒。 広島県・ＪＡ・広島県酒造組合などが共同で10年の歳月をかけて開発した酒造好適米『萌えいぶき』を100％使用。米の特徴を活かした柔らかで豊かな味わいの純米吟醸酒。,,2026-05-29T02:54:28+00:00,ブランドストーリー 酒造りへの思い 商品紹介 蔵めぐり・見学 白牡丹に合う料理 会社案内 公式ネットショップ お問合せ 商品検索 ブランドストーリー 酒造りへの思い 商品紹介 蔵めぐり・見学 白牡丹に合う料理 会社案内 白牡丹 【日本酒 白牡丹】純米吟醸萌えいぶき1.8Ｌ瓶詰 常温便 広島県・ＪＡ・広島県酒造組合などが共同で10年の歳月をかけて開発した酒造好適米『萌えいぶき』を100％使用。,,"""純米吟醸萌えいぶき"" ""白牡丹酒造"" 発売 OR 新発売 OR 受賞 OR リニューアル OR 限定",[],
白牡丹酒造,白牡丹,純米大吟醸 令和一号酵母,純米大吟醸,山田錦,50％,一般流通,,https://www.hakubotan.co.jp/products/%e3%80%90%e6%97%a5%e6%9c%ac%e9%85%92-%e7%99%bd%e7%89%a1%e4%b8%b9%e3%80%91%e7%b4%94%e7%b1%b3%e5%a4%a7%e5%90%9f%e9%86%b8-%e4%bb%a4%e5%92%8c%e4%b8%80%e5%8f%b7%e9%85%b5%e6%af%8d-720ml%e7%93%b6%e8%a9%b0/,200,【日本酒 白牡丹】純米大吟醸 令和一号酵母 720ml瓶詰 - 白牡丹酒造,【日本酒 白牡丹】純米大吟醸 令和一号酵母 720ml瓶詰 ワイングラスでおいしい日本酒アワード２０２３ プレミアム大吟醸部門 金賞受賞酒 広島令和一号酵母で仕込んだ純米大吟醸。広島県が独自に開発した令和１号酵母の果実様の香りが特徴の純米大吟醸です。酒造好適米『山田錦』を５０%まで磨き、丁寧に洗米、厳格に限定吸水したお米をしっかりと蒸し上げ、麹造り・仕込みに用いました。自家製の白麹を一部使用することによる心地よい酸味が楽しめます。 このお酒は、ワイングラスで味わうことでさらに一層香りと味わいを楽しむことができます。お酒の本来の滑らかな味わいを感じることができるでしょう。 この純米大吟醸は、特別な宴会やお祝いの席、贈答品に最適です。豊かな香りと繊細な味わいを楽しむことができ、贈られた方に喜ばれること間違いなしです。 【日本酒 白牡丹】純米大吟醸 令和一号酵母 720ml瓶詰 ワイングラスでおいしい日本酒アワード２０２３ プレミアム大吟醸部門 金賞受賞酒 広島令和一号酵母で仕込んだ純米大吟醸。広島県が独自に開発した令和１号酵母の果実様の香りが特徴の純米大吟醸です。酒造好適米『山田錦』を５０%まで磨き、丁寧に洗米、厳格に限定吸水したお米をしっかりと蒸し上げ、麹造り・仕込みに用いました。自家製の白麹を一部使用することによる心地よい酸味が楽しめます。 このお酒は、ワイングラスで味わうことでさらに一層香りと味わいを楽しむことができます。お酒の本来の滑らかな味わいを感じることができるでしょう。 この純米大吟醸は、特別な宴会やお祝いの席、贈答品に最適です。豊かな香りと繊細な味わいを楽しむことができ、贈られた方に喜ばれること間違いなしです。,,2026-05-29T02:32:17+00:00,ブランドストーリー 酒造りへの思い 商品紹介 蔵めぐり・見学 白牡丹に合う料理 会社案内 公式ネットショップ お問合せ 商品検索 ブランドストーリー 酒造りへの思い 商品紹介 蔵めぐり・見学 白牡丹に合う料理 会社案内 白牡丹 【日本酒 白牡丹】純米大吟醸 令和一号酵母 720ml瓶詰 常温便 【日本酒 白牡丹】純米大吟醸 令和一号酵母 720ml瓶詰 ワイングラスでおいしい日本酒アワード２０２３～２５ ３年連続プレミアム大吟醸部門 金賞受賞酒 広島令和一号酵母で仕込んだ純米大吟醸。 | 広島県が独自に開発した令和１号酵母の果実様の香りが特徴の純米大吟醸です。 | 酒造好適米『山田錦』を５０%まで磨き、丁寧に洗米、厳格に限定吸水したお米をしっかりと蒸し上げ、麹造り・仕込みに用いました。,,"""純米大吟醸 令和一号酵母"" ""白牡丹酒造"" 発売 OR 新発売 OR 受賞 OR リニューアル OR 限定",[],
白牡丹酒造,白牡丹,純米大吟醸 原酒 万年蔵 杜氏 鹿島正,純米大吟醸,千本錦,38％,一般流通,,https://www.hakubotan.co.jp/products/%e3%80%90%e6%97%a5%e6%9c%ac%e9%85%92-%e7%99%bd%e7%89%a1%e4%b8%b9%e3%80%91%e7%b4%94%e7%b1%b3%e5%a4%a7%e5%90%9f%e9%86%b8-%e5%8e%9f%e9%85%92-%e4%b8%87%e5%b9%b4%e8%94%b5-%e6%9d%9c%e6%b0%8f-%e9%b9%bf/,200,【日本酒 白牡丹】純米大吟醸 原酒 万年蔵 杜氏 鹿島正1.8L瓶詰 - 白牡丹酒造,白牡丹酒造 万年蔵杜氏 鹿島正が『広島らしさ』にこだわり醸し出した極上の逸品です。広島独自の酒造好適米『千本錦』を自社精米所で３８％まで丁寧に精米したものを使用し、酵母にはフルーティーでさわやかな香りを生み出す『広島もみじ酵母』を使用しました。広島伝統の軟水醸造法により仕上げた、上品できめ細やかなお酒を食事とともにお楽しみ下さい。2020全国燗酒コンテスト 最高金賞受賞 白牡丹酒造 万年蔵杜氏 鹿島正が『広島らしさ』にこだわり醸し出した極上の逸品です。広島独自の酒造好適米『千本錦』を自社精米所で３８％まで丁寧に精米したものを使用し、酵母にはフルーティーでさわやかな香りを生み出す『広島もみじ酵母』を使用しました。広島伝統の軟水醸造法により仕上げた、上品できめ細やかなお酒を食事とともにお楽しみ下さい。2020全国燗酒コンテスト 最高金賞受賞,,2025-09-08T07:14:40+00:00,ブランドストーリー 酒造りへの思い 商品紹介 蔵めぐり・見学 白牡丹に合う料理 会社案内 公式ネットショップ お問合せ 商品検索 ブランドストーリー 酒造りへの思い 商品紹介 蔵めぐり・見学 白牡丹に合う料理 会社案内 白牡丹 【日本酒 白牡丹】純米大吟醸 原酒 万年蔵 杜氏 鹿島正1.8L瓶詰 常温便 白牡丹酒造 万年蔵杜氏 鹿島正が『広島らしさ』にこだわり醸し出した極上の逸品です。 | 広島独自の酒造好適米『千本錦』を自社精米所で３８％まで丁寧に精米したものを使用し、酵母にはフルーティーでさわやかな香りを生み出す『広島もみじ酵母』を使用しました。 | 広島伝統の軟水醸造法により仕上げた、上品できめ細やかなお酒を食事とともにお楽しみ下さい。,,"""純米大吟醸 原酒 万年蔵 杜氏 鹿島正"" ""白牡丹酒造"" 発売 OR 新発売 OR 受賞 OR リニューアル OR 限定",[],
白牡丹酒造,白牡丹,純米大吟醸 悠星(ゆうせい),純米大吟醸,八反35号,50％,一般流通,,https://www.hakubotan.co.jp/products/%e3%80%90%e6%97%a5%e6%9c%ac%e9%85%92-%e7%99%bd%e7%89%a1%e4%b8%b9%e3%80%91%e7%b4%94%e7%b1%b3%e5%a4%a7%e5%90%9f%e9%86%b8-%e6%82%a0%e6%98%9f%e3%82%86%e3%81%86%e3%81%9b%e3%81%84720ml%e7%93%b6%e8%a9%b0/,200,【日本酒 白牡丹】純米大吟醸 悠星(ゆうせい)720ml瓶詰 - 白牡丹酒造,【白牡丹】純米大吟醸 悠星は、広島の美しい自然と伝統を感じる一本です。 瀬戸内海の夜にきらめく星々をイメージした瓶で、厳島神社の大鳥居の装いが目を引きます。この商品は、広島ならではの米と酵母を使用し、広島杜氏の技術で仕込みました。 広島令和一号酵母の特徴であるジューシーなメロンの香りが広がります。そして、八反３５号由来のさっぱりとした口当たりとキレの良さが魅力です。飲み終わった後も香りの余韻が心地良く残ります。 その美味しさは、広島のお土産としてもおすすめの逸品です。大切な方への贈り物としても喜ばれること間違いありません。 日本酒が好きな方や、特別な日にピッタリです。また、和食や魚介料理との相性も抜群です。家族や友人との食事の場でも、この悠星を共有することで更なる絆が生まれることでしょう。 ぜひ、この白牡丹の純米大吟醸をお試しください。広島の風土や技術が生み出した、一杯の逸品に出会えることでしょう。 【白牡丹】純米大吟醸 悠星は、広島の美しい自然と伝統を感じる一本です。 瀬戸内海の夜にきらめく星々をイメージした瓶で、厳島神社の大鳥居の装いが目を引きます。この商品は、広島ならではの米と酵母を使用し、広島杜氏の技術で仕込みました。 広島令和一号酵母の特徴であるジューシーなメロンの香りが広がります。そして、八反３５号由来のさっぱりとした口当たりとキレの良さが魅力です。飲み終わった後も香りの余韻が心地良く残ります。 その美味しさは、広島のお土産としてもおすすめの逸品です。大切な方への贈り物としても喜ばれること間違いありません。 日本酒が好きな方や、特別な日にピッタリです。また、和食や魚介料理との相性も抜群です。家族や友人との食事の場でも、この悠星を共有することで更なる絆が生まれることでしょう。 ぜひ、この白牡丹の純米大吟醸をお試しください。広島の風土や技術が生み出した、一杯の逸品に出会えることでしょう。,,2026-05-29T02:31:22+00:00,この商品は、広島ならではの米と酵母を使用し、広島杜氏の技術で仕込みました。 | 広島令和一号酵母の特徴であるジューシーなメロンの香りが広がります。,,"""純米大吟醸 悠星(ゆうせい)"" ""白牡丹酒造"" 発売 OR 新発売 OR 受賞 OR リニューアル OR 限定",[],
白牡丹酒造,白牡丹,純米大吟醸 龍王井,純米大吟醸,中生新千本,48％,輸出・海外向け,,https://www.hakubotan.co.jp/products/%e3%80%90%e6%97%a5%e6%9c%ac%e9%85%92-%e7%99%bd%e7%89%a1%e4%b8%b9%e3%80%91%e9%be%8d%e7%8e%8b%e4%ba%95-300ml%e7%93%b6%e8%a9%b0%e3%80%90%e8%bc%b8%e5%87%ba/,200,【日本酒 白牡丹】純米大吟醸 龍王井 1.8L瓶詰【輸出専用】 - 白牡丹酒造,輸出専用商品 輸出専用商品,,,,,"""純米大吟醸 龍王井"" ""白牡丹酒造"" 発売 OR 新発売 OR 受賞 OR リニューアル OR 限定",[],
白牡丹酒造,白牡丹,純米生酒 氷華,純米,中生新千本,70％,季節商品,,https://www.hakubotan.co.jp/products/%e3%80%90%e5%87%8d%e7%b5%90%e7%94%9f%e9%85%92%e3%80%91%e3%80%90%e6%97%a5%e6%9c%ac%e9%85%92-%e7%99%bd%e7%89%a1%e4%b8%b9%e3%80%91%e7%b4%94%e7%b1%b3%e7%94%9f%e9%85%92%e3%80%80%e6%b0%b7%e8%8f%af300ml/,200,【凍結生酒】【日本酒 白牡丹】純米生酒 氷華 300ml瓶詰 - 白牡丹酒造,垂れ口から落ちてきたお酒を無濾過原酒のまま瓶詰め、急速凍結しました。非常にデリケートで蔵内でしか味わえなかったお酒を急速凍結することにより何時でもお楽しみ頂けます。口に含むとほのかなプチプチとしたガス感とフルーティーなしっかりとした甘みが口中に広がります。(株)テクニカン 液体急速凍結機 凍眠 により凍結しました。凍ったままのお酒をお届けします。冷凍便専用商品。他の商品との同梱はできません。流水などで解凍してからお飲みください。 垂れ口から落ちてきたお酒を無濾過原酒のまま瓶詰め、急速凍結しました。非常にデリケートで蔵内でしか味わえなかったお酒を急速凍結することにより何時でもお楽しみ頂けます。口に含むとほのかなプチプチとしたガス感とフルーティーなしっかりとした甘みが口中に広がります。(株)テクニカン 液体急速凍結機 凍眠 により凍結しました。凍ったままのお酒をお届けします。冷凍便専用商品。他の商品との同梱はできません。流水などで解凍してからお飲みください。,,2026-08-31T00:39:30+00:00,,,"""純米生酒 氷華"" ""白牡丹酒造"" 発売 OR 新発売 OR 受賞 OR リニューアル OR 限定",[],
白牡丹酒造,白牡丹,純米酒,純米,国産米,70％,一般流通,,https://www.hakubotan.co.jp/products/%e3%80%90%e6%97%a5%e6%9c%ac%e9%85%92-%e7%99%bd%e7%89%a1%e4%b8%b9%e3%80%91%e7%b4%94%e7%b1%b3%e9%85%92-1-8l%e7%93%b6%e8%a9%b0/,200,【日本酒 白牡丹】純米酒 1.8L瓶詰 - 白牡丹酒造,全国燗酒コンテスト2022 お値打ち燗酒部門金賞受賞酒造りは、古くから一麹・二もと・三造りと云われています。米麹の中に活きづいた麹の酵素を上手に働かせ、活かし込んだ純米酒です。麹が引き出した純米酒独特の深みのある味わいをお楽しみください。 全国燗酒コンテスト2022 お値打ち燗酒部門金賞受賞酒造りは、古くから一麹・二もと・三造りと云われています。米麹の中に活きづいた麹の酵素を上手に働かせ、活かし込んだ純米酒です。麹が引き出した純米酒独特の深みのある味わいをお楽しみください。,,2026-05-29T05:02:46+00:00,ブランドストーリー 酒造りへの思い 商品紹介 蔵めぐり・見学 白牡丹に合う料理 会社案内 公式ネットショップ お問合せ 商品検索 ブランドストーリー 酒造りへの思い 商品紹介 蔵めぐり・見学 白牡丹に合う料理 会社案内 白牡丹 【日本酒 白牡丹】純米酒 1.8L瓶詰 常温便 全国燗酒コンテスト2022 お値打ち燗酒部門金賞受賞 酒造りは、古くから一麹・二もと・三造りと云われています。,,"""純米酒"" ""白牡丹酒造"" 発売 OR 新発売 OR 受賞 OR リニューアル OR 限定",[],
白牡丹酒造,白牡丹,純米酒 山田錦 米だけの酒,純米,山田錦,75％,一般流通,,https://www.hakubotan.co.jp/products/%e3%80%90%e6%97%a5%e6%9c%ac%e9%85%92-%e7%99%bd%e7%89%a1%e4%b8%b9%e3%80%91%e7%b4%94%e7%b1%b3%e9%85%92%e3%80%80%e5%b1%b1%e7%94%b0%e9%8c%a6%e3%80%80%e7%b1%b3%e3%81%a0%e3%81%91%e3%81%ae%e9%85%92-900ml/,200,【日本酒 白牡丹】純米酒 山田錦 米だけの酒 900mlパック詰 - 白牡丹酒造,酒造好適米山田錦を麹米・掛米ともに全量使用して、酒都西条の名水で仕込んだ、米と水だけで醸し出したお酒。うまさがちがう米（山田錦）１００％のこだわり商品です。冷蔵庫で冷やしてお召し上がりいただきますと、旨さがより薫りたちます。また、お燗するときは、人肌燗にしていただきますときめ細やかな味わいが心地よく喉にしみわたります。 酒造好適米山田錦を麹米・掛米ともに全量使用して、酒都西条の名水で仕込んだ、米と水だけで醸し出したお酒。うまさがちがう米（山田錦）１００％のこだわり商品です。冷蔵庫で冷やしてお召し上がりいただきますと、旨さがより薫りたちます。また、お燗するときは、人肌燗にしていただきますときめ細やかな味わいが心地よく喉にしみわたります。,,2026-05-29T05:15:21+00:00,ブランドストーリー 酒造りへの思い 商品紹介 蔵めぐり・見学 白牡丹に合う料理 会社案内 公式ネットショップ お問合せ 商品検索 ブランドストーリー 酒造りへの思い 商品紹介 蔵めぐり・見学 白牡丹に合う料理 会社案内 白牡丹 【日本酒 白牡丹】純米酒 山田錦 米だけの酒 900mlパック詰 常温便 酒造好適米山田錦を麹米・掛米ともに全量使用して、酒都西条の名水で仕込んだ、米と水だけで醸し出したお酒。,,"""純米酒 山田錦 米だけの酒"" ""白牡丹酒造"" 発売 OR 新発売 OR 受賞 OR リニューアル OR 限定",[],
白牡丹酒造,白牡丹,華 純米吟醸,純米吟醸,国産米,60％,輸出・海外向け,,https://www.hakubotan.co.jp/products/%e3%80%90%e6%97%a5%e6%9c%ac%e9%85%92-%e7%99%bd%e7%89%a1%e4%b8%b9%e3%80%91%e8%8f%af%e3%80%80%e7%b4%94%e7%b1%b3%e5%90%9f%e9%86%b8%e3%80%80-300ml%e7%93%b6%e3%80%90%e8%bc%b8%e5%87%ba%e5%b0%82%e7%94%a8/,200,【日本酒 白牡丹】華 純米吟醸 720ml瓶【輸出専用】 - 白牡丹酒造,輸出専用商品 輸出専用商品,,2026-07-24T07:17:29+00:00,,,"""華 純米吟醸"" ""白牡丹酒造"" 発売 OR 新発売 OR 受賞 OR リニューアル OR 限定",[],
白牡丹酒造,白牡丹,超特撰,その他,国産米100％,60％,一般流通,,https://www.hakubotan.co.jp/products/%e3%80%90%e6%97%a5%e6%9c%ac%e9%85%92-%e7%99%bd%e7%89%a1%e4%b8%b9%e3%80%91%e8%b6%85%e7%89%b9%e6%92%b0-1-8l%e7%93%b6%e8%a9%b0-2%e6%9c%ac/,200,【日本酒 白牡丹】超特撰 1.8L瓶詰2本 - 白牡丹酒造,白牡丹の贈答向け商品として長年にわたり定番となっている商品きめ細やかなコクとすっきりとしたのどごしが好評です。 白牡丹の贈答向け商品として長年にわたり定番となっている商品きめ細やかなコクとすっきりとしたのどごしが好評です。,,2026-08-31T00:44:23+00:00,,,"""超特撰"" ""白牡丹酒造"" 発売 OR 新発売 OR 受賞 OR リニューアル OR 限定",[],
白牡丹酒造,白牡丹,超特撰 純金箔入,その他,国産米100％,60％,一般流通,,https://www.hakubotan.co.jp/products/%e3%80%90%e6%97%a5%e6%9c%ac%e9%85%92-%e7%99%bd%e7%89%a1%e4%b8%b9%e3%80%91%e8%b6%85%e7%89%b9%e6%92%b0%e3%80%80%e7%b4%94%e9%87%91%e7%ae%94%e5%85%a5-1-8l%e7%93%b6%e8%a9%b0/,200,【日本酒 白牡丹】超特撰 純金箔入 1.8L瓶詰 - 白牡丹酒造,白牡丹の贈答向け商品として長年にわたり定番となっている商品きめ細やかなコクとすっきりとしたのどごしが好評です。純金箔入り。 白牡丹の贈答向け商品として長年にわたり定番となっている商品きめ細やかなコクとすっきりとしたのどごしが好評です。純金箔入り。,,2026-08-31T00:43:42+00:00,,,"""超特撰 純金箔入"" ""白牡丹酒造"" 発売 OR 新発売 OR 受賞 OR リニューアル OR 限定",[],
白牡丹酒造,白牡丹,長期低温熟成 大吟醸 FLUSSO,大吟醸,山田錦,40％,輸出・海外向け,,https://www.hakubotan.co.jp/products/flusso/,200,【日本酒 白牡丹】長期低温熟成 大吟醸 FLUSSO - 白牡丹酒造,十年の歳月に宿る、極上の一献創業三百五十年の伝統が磨き上げた白牡丹史上の最高峰。その年に醸した大吟醸の中から、特に秀でたものだけを厳選し十年という歳月をかけ、静謐な低温の蔵で熟成させました。時間だけが与えることのできる、まろやかな深み芳醇でありながら気品ある円熟の味わいが静かに、幾重にも広がります。木と対峙する、研ぎ澄まされた美〈イワタ木工 フラワーベース‘’FLUSSO‘’〉イワタ木工の代表作「FLUSSO」を本品のためだけの特別仕様に「流れ」を意味するその名は 禅語「清流無間断」ー清らかな流れは絶えることなく続くーという日本の精神性と響き合い職人の手仕事が生み出す洗練されたフォルムが熟成の美を静かに映します。 十年の歳月に宿る、極上の一献創業三百五十年の伝統が磨き上げた白牡丹史上の最高峰。その年に醸した大吟醸の中から、特に秀でたものだけを厳選し十年という歳月をかけ、静謐な低温の蔵で熟成させました。時間だけが与えることのできる、まろやかな深み芳醇でありながら気品ある円熟の味わいが静かに、幾重にも広がります。木と対峙する、研ぎ澄まされた美〈イワタ木工 フラワーベース‘’FLUSSO‘’〉イワタ木工の代表作「FLUSSO」を本品のためだけの特別仕様に「流れ」を意味するその名は 禅語「清流無間断」ー清らかな流れは絶えることなく続くーという日本の精神性と響き合い職人の手仕事が生み出す洗練されたフォルムが熟成の美を静かに映します。,,2026-06-17T23:12:42+00:00,ブランドストーリー 酒造りへの思い 商品紹介 蔵めぐり・見学 白牡丹に合う料理 会社案内 公式ネットショップ お問合せ 商品検索 ブランドストーリー 酒造りへの思い 商品紹介 蔵めぐり・見学 白牡丹に合う料理 会社案内 白牡丹 【日本酒 白牡丹】長期低温熟成 大吟醸 FLUSSO 通常便 十年の歳月に宿る、極上の一献 創業三百五十年の伝統が磨き上げた白牡丹史上の最高峰。,,"""長期低温熟成 大吟醸 FLUSSO"" ""白牡丹酒造"" 発売 OR 新発売 OR 受賞 OR リニューアル OR 限定",[],
福美人酒造,福美人,上撰,普通酒・上撰,国産米,70%,一般流通,公式現行販売。蔵の特徴を感じる定番酒として案内,https://www.fukubijin.co.jp/SHOP/2212.html,200,"福美人 上撰 1,800ml 2本括り 福美人 恵比寿庫 えびすぐら 【 福美人酒造株式会社 】",ふくよかでやさしいお福人形をイメージさせる味わい,,,福美人酒造株式会社 [ フクビジン ] 全国の名杜氏を養成した蔵元より、高品質な日本酒をお届けします！ | 創業当初より、酒造りの技術力のたかさから、全国より酒造りを学びに来られたため、そう呼ばれるようになりました。 | 平成に入って、全国新酒鑑評会 金賞を７回受賞するなど、今なお高い評価を得ています。 | 高い醸造技術で極上の日本酒を醸す蔵元「福美人」より、おもわずひざ打つ感動の名酒をご提供しております。,,"""上撰"" ""福美人酒造"" 発売 OR 新発売 OR 受賞 OR リニューアル OR 限定",[],
福美人酒造,福美人,上撰 さけパック,普通酒・上撰,,70%,一般流通,,https://www.fukubijin.co.jp/SHOP/2268.html,200,"福美人 上撰 さけパック 2,000ml 福美人 恵比寿庫 えびすぐら 【 福美人酒造株式会社 】",蔵の特徴をもっとも感じる酒,,,福美人酒造株式会社 [ フクビジン ] 全国の名杜氏を養成した蔵元より、高品質な日本酒をお届けします！ | 創業当初より、酒造りの技術力のたかさから、全国より酒造りを学びに来られたため、そう呼ばれるようになりました。 | 平成に入って、全国新酒鑑評会 金賞を７回受賞するなど、今なお高い評価を得ています。 | 高い醸造技術で極上の日本酒を醸す蔵元「福美人」より、おもわずひざ打つ感動の名酒をご提供しております。,,"""上撰 さけパック"" ""福美人酒造"" 発売 OR 新発売 OR 受賞 OR リニューアル OR 限定",[],
福美人酒造,福美人,大吟醸,大吟醸,山田錦（兵庫県産１００）,40%,一般流通,,https://www.fukubijin.co.jp/SHOP/1157.html,200,福美人 大吟醸 300ml,酒の味がイメージをかき立てる、杜氏の想いつたわる大吟醸酒,,,福美人酒造株式会社 [ フクビジン ] 全国の名杜氏を養成した蔵元より、高品質な日本酒をお届けします！ | 創業当初より、酒造りの技術力のたかさから、全国より酒造りを学びに来られたため、そう呼ばれるようになりました。 | 平成に入って、全国新酒鑑評会 金賞を７回受賞するなど、今なお高い評価を得ています。 | 高い醸造技術で極上の日本酒を醸す蔵元「福美人」より、おもわずひざ打つ感動の名酒をご提供しております。,,"""大吟醸"" ""福美人酒造"" 発売 OR 新発売 OR 受賞 OR リニューアル OR 限定",[],
福美人酒造,福美人,大吟醸 蔵乃華 （ くらのはな ）,大吟醸,山田錦（兵庫県産100%）,40%,一般流通,,https://www.fukubijin.co.jp/SHOP/1020.html,200,福美人 大吟醸 蔵乃華 （ くらのはな ） 720ml [ 特製桐箱入 ],雫酒＆斗瓶取り 完璧なバランスに絶句,,,福美人酒造株式会社 [ フクビジン ] 全国の名杜氏を養成した蔵元より、高品質な日本酒をお届けします！ | 創業当初より、酒造りの技術力のたかさから、全国より酒造りを学びに来られたため、そう呼ばれるようになりました。 | 平成に入って、全国新酒鑑評会 金賞を７回受賞するなど、今なお高い評価を得ています。 | 高い醸造技術で極上の日本酒を醸す蔵元「福美人」より、おもわずひざ打つ感動の名酒をご提供しております。,,"""大吟醸 蔵乃華 （ くらのはな ）"" ""福美人酒造"" 発売 OR 新発売 OR 受賞 OR リニューアル OR 限定",[],
福美人酒造,福美人,大吟醸 西條酒造学校,大吟醸,山田錦（兵庫県産100%）,40%,一般流通,,https://www.fukubijin.co.jp/SHOP/1120.html,200,"福美人 大吟醸 西條酒造学校 1,800ml [ 化粧箱入 ]",酒の味がイメージをかき立てる、杜氏の想いつたわる大吟醸原酒,,,福美人酒造株式会社 [ フクビジン ] 全国の名杜氏を養成した蔵元より、高品質な日本酒をお届けします！ | 創業当初より、酒造りの技術力のたかさから、全国より酒造りを学びに来られたため、そう呼ばれるようになりました。 | 平成に入って、全国新酒鑑評会 金賞を７回受賞するなど、今なお高い評価を得ています。 | 高い醸造技術で極上の日本酒を醸す蔵元「福美人」より、おもわずひざ打つ感動の名酒をご提供しております。,,"""大吟醸 西條酒造学校"" ""福美人酒造"" 発売 OR 新発売 OR 受賞 OR リニューアル OR 限定",[],
福美人酒造,福美人,広島の酒,その他,,70%,一般流通,,https://www.fukubijin.co.jp/SHOP/3110.html,200,福美人 広島の酒 １.８Ｌ 福美人 恵比寿庫 えびすぐら 【 福美人酒造株式会社 】,蔵の特徴をもっとも感じる酒,,,福美人酒造株式会社 [ フクビジン ] 全国の名杜氏を養成した蔵元より、高品質な日本酒をお届けします！ | 創業当初より、酒造りの技術力のたかさから、全国より酒造りを学びに来られたため、そう呼ばれるようになりました。 | 平成に入って、全国新酒鑑評会 金賞を７回受賞するなど、今なお高い評価を得ています。 | 高い醸造技術で極上の日本酒を醸す蔵元「福美人」より、おもわずひざ打つ感動の名酒をご提供しております。,,"""広島の酒"" ""福美人酒造"" 発売 OR 新発売 OR 受賞 OR リニューアル OR 限定",[],
福美人酒造,福美人,本醸造 舞,本醸造,,60%,一般流通,,https://www.fukubijin.co.jp/SHOP/3010.html,200,"福美人 本醸造 舞 1,800ml 福美人 恵比寿庫 えびすぐら 【 福美人酒造株式会社 】",理想の晩酌酒を追い求めたのがこの酒,,,福美人酒造株式会社 [ フクビジン ] 全国の名杜氏を養成した蔵元より、高品質な日本酒をお届けします！ | 創業当初より、酒造りの技術力のたかさから、全国より酒造りを学びに来られたため、そう呼ばれるようになりました。 | 平成に入って、全国新酒鑑評会 金賞を７回受賞するなど、今なお高い評価を得ています。 | 高い醸造技術で極上の日本酒を醸す蔵元「福美人」より、おもわずひざ打つ感動の名酒をご提供しております。,,"""本醸造 舞"" ""福美人酒造"" 発売 OR 新発売 OR 受賞 OR リニューアル OR 限定",[],
福美人酒造,福美人,樽酒,その他,,70%,一般流通,,https://www.fukubijin.co.jp/SHOP/3220.html,200,祝いの席におきたい樽酒 １８Ｌ 福美人 恵比寿庫 えびすぐら 【 福美人酒造株式会社 】,祝いの席におきたい樽酒,,,福美人酒造株式会社 [ フクビジン ] 全国の名杜氏を養成した蔵元より、高品質な日本酒をお届けします！ | 創業当初より、酒造りの技術力のたかさから、全国より酒造りを学びに来られたため、そう呼ばれるようになりました。 | 平成に入って、全国新酒鑑評会 金賞を７回受賞するなど、今なお高い評価を得ています。 | 高い醸造技術で極上の日本酒を醸す蔵元「福美人」より、おもわずひざ打つ感動の名酒をご提供しております。,,"""樽酒"" ""福美人酒造"" 発売 OR 新発売 OR 受賞 OR リニューアル OR 限定",[],
福美人酒造,福美人,特別純米酒「ひめあま」,特別純米,国産米,60%,一般流通,,https://www.fukubijin.co.jp/SHOP/2080.html,200,福美人 特別純米酒「ひめあま」 720ml 【あまくちの純米】,甘口で「スッ」と入ってくる驚きの喉ごし。,,,福美人酒造株式会社 [ フクビジン ] 全国の名杜氏を養成した蔵元より、高品質な日本酒をお届けします！ | 創業当初より、酒造りの技術力のたかさから、全国より酒造りを学びに来られたため、そう呼ばれるようになりました。 | 平成に入って、全国新酒鑑評会 金賞を７回受賞するなど、今なお高い評価を得ています。 | 高い醸造技術で極上の日本酒を醸す蔵元「福美人」より、おもわずひざ打つ感動の名酒をご提供しております。,,"""特別純米酒「ひめあま」"" ""福美人酒造"" 発売 OR 新発売 OR 受賞 OR リニューアル OR 限定",[],
福美人酒造,福美人,純米吟醸,純米吟醸,国産米,60%,一般流通,,https://www.fukubijin.co.jp/SHOP/1221.html,200,福美人 純米吟醸 720ml 福美人 恵比寿庫 えびすぐら 【 福美人酒造株式会社 】,食中酒にすすめ！ どっしり純米,,,福美人酒造株式会社 [ フクビジン ] 全国の名杜氏を養成した蔵元より、高品質な日本酒をお届けします！ | 創業当初より、酒造りの技術力のたかさから、全国より酒造りを学びに来られたため、そう呼ばれるようになりました。 | 平成に入って、全国新酒鑑評会 金賞を７回受賞するなど、今なお高い評価を得ています。 | 高い醸造技術で極上の日本酒を醸す蔵元「福美人」より、おもわずひざ打つ感動の名酒をご提供しております。,,"""純米吟醸"" ""福美人酒造"" 発売 OR 新発売 OR 受賞 OR リニューアル OR 限定",[],
福美人酒造,福美人,純米酒,純米,国産米,60%,一般流通,,https://www.fukubijin.co.jp/SHOP/2020.html,200,"福美人 純米酒 1,800ml 福美人 恵比寿庫 えびすぐら 【 福美人酒造株式会社 】",「 凜とした日本酒の旨み 」感じる地酒との出会い,,,福美人酒造株式会社 [ フクビジン ] 全国の名杜氏を養成した蔵元より、高品質な日本酒をお届けします！ | 創業当初より、酒造りの技術力のたかさから、全国より酒造りを学びに来られたため、そう呼ばれるようになりました。 | 平成に入って、全国新酒鑑評会 金賞を７回受賞するなど、今なお高い評価を得ています。 | 高い醸造技術で極上の日本酒を醸す蔵元「福美人」より、おもわずひざ打つ感動の名酒をご提供しております。,,"""純米酒"" ""福美人酒造"" 発売 OR 新発売 OR 受賞 OR リニューアル OR 限定",[],
福美人酒造,福美人,純金箔入り,その他,,70%,一般流通,,https://www.fukubijin.co.jp/SHOP/3818.html,200,福美人 長期貯蔵 熟成酒 720ml,搾りたての濃厚にして芳醇な旨み,,,福美人酒造株式会社 [ フクビジン ] 全国の名杜氏を養成した蔵元より、高品質な日本酒をお届けします！ | 創業当初より、酒造りの技術力のたかさから、全国より酒造りを学びに来られたため、そう呼ばれるようになりました。 | 平成に入って、全国新酒鑑評会 金賞を７回受賞するなど、今なお高い評価を得ています。 | 高い醸造技術で極上の日本酒を醸す蔵元「福美人」より、おもわずひざ打つ感動の名酒をご提供しております。,,"""純金箔入り"" ""福美人酒造"" 発売 OR 新発売 OR 受賞 OR リニューアル OR 限定",[],
福美人酒造,福美人,蔵内限定 甘い口どけ豊醇原酒,その他,,70%,限定流通,,https://www.fukubijin.co.jp/SHOP/2203.html,200,福美人 蔵内限定 甘いくちどけ 豊醇原酒 720ml,ワインをおもわせるような甘いくちどけ,,,福美人酒造株式会社 [ フクビジン ] 全国の名杜氏を養成した蔵元より、高品質な日本酒をお届けします！ | 創業当初より、酒造りの技術力のたかさから、全国より酒造りを学びに来られたため、そう呼ばれるようになりました。 | 平成に入って、全国新酒鑑評会 金賞を７回受賞するなど、今なお高い評価を得ています。 | 高い醸造技術で極上の日本酒を醸す蔵元「福美人」より、おもわずひざ打つ感動の名酒をご提供しております。,,"""蔵内限定 甘い口どけ豊醇原酒"" ""福美人酒造"" 発売 OR 新発売 OR 受賞 OR リニューアル OR 限定",[],
西條鶴醸造,西條鶴,吟醸酒「ゴールド西條鶴」,吟醸,,,一般流通,,https://saijotsuru.co.jp/?pid=157617449,200,吟醸酒「ゴールド西條鶴」,モンドセレクション連続金賞!! とーっても飲みやすくてクセのないスッキリとしたお酒です。,,,,,"""吟醸酒「ゴールド西條鶴」"" ""西條鶴醸造"" 発売 OR 新発売 OR 受賞 OR リニューアル OR 限定",[],
西條鶴醸造,西條鶴,広島流辛口吟醸 吟醸生酒,吟醸,,,季節商品,,https://saijotsuru.co.jp/?pid=178569049,200,広島流辛口吟醸 吟醸生酒,東広島造賀産酒米を100％使用!!さわやかな香りとキレの良い酸が調和した 旨味の芳醇辛口です!!,,,,,"""広島流辛口吟醸 吟醸生酒"" ""西條鶴醸造"" 発売 OR 新発売 OR 受賞 OR リニューアル OR 限定",[],
西條鶴醸造,西條鶴,新・生酛純米原酒「Natural」,純米,,,一般流通,,https://saijotsuru.co.jp/?pid=168115135,200,【純米原酒プレミアム13】新・生酛純米原酒「Natural」,2022年『純米原酒プレミアム13・Natural』は広島工業大学様と熊本県酒造研究所（香露）様が共同研究され生まれた熊本酵母を使い小さな仕込みで新しい生酛造りにチャレンジ。生酛・熊本酵母の力強さ＋熊本酵母の『和』を感じる爽やかで上品な香り、深みある味わいと乳酸菌のナチュラルでキレのある酸が食事に寄り添います。飲み飽きせず、ゆっくり飲み続けられる純米原酒13に仕上がりました。Only Oneの希有な西條鶴を楽しみください。,,,,,"""新・生酛純米原酒「Natural」"" ""西條鶴醸造"" 発売 OR 新発売 OR 受賞 OR リニューアル OR 限定",[],
西條鶴醸造,西條鶴,純米『愛山』70,純米,,,限定流通,,https://saijotsuru.co.jp/?pid=191215726,200,純米『愛山』70,"酒米のダイヤモンド""愛山（あいやま）""で醸す特別限定品。愛山の優しい旨味とキレが楽しめる純米酒です。",,,,,"""純米『愛山』70"" ""西條鶴醸造"" 発売 OR 新発売 OR 受賞 OR リニューアル OR 限定",[],
西條鶴醸造,西條鶴,純米にごり酒（微発泡タイプ生酒）,純米,,,季節商品,,https://saijotsuru.co.jp/?pid=155394785,200,【季節限定酒】純米にごり酒（微発泡タイプ生酒）,シュワっと口の中に広がる微発泡な爽やかなのどごし。何とも言えない自然なガスに思わず『おいしい!!･･･』 ほんのりスパークリングなお酒です。,,,"この商品（【季節限定酒】純米にごり酒（微発泡タイプ生酒））は20歳未満の方には販売できません。 | [ はい ] [ いいえ ] Copyright © Saijotsuru Sake Brewing Co., Ltd. All rights reserved. こちらの商品が カートに入りました 【季節限定酒】純米にごり酒（微発泡タイプ生酒） かごの中身を見る または、今すぐ購入 ショッピングを続ける ショッピングを続ける Amazon Payで決済中です。",,"""純米にごり酒（微発泡タイプ生酒）"" ""西條鶴醸造"" 発売 OR 新発売 OR 受賞 OR リニューアル OR 限定",[],
西條鶴醸造,西條鶴,純米吟醸「大地の冠」,純米吟醸,,,一般流通,,https://saijotsuru.co.jp/?pid=157617368,200,純米吟醸「大地の冠」,酸味と辛さがやわらかく、とても上品な深みのあるスッキリしたお酒です。,,,,,"""純米吟醸「大地の冠」"" ""西條鶴醸造"" 発売 OR 新発売 OR 受賞 OR リニューアル OR 限定",[],
西條鶴醸造,西條鶴,純米吟醸「雄町・秋あがり」,純米吟醸,,,一般流通,,https://saijotsuru.co.jp/?pid=154356132,200,【数量限定】純米吟醸「雄町・秋あがり」,最高の酒米『赤磐雄町米』の味わい深さをお楽しみください!!全量、雄町米の優良産地である岡山県赤磐市赤坂地区の『赤坂特産雄町米研究会』の生産者の皆様が育んだ最高の酒米・赤磐雄町米を雄町米に惚れ込んだ宮地杜氏の広島流の技で醸しました。ぜひ、秋の美味しい食材と一緒にお楽しみください。,,,"この商品（【数量限定】純米吟醸「雄町・秋あがり」）は20歳未満の方には販売できません。 | [ はい ] [ いいえ ] Copyright © Saijotsuru Sake Brewing Co., Ltd. All rights reserved. こちらの商品が カートに入りました 【数量限定】純米吟醸「雄町・秋あがり」 かごの中身を見る または、今すぐ購入 ショッピングを続ける ショッピングを続ける Amazon Payで決済中です。",,"""純米吟醸「雄町・秋あがり」"" ""西條鶴醸造"" 発売 OR 新発売 OR 受賞 OR リニューアル OR 限定",[],
西條鶴醸造,西條鶴,純米大吟醸「西鶴」,純米大吟醸,,,一般流通,,https://saijotsuru.co.jp/?pid=157617273,200,純米大吟醸「西鶴」,広島流辛口純米大吟醸。 ブドウを想わせる華やかな、キリッとした酸味の中にちょっとした辛さがクセなりそう!?,,,,,"""純米大吟醸「西鶴」"" ""西條鶴醸造"" 発売 OR 新発売 OR 受賞 OR リニューアル OR 限定",[],
西條鶴醸造,西條鶴,純米大吟醸原酒「神髄」,純米大吟醸,,,一般流通,,https://saijotsuru.co.jp/?pid=180817561,200,純米大吟醸原酒「神髄」180ml,ご好評いただいております『純米大吟醸原酒『神髄』に酒蔵限定販売で500mlが加わりました。西條鶴のすべてを凝縮した一本、純米大吟醸原酒『神髄』。東広島・造賀産山田錦を中心とした広島県産米を贅沢に磨き、宮地杜氏の技を駆史し、 寒中に手造りで醸され香り、旨味、酸味が調和し一杯で日本酒の醍醐味を味わえる逸品です。華やかな上立ち香と口に含んだときのきれいな果物のような甘味、飲み込んだ後口は、きれいに切れていきながらも長く続く余韻、西條鶴のフラッグシップ、広島を代表する純米大吟醸原酒。,,,,,"""純米大吟醸原酒「神髄」"" ""西條鶴醸造"" 発売 OR 新発売 OR 受賞 OR リニューアル OR 限定",[],
西條鶴醸造,西條鶴,純米大吟醸原酒「飛天空」,純米大吟醸,,,一般流通,,https://saijotsuru.co.jp/?pid=154356442,200,純米大吟醸原酒「飛天空」,「西條鶴」最高位の純米大吟醸。 毎年1本のみ仕込を行う全国新酒鑑評会に出品する純米大吟醸原酒の貴重な「中汲み雫酒」。杜氏渾身の逸品。,,,,,"""純米大吟醸原酒「飛天空」"" ""西條鶴醸造"" 発売 OR 新発売 OR 受賞 OR リニューアル OR 限定",[],
西條鶴醸造,西條鶴,純米生原酒,純米,,,一般流通,,https://saijotsuru.co.jp/?pid=154356753,200,純米生原酒,しぼった後に水も加えず火入れをしないでそのまま瓶詰め… みずみずしい香り、さわやかな味のふくらみがgood!!スッキリ甘みなお酒です。,,,,,"""純米生原酒"" ""西條鶴醸造"" 発売 OR 新発売 OR 受賞 OR リニューアル OR 限定",[],
西條鶴醸造,西條鶴,純米酒「大地の風」,純米,,,一般流通,,https://saijotsuru.co.jp/?pid=157617524,200,純米酒「大地の風」,香りが柔らかで、キリッとした酸味が広がる口当たり。辛さもしっかりしていてスッキリ。 夏は冷やで、冬は熱燗で楽しめます。,,,,,"""純米酒「大地の風」"" ""西條鶴醸造"" 発売 OR 新発売 OR 受賞 OR リニューアル OR 限定",[],
西條鶴醸造,西條鶴,辛口純米酒『きんさいや』,純米,,,一般流通,,https://saijotsuru.co.jp/?pid=189850838,200,辛口純米酒『きんさいや』,『きんさいや』とは広島弁で『いらっしゃい』という意味です。広島のそれぞれの地域料理と楽しんでいただけるお酒を目指し、仕上げました。,,,,,"""辛口純米酒『きんさいや』"" ""西條鶴醸造"" 発売 OR 新発売 OR 受賞 OR リニューアル OR 限定",[],
西條鶴醸造,西條鶴,酒蔵限定酒・杜氏入魂無濾過純米生酒,純米,,,限定流通,,https://saijotsuru.co.jp/?pid=154356283,200,酒蔵限定酒・杜氏入魂無濾過純米生酒,すっぴんなお酒!! 辛口なのに深みのある味わいが口の中にグッとくる!!,,,"この商品（酒蔵限定酒・杜氏入魂無濾過純米生酒）は20歳未満の方には販売できません。 | [ はい ] [ いいえ ] Copyright © Saijotsuru Sake Brewing Co., Ltd. All rights reserved. こちらの商品が カートに入りました 酒蔵限定酒・杜氏入魂無濾過純米生酒 かごの中身を見る または、今すぐ購入 ショッピングを続ける ショッピングを続ける Amazon Payで決済中です。",,"""酒蔵限定酒・杜氏入魂無濾過純米生酒"" ""西條鶴醸造"" 発売 OR 新発売 OR 受賞 OR リニューアル OR 限定",[],
西條鶴醸造,西條鶴,酒蔵限定酒・無濾過純米吟醸生酒,純米吟醸,,,限定流通,,https://saijotsuru.co.jp/?pid=154356266,200,酒蔵限定酒・無濾過純米吟醸生酒,すっぴんなお酒!! 甘味と酸味のバランスが絶妙!! これ白ワイン!?って思ってしまうようなお酒です。,,,"この商品（酒蔵限定酒・無濾過純米吟醸生酒）は20歳未満の方には販売できません。 | [ はい ] [ いいえ ] Copyright © Saijotsuru Sake Brewing Co., Ltd. All rights reserved. こちらの商品が カートに入りました 酒蔵限定酒・無濾過純米吟醸生酒 かごの中身を見る または、今すぐ購入 ショッピングを続ける ショッピングを続ける Amazon Payで決済中です。",,"""酒蔵限定酒・無濾過純米吟醸生酒"" ""西條鶴醸造"" 発売 OR 新発売 OR 受賞 OR リニューアル OR 限定",[],
西條鶴醸造,西條鶴,酒蔵限定酒・無濾過純米生酒,純米,,,限定流通,,https://saijotsuru.co.jp/?pid=154356253,200,酒蔵限定酒・無濾過純米生酒,すっぴんなお酒!! しぼったそのままの甘味!! 白ワインのようなお酒です。,,,"この商品（酒蔵限定酒・無濾過純米生酒）は20歳未満の方には販売できません。 | [ はい ] [ いいえ ] Copyright © Saijotsuru Sake Brewing Co., Ltd. All rights reserved. こちらの商品が カートに入りました 酒蔵限定酒・無濾過純米生酒 かごの中身を見る または、今すぐ購入 ショッピングを続ける ショッピングを続ける Amazon Payで決済中です。",,"""酒蔵限定酒・無濾過純米生酒"" ""西條鶴醸造"" 発売 OR 新発売 OR 受賞 OR リニューアル OR 限定",[],
西條鶴醸造,西條鶴,酒蔵限定酒・純米吟醸「備前雄町」,純米吟醸,,,限定流通,,https://saijotsuru.co.jp/?pid=154356303,200,酒蔵限定酒・純米吟醸「備前雄町」,果物を想わせる茶話やかな香りのフルーティーなお酒,,,"この商品（酒蔵限定酒・純米吟醸「備前雄町」）は20歳未満の方には販売できません。 | [ はい ] [ いいえ ] Copyright © Saijotsuru Sake Brewing Co., Ltd. All rights reserved. こちらの商品が カートに入りました 酒蔵限定酒・純米吟醸「備前雄町」 かごの中身を見る または、今すぐ購入 ショッピングを続ける ショッピングを続ける Amazon Payで決済中です。",,"""酒蔵限定酒・純米吟醸「備前雄町」"" ""西條鶴醸造"" 発売 OR 新発売 OR 受賞 OR リニューアル OR 限定",[],
西條鶴醸造,西條鶴,酒蔵限定酒・純米大吟醸原酒,純米大吟醸,,,限定流通,,https://saijotsuru.co.jp/?pid=154356394,200,酒蔵限定酒・純米大吟醸原酒,辛口なのに爽やかな酸が広がり、上品な甘さを感じられるチャーミングなお酒,,,"この商品（酒蔵限定酒・純米大吟醸原酒）は20歳未満の方には販売できません。 | [ はい ] [ いいえ ] Copyright © Saijotsuru Sake Brewing Co., Ltd. All rights reserved. こちらの商品が カートに入りました 酒蔵限定酒・純米大吟醸原酒 かごの中身を見る または、今すぐ購入 ショッピングを続ける ショッピングを続ける Amazon Payで決済中です。",,"""酒蔵限定酒・純米大吟醸原酒"" ""西條鶴醸造"" 発売 OR 新発売 OR 受賞 OR リニューアル OR 限定",[],
賀茂泉酒造,COKUN,COKUN,その他,,,一般流通,,https://www.kamoizumi.co.jp/sake/index.php,200,酒｜東広島市 西条 こだわりの純米酒 賀茂泉酒造,東広島市西条 こだわりの純米酒 賀茂泉酒造 東広島市西条 こだわりの純米酒 賀茂泉酒造,,,HOME > 酒 酒 カテゴリー： 純米大吟醸 純米吟醸酒 純米酒 梅酒・低アルコール酒 純米大吟醸 「壽」 純米大吟醸 賀茂泉の醸造技術の極み。 | 最上級の酒造好適米を限界まで精米し、低温でゆっくりと発酵させ、全く圧力をかけず搾った、杜氏の経験と技の結晶です。 | 使用米：山田錦100%(広島県東広島市造賀地区産米100%) 精米歩合：40% アルコ―ル度数：16度 オンラインショップ 「延寿」 純米大吟醸 清らかな酒都・西条の伏流水と広島杜氏伝承の技で醸した純米大吟醸酒です。 | 使用米：広島県産山田錦100% 精米歩合：50% アルコール度数：16度 オンラインショップ 純米吟醸酒 「朱泉本仕込」 純米吟醸 賀茂泉を代表するお酒が朱泉本仕込です。,,"""COKUN"" ""賀茂泉酒造"" 発売 OR 新発売 OR 受賞 OR リニューアル OR 限定",[],
賀茂泉酒造,賀茂泉,NAO,その他,国産米100%,,一般流通,公式オンラインショップで販売確認,https://online.kamoizumi.com/?pid=151187707,200,NAO500ml - 本仕込賀茂泉 オンラインショップ,本仕込賀茂泉の直営オンラインショップ,,,"度数8度の甘酸っぱいお酒は天然の発色酵母により綺麗なピンク色をしています。 | 3,960円(税込) 青泉 本仕込 生酒 720ml フレッシュ弾ける、みずみずしさ全開の純米生酒です。 | 1,815円(税込) 青泉 本仕込 生酒 300ml フレッシュ弾ける、みずみずしさ全開の純米生酒です。",,"""NAO"" ""賀茂泉酒造"" 発売 OR 新発売 OR 受賞 OR リニューアル OR 限定",[],
賀茂泉酒造,ROCK HOPPER,Rock Hopper Moon Walk,その他,,,一般流通,公式オンラインショップで販売確認,https://online.kamoizumi.com/?pid=193198460,200,Rock Hopper Moon Walk 720ml,本仕込賀茂泉の直営オンラインショップ,,,,,"""Rock Hopper Moon Walk"" ""賀茂泉酒造"" 発売 OR 新発売 OR 受賞 OR リニューアル OR 限定",[],
賀茂泉酒造,賀茂泉,山吹色の酒,純米吟醸,広島八反・新千本,60%,一般流通,公式オンラインショップで販売確認,https://www.kamoizumi.co.jp/sake/index.php,200,酒｜東広島市 西条 こだわりの純米酒 賀茂泉酒造,東広島市西条 こだわりの純米酒 賀茂泉酒造 東広島市西条 こだわりの純米酒 賀茂泉酒造,,,HOME > 酒 酒 カテゴリー： 純米大吟醸 純米吟醸酒 純米酒 梅酒・低アルコール酒 純米大吟醸 「壽」 純米大吟醸 賀茂泉の醸造技術の極み。 | 最上級の酒造好適米を限界まで精米し、低温でゆっくりと発酵させ、全く圧力をかけず搾った、杜氏の経験と技の結晶です。 | 使用米：山田錦100%(広島県東広島市造賀地区産米100%) 精米歩合：40% アルコ―ル度数：16度 オンラインショップ 「延寿」 純米大吟醸 清らかな酒都・西条の伏流水と広島杜氏伝承の技で醸した純米大吟醸酒です。 | 使用米：広島県産山田錦100% 精米歩合：50% アルコール度数：16度 オンラインショップ 純米吟醸酒 「朱泉本仕込」 純米吟醸 賀茂泉を代表するお酒が朱泉本仕込です。,,"""山吹色の酒"" ""賀茂泉酒造"" 発売 OR 新発売 OR 受賞 OR リニューアル OR 限定",[],
賀茂泉酒造,賀茂泉,延寿,純米大吟醸,広島県産山田錦100%,50%,一般流通,公式オンラインショップで販売確認,https://www.kamoizumi.co.jp/sake/index.php,200,酒｜東広島市 西条 こだわりの純米酒 賀茂泉酒造,東広島市西条 こだわりの純米酒 賀茂泉酒造 東広島市西条 こだわりの純米酒 賀茂泉酒造,,,HOME > 酒 酒 カテゴリー： 純米大吟醸 純米吟醸酒 純米酒 梅酒・低アルコール酒 純米大吟醸 「壽」 純米大吟醸 賀茂泉の醸造技術の極み。 | 最上級の酒造好適米を限界まで精米し、低温でゆっくりと発酵させ、全く圧力をかけず搾った、杜氏の経験と技の結晶です。 | 使用米：山田錦100%(広島県東広島市造賀地区産米100%) 精米歩合：40% アルコ―ル度数：16度 オンラインショップ 「延寿」 純米大吟醸 清らかな酒都・西条の伏流水と広島杜氏伝承の技で醸した純米大吟醸酒です。 | 使用米：広島県産山田錦100% 精米歩合：50% アルコール度数：16度 オンラインショップ 純米吟醸酒 「朱泉本仕込」 純米吟醸 賀茂泉を代表するお酒が朱泉本仕込です。,,"""延寿"" ""賀茂泉酒造"" 発売 OR 新発売 OR 受賞 OR リニューアル OR 限定",[],
賀茂泉酒造,賀茂泉,朱泉普通酒,普通酒・上撰,広島八反・酒造用米(国産米100%),75%,一般流通,公式オンラインショップで販売確認,https://online.kamoizumi.com/?pid=188378827,200,*朱泉普通酒1800ml - 本仕込賀茂泉 オンラインショップ,本仕込賀茂泉の直営オンラインショップ,,,"スローフードジャパン燗酒コンテスト2012「お値打ちぬる燗」部門にて金賞を受賞しました！ | 使用米：広島八反・酒造用米(国産米100%) alc度数：15度 辛口 精米歩合：75% アルコール度数：15.0〜15.9度 日本酒度：+1.5 酸度：1.4 使用酵母：協会701号 やや辛口 購入数 本 カートに入れる 返品について | 特定商取引法に基づく表記 おすすめ商品 Rock Hopper Moon Walk 720ml イワトビペンギンが目印のひやおろし原酒です。 | 3,960円(税込) 青泉 本仕込 生酒 720ml フレッシュ弾ける、みずみずしさ全開の純米生酒です。 | 1,815円(税込) 青泉 本仕込 生酒 300ml フレッシュ弾ける、みずみずしさ全開の純米生酒です。",,"""朱泉普通酒"" ""賀茂泉酒造"" 発売 OR 新発売 OR 受賞 OR リニューアル OR 限定",[],
賀茂泉酒造,賀茂泉,朱泉本仕込,純米吟醸,広島八反・中生新千本,60%,一般流通,公式オンラインショップで販売確認,https://www.kamoizumi.co.jp/sake/index.php,200,酒｜東広島市 西条 こだわりの純米酒 賀茂泉酒造,東広島市西条 こだわりの純米酒 賀茂泉酒造 東広島市西条 こだわりの純米酒 賀茂泉酒造,,,HOME > 酒 酒 カテゴリー： 純米大吟醸 純米吟醸酒 純米酒 梅酒・低アルコール酒 純米大吟醸 「壽」 純米大吟醸 賀茂泉の醸造技術の極み。 | 最上級の酒造好適米を限界まで精米し、低温でゆっくりと発酵させ、全く圧力をかけず搾った、杜氏の経験と技の結晶です。 | 使用米：山田錦100%(広島県東広島市造賀地区産米100%) 精米歩合：40% アルコ―ル度数：16度 オンラインショップ 「延寿」 純米大吟醸 清らかな酒都・西条の伏流水と広島杜氏伝承の技で醸した純米大吟醸酒です。 | 使用米：広島県産山田錦100% 精米歩合：50% アルコール度数：16度 オンラインショップ 純米吟醸酒 「朱泉本仕込」 純米吟醸 賀茂泉を代表するお酒が朱泉本仕込です。,,"""朱泉本仕込"" ""賀茂泉酒造"" 発売 OR 新発売 OR 受賞 OR リニューアル OR 限定",[],
賀茂泉酒造,賀茂泉,次郎丸井水,その他,,,一般流通,公式オンラインショップで販売確認,https://online.kamoizumi.com/?pid=188379071,200,*次郎丸井水720ml - 本仕込賀茂泉 オンラインショップ,本仕込賀茂泉の直営オンラインショップ,,,"全国燗酒コンテスト2018年お値打ち熱燗部門金賞受賞酒 購入数 本 カートに入れる 返品について | 特定商取引法に基づく表記 おすすめ商品 Rock Hopper Moon Walk 720ml イワトビペンギンが目印のひやおろし原酒です。 | 3,960円(税込) 青泉 本仕込 生酒 720ml フレッシュ弾ける、みずみずしさ全開の純米生酒です。 | 1,815円(税込) 青泉 本仕込 生酒 300ml フレッシュ弾ける、みずみずしさ全開の純米生酒です。",,"""次郎丸井水"" ""賀茂泉酒造"" 発売 OR 新発売 OR 受賞 OR リニューアル OR 限定",[],
賀茂泉酒造,賀茂泉,皇寿,純米大吟醸,東広島市造賀地区産山田錦100%,40%,一般流通,公式オンラインショップで販売確認,https://www.kamoizumi.co.jp/sake/index.php,200,酒｜東広島市 西条 こだわりの純米酒 賀茂泉酒造,東広島市西条 こだわりの純米酒 賀茂泉酒造 東広島市西条 こだわりの純米酒 賀茂泉酒造,,,HOME > 酒 酒 カテゴリー： 純米大吟醸 純米吟醸酒 純米酒 梅酒・低アルコール酒 純米大吟醸 「壽」 純米大吟醸 賀茂泉の醸造技術の極み。 | 最上級の酒造好適米を限界まで精米し、低温でゆっくりと発酵させ、全く圧力をかけず搾った、杜氏の経験と技の結晶です。 | 使用米：山田錦100%(広島県東広島市造賀地区産米100%) 精米歩合：40% アルコ―ル度数：16度 オンラインショップ 「延寿」 純米大吟醸 清らかな酒都・西条の伏流水と広島杜氏伝承の技で醸した純米大吟醸酒です。 | 使用米：広島県産山田錦100% 精米歩合：50% アルコール度数：16度 オンラインショップ 純米吟醸酒 「朱泉本仕込」 純米吟醸 賀茂泉を代表するお酒が朱泉本仕込です。,,"""皇寿"" ""賀茂泉酒造"" 発売 OR 新発売 OR 受賞 OR リニューアル OR 限定",[],
賀茂泉酒造,賀茂泉,純米及川,純米,国産米100%,,一般流通,公式オンラインショップで販売確認,https://online.kamoizumi.com/?pid=151187597,200,純米及川720ml - 本仕込賀茂泉 オンラインショップ,本仕込賀茂泉の直営オンラインショップ,,,"3,960円(税込) 青泉 本仕込 生酒 720ml フレッシュ弾ける、みずみずしさ全開の純米生酒です。 | 1,815円(税込) 青泉 本仕込 生酒 300ml フレッシュ弾ける、みずみずしさ全開の純米生酒です。",,"""純米及川"" ""賀茂泉酒造"" 発売 OR 新発売 OR 受賞 OR リニューアル OR 限定",[],
賀茂泉酒造,賀茂泉,純米吟醸「古酒」,純米吟醸,広島八反・新千本（国産米100%）,60%,一般流通,公式オンラインショップで販売確認,https://online.kamoizumi.com/?pid=188373081,200,*純米吟醸「古酒」 720ml - 本仕込賀茂泉 オンラインショップ,本仕込賀茂泉の直営オンラインショップ,,,"3,960円(税込) 青泉 本仕込 生酒 720ml フレッシュ弾ける、みずみずしさ全開の純米生酒です。 | 1,815円(税込) 青泉 本仕込 生酒 300ml フレッシュ弾ける、みずみずしさ全開の純米生酒です。",,"""純米吟醸「古酒」"" ""賀茂泉酒造"" 発売 OR 新発売 OR 受賞 OR リニューアル OR 限定",[],
賀茂泉酒造,ROCK HOPPER,純米吟醸生原酒 ROCK HOPPER,純米吟醸,山田錦100％(東広島市造賀地区産米100％),70%,一般流通,2026-08-07時点で720ml完売。終売とは確認できない,https://www.kamoizumi.co.jp/sake/index.php,200,酒｜東広島市 西条 こだわりの純米酒 賀茂泉酒造,東広島市西条 こだわりの純米酒 賀茂泉酒造 東広島市西条 こだわりの純米酒 賀茂泉酒造,,,HOME > 酒 酒 カテゴリー： 純米大吟醸 純米吟醸酒 純米酒 梅酒・低アルコール酒 純米大吟醸 「壽」 純米大吟醸 賀茂泉の醸造技術の極み。 | 最上級の酒造好適米を限界まで精米し、低温でゆっくりと発酵させ、全く圧力をかけず搾った、杜氏の経験と技の結晶です。 | 使用米：山田錦100%(広島県東広島市造賀地区産米100%) 精米歩合：40% アルコ―ル度数：16度 オンラインショップ 「延寿」 純米大吟醸 清らかな酒都・西条の伏流水と広島杜氏伝承の技で醸した純米大吟醸酒です。 | 使用米：広島県産山田錦100% 精米歩合：50% アルコール度数：16度 オンラインショップ 純米吟醸酒 「朱泉本仕込」 純米吟醸 賀茂泉を代表するお酒が朱泉本仕込です。,,"""純米吟醸生原酒 ROCK HOPPER"" ""賀茂泉酒造"" 発売 OR 新発売 OR 受賞 OR リニューアル OR 限定",[],
賀茂泉酒造,賀茂泉,純米大吟醸,純米大吟醸,広島県産山田錦100%,50%,一般流通,公式オンラインショップで販売確認,https://online.kamoizumi.com/?pid=188371835,200,*純米大吟醸500ml - 本仕込賀茂泉 オンラインショップ,本仕込賀茂泉の直営オンラインショップ,,,"＜西条産地呼称認定酒（西条酒ブランド)＞ 使用米：広島県産山田錦100% 精米歩合：50% アルコール度数：16度 日本酒度：±0.0 酸度：1.7 使用酵母：KA-1 容量：500ml やや辛口 アメリカへも輸出しているお酒です。 | 3,960円(税込) 青泉 本仕込 生酒 720ml フレッシュ弾ける、みずみずしさ全開の純米生酒です。 | 1,815円(税込) 青泉 本仕込 生酒 300ml フレッシュ弾ける、みずみずしさ全開の純米生酒です。",,"""純米大吟醸"" ""賀茂泉酒造"" 発売 OR 新発売 OR 受賞 OR リニューアル OR 限定",[],
賀茂泉酒造,賀茂泉,純米大吟醸「壽」,純米大吟醸,東広島市造賀地区産山田錦100%,40%,一般流通,2026-09-06現行性を公式情報で再確認,https://online.kamoizumi.com/?pid=141742792,200,純米大吟醸「壽」木箱入 720ml,本仕込賀茂泉の直営オンラインショップ,,,,,"""純米大吟醸「壽」"" ""賀茂泉酒造"" 発売 OR 新発売 OR 受賞 OR リニューアル OR 限定",[],
賀茂泉酒造,賀茂泉,純米大吟醸｢広大｣,純米大吟醸,広島県産山田錦100%,50%,一般流通,公式オンラインショップで販売確認,https://online.kamoizumi.com/?pid=188371751,200,*純米大吟醸｢広大｣720ml 化粧箱入 - 本仕込賀茂泉 オンラインショップ,本仕込賀茂泉の直営オンラインショップ,,,"蔵元より北へ約6kmにある圃場で栽培された酒米『山田錦』を清らかな酒都･西条の伏流水と広島杜氏伝承の技で醸しました。 | 使用米：広島県産山田錦100% 精米歩合：50% アルコール度数：16度 日本酒度：+3.0 酸度：1.5 使用酵母：KA-1 容量：720ml 辛口 購入数 本 カートに入れる 返品について | 特定商取引法に基づく表記 おすすめ商品 Rock Hopper Moon Walk 720ml イワトビペンギンが目印のひやおろし原酒です。 | 3,960円(税込) 青泉 本仕込 生酒 720ml フレッシュ弾ける、みずみずしさ全開の純米生酒です。 | 1,815円(税込) 青泉 本仕込 生酒 300ml フレッシュ弾ける、みずみずしさ全開の純米生酒です。",,"""純米大吟醸｢広大｣"" ""賀茂泉酒造"" 発売 OR 新発売 OR 受賞 OR リニューアル OR 限定",[],
賀茂泉酒造,賀茂泉,純米酒 一 (はじめ),純米,酒造用米（国産米100%）,75%,一般流通,公式オンラインショップで販売確認,https://online.kamoizumi.com/?pid=188377558,200,*純米酒 一 (はじめ)1800ml,本仕込賀茂泉の直営オンラインショップ,,,,,"""純米酒 一 (はじめ)"" ""賀茂泉酒造"" 発売 OR 新発売 OR 受賞 OR リニューアル OR 限定",[],
賀茂泉酒造,賀茂泉,純米酒｢広大｣,純米,,,一般流通,公式オンラインショップで販売確認,https://online.kamoizumi.com/?pid=188370634,200,*純米酒｢広大｣ 1.8L,本仕込賀茂泉の直営オンラインショップ,,,,,"""純米酒｢広大｣"" ""賀茂泉酒造"" 発売 OR 新発売 OR 受賞 OR リニューアル OR 限定",[],
賀茂泉酒造,賀茂泉,緑泉普通酒,普通酒・上撰,広島八反・酒造用米(国産米100%),75%,一般流通,公式オンラインショップで販売確認,https://online.kamoizumi.com/?pid=188379527,200,*緑泉普通酒1800ml - 本仕込賀茂泉 オンラインショップ,本仕込賀茂泉の直営オンラインショップ,,,"使用米：広島八反・酒造用米(国産米100%) 精米歩合：75% アルコール度数：15.0〜15.9度 日本酒度：+0.5 酸度：1.4 使用酵母：協会701号 やや辛口 購入数 本 カートに入れる 返品について | 特定商取引法に基づく表記 おすすめ商品 Rock Hopper Moon Walk 720ml イワトビペンギンが目印のひやおろし原酒です。 | 3,960円(税込) 青泉 本仕込 生酒 720ml フレッシュ弾ける、みずみずしさ全開の純米生酒です。 | 1,815円(税込) 青泉 本仕込 生酒 300ml フレッシュ弾ける、みずみずしさ全開の純米生酒です。",,"""緑泉普通酒"" ""賀茂泉酒造"" 発売 OR 新発売 OR 受賞 OR リニューアル OR 限定",[],
賀茂泉酒造,賀茂泉,緑泉本仕込,その他,広島八反・新千本(国産米100%),60%,一般流通,公式オンラインショップで販売確認,https://www.kamoizumi.co.jp/sake/index.php,200,酒｜東広島市 西条 こだわりの純米酒 賀茂泉酒造,東広島市西条 こだわりの純米酒 賀茂泉酒造 東広島市西条 こだわりの純米酒 賀茂泉酒造,,,HOME > 酒 酒 カテゴリー： 純米大吟醸 純米吟醸酒 純米酒 梅酒・低アルコール酒 純米大吟醸 「壽」 純米大吟醸 賀茂泉の醸造技術の極み。 | 最上級の酒造好適米を限界まで精米し、低温でゆっくりと発酵させ、全く圧力をかけず搾った、杜氏の経験と技の結晶です。 | 使用米：山田錦100%(広島県東広島市造賀地区産米100%) 精米歩合：40% アルコ―ル度数：16度 オンラインショップ 「延寿」 純米大吟醸 清らかな酒都・西条の伏流水と広島杜氏伝承の技で醸した純米大吟醸酒です。 | 使用米：広島県産山田錦100% 精米歩合：50% アルコール度数：16度 オンラインショップ 純米吟醸酒 「朱泉本仕込」 純米吟醸 賀茂泉を代表するお酒が朱泉本仕込です。,,"""緑泉本仕込"" ""賀茂泉酒造"" 発売 OR 新発売 OR 受賞 OR リニューアル OR 限定",[],
賀茂泉酒造,賀茂泉,蔵元限定 山田錦 純米吟醸生酒,純米吟醸,,,限定流通,2026-08-07公式直売所で販売中を確認,https://kamoizumi.co.jp/syusenkan/s_detail.php?id=510,200,酒泉館｜東広島市 西条 こだわりの純米酒 賀茂泉酒造,東広島市西条 こだわりの純米酒 賀茂泉酒造 東広島市西条 こだわりの純米酒 賀茂泉酒造,,,梅酒をかけて食べるかき氷と 優しい味わいの和三盆かき氷 賀茂泉のお酒に使用する≪仕込み水≫を 己斐製氷さんというプロの氷屋さんに ブロック氷にしてもらい作る 酒蔵ならではのかき氷です。 | 瓶売り/杯売り （８／７現在有り） ※旬のお酒情報→ ①蔵元限定 山田錦（純米吟醸生酒） 賀茂泉店頭+酒泉館のみで販売中の 蔵元限定酒。 | ②青泉 本仕込 生酒（純米酒） 夏のこの時期に飲みたくなる すっきりとした味わいの純米酒。,,"""蔵元限定 山田錦 純米吟醸生酒"" ""賀茂泉酒造"" 発売 OR 新発売 OR 受賞 OR リニューアル OR 限定",[],
賀茂泉酒造,賀茂泉,造賀純米生酒,純米,東広島市造賀地区産山田錦100%,70%,季節商品,,https://www.kamoizumi.co.jp/sake/index.php,200,酒｜東広島市 西条 こだわりの純米酒 賀茂泉酒造,東広島市西条 こだわりの純米酒 賀茂泉酒造 東広島市西条 こだわりの純米酒 賀茂泉酒造,,,HOME > 酒 酒 カテゴリー： 純米大吟醸 純米吟醸酒 純米酒 梅酒・低アルコール酒 純米大吟醸 「壽」 純米大吟醸 賀茂泉の醸造技術の極み。 | 最上級の酒造好適米を限界まで精米し、低温でゆっくりと発酵させ、全く圧力をかけず搾った、杜氏の経験と技の結晶です。 | 使用米：山田錦100%(広島県東広島市造賀地区産米100%) 精米歩合：40% アルコ―ル度数：16度 オンラインショップ 「延寿」 純米大吟醸 清らかな酒都・西条の伏流水と広島杜氏伝承の技で醸した純米大吟醸酒です。 | 使用米：広島県産山田錦100% 精米歩合：50% アルコール度数：16度 オンラインショップ 純米吟醸酒 「朱泉本仕込」 純米吟醸 賀茂泉を代表するお酒が朱泉本仕込です。,,"""造賀純米生酒"" ""賀茂泉酒造"" 発売 OR 新発売 OR 受賞 OR リニューアル OR 限定",[],
賀茂泉酒造,賀茂泉,造賀純米酒,純米,東広島市造賀地区産山田錦100%,,一般流通,公式オンラインショップで販売確認,https://online.kamoizumi.com/?pid=188377419,200,*造賀純米酒1.8L,本仕込賀茂泉の直営オンラインショップ,,,,,"""造賀純米酒"" ""賀茂泉酒造"" 発売 OR 新発売 OR 受賞 OR リニューアル OR 限定",[],
賀茂泉酒造,賀茂泉,造賀純米酒 ひやおろし,純米,東広島造賀地区産山田錦100%,70%,季節商品,,https://www.kamoizumi.co.jp/sake/index.php,200,酒｜東広島市 西条 こだわりの純米酒 賀茂泉酒造,東広島市西条 こだわりの純米酒 賀茂泉酒造 東広島市西条 こだわりの純米酒 賀茂泉酒造,,,HOME > 酒 酒 カテゴリー： 純米大吟醸 純米吟醸酒 純米酒 梅酒・低アルコール酒 純米大吟醸 「壽」 純米大吟醸 賀茂泉の醸造技術の極み。 | 最上級の酒造好適米を限界まで精米し、低温でゆっくりと発酵させ、全く圧力をかけず搾った、杜氏の経験と技の結晶です。 | 使用米：山田錦100%(広島県東広島市造賀地区産米100%) 精米歩合：40% アルコ―ル度数：16度 オンラインショップ 「延寿」 純米大吟醸 清らかな酒都・西条の伏流水と広島杜氏伝承の技で醸した純米大吟醸酒です。 | 使用米：広島県産山田錦100% 精米歩合：50% アルコール度数：16度 オンラインショップ 純米吟醸酒 「朱泉本仕込」 純米吟醸 賀茂泉を代表するお酒が朱泉本仕込です。,,"""造賀純米酒 ひやおろし"" ""賀茂泉酒造"" 発売 OR 新発売 OR 受賞 OR リニューアル OR 限定",[],
賀茂泉酒造,賀茂泉,青泉 本仕込 生酒,純米,,,季節商品,公式オンラインショップで販売確認 / 2026-08-07公式直売所で販売案内,https://online.kamoizumi.com/?pid=191995192,200,青泉 本仕込 生酒 720ml,本仕込賀茂泉の直営オンラインショップ,,,この商品（青泉 本仕込 生酒 720ml）は20歳未満の方には販売できません。,,"""青泉 本仕込 生酒"" ""賀茂泉酒造"" 発売 OR 新発売 OR 受賞 OR リニューアル OR 限定",[],
賀茂泉酒造,賀茂泉,青泉純米吟醸生酒,純米吟醸,山田錦100％(東広島市造賀地区産米100％),60%,季節商品,,https://www.kamoizumi.co.jp/sake/index.php,200,酒｜東広島市 西条 こだわりの純米酒 賀茂泉酒造,東広島市西条 こだわりの純米酒 賀茂泉酒造 東広島市西条 こだわりの純米酒 賀茂泉酒造,,,HOME > 酒 酒 カテゴリー： 純米大吟醸 純米吟醸酒 純米酒 梅酒・低アルコール酒 純米大吟醸 「壽」 純米大吟醸 賀茂泉の醸造技術の極み。 | 最上級の酒造好適米を限界まで精米し、低温でゆっくりと発酵させ、全く圧力をかけず搾った、杜氏の経験と技の結晶です。 | 使用米：山田錦100%(広島県東広島市造賀地区産米100%) 精米歩合：40% アルコ―ル度数：16度 オンラインショップ 「延寿」 純米大吟醸 清らかな酒都・西条の伏流水と広島杜氏伝承の技で醸した純米大吟醸酒です。 | 使用米：広島県産山田錦100% 精米歩合：50% アルコール度数：16度 オンラインショップ 純米吟醸酒 「朱泉本仕込」 純米吟醸 賀茂泉を代表するお酒が朱泉本仕込です。,,"""青泉純米吟醸生酒"" ""賀茂泉酒造"" 発売 OR 新発売 OR 受賞 OR リニューアル OR 限定",[],
賀茂鶴酒造,賀茂鶴,2026蔵開き限定 純米大吟醸 山田錦 精米歩合38%,純米大吟醸,東広島市高屋町造賀地区産山田錦100%,38%,限定流通,2026蔵開き限定・公式ECでは売切,https://shop.kamotsuru.jp/SHOP/2026kurabiraki_6600hukubako.html,200,"賀茂鶴 2026｜蔵開き6,600福箱！賀茂鶴メンバーズ限定！",賀茂鶴酒造 2026年蔵開き 福箱 お得に日本酒をお楽しみください 数量限定お早めに 賀茂鶴酒造株式会社の直営ショッピングサイトです。日本酒はもちろん、梅酒やオリジナルグッズなど、新商品からギフト商品まで多数品揃えしております。,,,"数量: セット 在庫: 品切れ 在庫 品切れ 返品についての詳細はこちら 期間限定 【2026年4月20日（月）出荷開始】限定30セット! 【賀茂鶴メンバーズ会員限定】2026年蔵開き 6,600円福箱 2026年の「蔵開き」に合わせ、今年も期間限定、賀茂鶴メンバーズ会員限定の特製「福箱」をオンラインストアで販売します！ | 蔵開き限定酒の純米大吟醸と季節限定酒の2本セットです。 | 【セット内容】 ・蔵開き限定 純米大吟醸 山田錦 精米歩合38% 720ML ・純米しぼりたて 720ML ※段ボール箱に瓶をそのままお入れするため、のし・包装は承れません ※現在開催中の「新規会員登録のキャンペーン」、「お誕生日」クーポンはご利用になれませんので、ご注意ください 蔵開き限定 純米大吟醸 山田錦 精米歩合38% 720ML 広島県内で生産された酒米の王様「山田錦」を精米歩合38％まで磨きあげた一本。 | 平成元年に「地元の米、地元の水で酒を仕込もう」という呼びかけのもと、地元稲作農家と酒蔵が協力して酒米の栽培が始まりました。",,"""2026蔵開き限定 純米大吟醸 山田錦 精米歩合38%"" ""賀茂鶴酒造"" 発売 OR 新発売 OR 受賞 OR リニューアル OR 限定",[],
賀茂鶴酒造,賀茂鶴,UNDER 30 純米酒,純米,,,限定流通,公式EC現行商品・売切,https://shop.kamotsuru.jp/SHOP/under30junmai-shu720ml.html,200,賀茂鶴 UNDER 30 純米酒,広島県産雄町をワイン酵母で醸した低アルコールの純米酒。甘みの奥に広がる、爽やかな酸味が特徴です。日本酒を飲みなれていない方に向けた新しい日本酒。 賀茂鶴酒造株式会社の直営ショッピングサイトです。日本酒はもちろん、梅酒やオリジナルグッズなど、新商品からギフト商品まで多数品揃えしております。,,,他の商品も一緒にご注文の場合、この商品に合わせて出荷します。 | 数量: 本 在庫: 品切れ 在庫 品切れ 返品についての詳細はこちら ワイン酵母で醸した、新しい日本酒 2024年までは300mlでの提供でしたが、2025年より720mlで販売いたします。 | 広島県産の酒造好適米を使い、ワイン酵母で醸した新感覚の純米酒。 | 商品企画は20～30代の若手社員が中心 「UNDER30」は、2020年に開催された部署横断型プロジェクト「賀茂鶴チャレンジカップ」から生まれた商品です。,,"""UNDER 30 純米酒"" ""賀茂鶴酒造"" 発売 OR 新発売 OR 受賞 OR リニューアル OR 限定",[],
賀茂鶴酒造,賀茂鶴,上撰パック,普通酒・上撰,,,一般流通,,https://shop.kamotsuru.jp/SHOP/jousenpack1800.html,200,上撰パック 1.8L 賀茂鶴 直営オンラインストア,賀茂鶴こだわりのお酒を紙パックに。持ち運びも後片付けも簡単便利！バランスのよいコクのある旨口の味わいは飲みあきしない、調和の取れた味わいです。 賀茂鶴酒造株式会社の直営ショッピングサイトです。日本酒はもちろん、梅酒やオリジナルグッズなど、新商品からギフト商品まで多数品揃えしております。,,,全国熱燗コンテスト 金賞受賞 「温めておいしい酒」を周知することによって、「燗」という日本酒ならではの魅力をアピールすることを目的としている「全国熱燗コンテスト」。 | 上撰パックは2021年にお値打ちぬる燗部門で金賞を受賞しています。 | 粒の揃った良質な酒米を使うことができるのは、地元農家の協力があるからこそ。 | また精米においては、1898年(明治31年) には日本初の動力精米機を導入。,,"""上撰パック"" ""賀茂鶴酒造"" 発売 OR 新発売 OR 受賞 OR リニューアル OR 限定",[],
賀茂鶴酒造,賀茂鶴,吟醸辛口,吟醸,,,一般流通,,https://shop.kamotsuru.jp/SHOP/LG-A1.html,200,賀茂鶴 吟醸辛口1.8L (LG-A1) 化粧箱入 賀茂鶴 直営オンラインストア,キレのいい淡麗辛口ながら、ほど良い「旨味」を持った賀茂鶴の本格辛口吟醸酒。杜氏に引き継がれてきた伝承の技で醸す賀茂鶴本流のお酒。賀茂鶴は創醸以来「アマ・カラ・ピン・ウマ」の四拍子揃った味を心掛けています。 賀茂鶴酒造株式会社の直営ショッピングサイトです。日本酒はもちろん、梅酒やオリジナルグッズなど、新商品からギフト商品まで多数品揃えしております。,,,選択してください ご自宅用（包装なし・のしなし） 包装あり・のしなし のし：御祝×蝶結 のし：御祝×結切(婚礼関係) のし：御礼×蝶結 のし：御礼×結切(婚礼関係) のし：御中元 のし：御歳暮 のし：内祝×蝶結 のし：内祝×結切(婚礼関係) のし：御誕生日御祝 のし：新築御祝 のし：還暦御祝 のし：粗品×蝶結 のし：無地×蝶結 のし：無地×結切(婚礼関係) のし：御供×蓮のし(弔事) のし：御供×黄白(弔事) のし：志×蓮のし(弔事) のし：志×黄白(弔事) のし：その他 のし表書き：その他: ※上記リストにない場合はお書き下さい。 | 伝承の技で醸す、賀茂鶴本流の酒 杜氏に引き継がれてきた伝承の技で醸す賀茂鶴本流のお酒です。 | 歴代の杜氏が醸し続けてきた味を守ることは、ただ同じ味を造り続けることではありません。 | 粒の揃った良質な酒米を使うことができるのは、地元農家の協力があるからこそ。,,"""吟醸辛口"" ""賀茂鶴酒造"" 発売 OR 新発売 OR 受賞 OR リニューアル OR 限定",[],
賀茂鶴酒造,賀茂鶴,大吟醸 吉祥 賀茂鶴,大吟醸,,,一般流通,公式直営ECで販売中を確認。SKU層から商品層へ補完。,https://shop.kamotsuru.jp/SHOP/kissho720.html,200,大吟醸 吉祥 賀茂鶴 720ml 化粧箱入 賀茂鶴 直営オンラインストア,伝統の技で醸した、渾身の大吟醸酒。圧力を加えずに自然の力で滴る雫酒は限りなく純粋できめ細かな香りと優雅な味わい。 賀茂鶴酒造株式会社の直営ショッピングサイトです。日本酒はもちろん、梅酒やオリジナルグッズなど、新商品からギフト商品まで多数品揃えしております。,,,選択してください ご自宅用（包装なし・のしなし） 包装あり・のしなし のし：御祝×蝶結 のし：御祝×結切(婚礼関係) のし：御礼×蝶結 のし：御礼×結切(婚礼関係) のし：御中元 のし：御歳暮 のし：内祝×蝶結 のし：内祝×結切(婚礼関係) のし：御誕生日御祝 のし：新築御祝 のし：還暦御祝 のし：粗品×蝶結 のし：無地×蝶結 のし：無地×結切(婚礼関係) のし：御供×蓮のし(弔事) のし：御供×黄白(弔事) のし：志×蓮のし(弔事) のし：志×黄白(弔事) のし：その他 のし表書き：その他: ※上記リストにない場合はお書き下さい。 | 平成元年に「地元の米、地元の水で酒を仕込もう」という呼びかけのもと、地元稲作農家と酒蔵が協力して東広島酒米栽培推進協議会を結成し酒米の栽培が始まりました。 | 東広島酒米栽培推進協議会は県内他産地との差別化を図るため、「山田錦」単一品種のみの栽培から始め、技術者による遺伝的種子選抜や栽培方法の統一化を行いながら、高品質化を図っています。,,"""大吟醸 吉祥 賀茂鶴"" ""賀茂鶴酒造"" 発売 OR 新発売 OR 受賞 OR リニューアル OR 限定",[],
賀茂鶴酒造,賀茂鶴,大吟醸 吟凛雅,大吟醸,,,一般流通,公式直営ECで販売中を確認。SKU層から商品層へ補完。,https://shop.kamotsuru.jp/SHOP/ginringa900.html,200,大吟醸 吟凛雅 900ml 化粧箱入 賀茂鶴 直営オンラインストア,圧力を加えずに自然の力で滴る雫酒大吟醸原酒。果実を思わせる華やかな香りと深みのある優雅な味わい。 賀茂鶴酒造株式会社の直営ショッピングサイトです。日本酒はもちろん、梅酒やオリジナルグッズなど、新商品からギフト商品まで多数品揃えしております。,,,他の商品も一緒にご注文の場合、この商品に合わせて出荷します。 | 選択してください ご自宅用（包装なし・のしなし） 包装あり・のしなし のし：御祝×蝶結 のし：御祝×結切(婚礼関係) のし：御礼×蝶結 のし：御礼×結切(婚礼関係) のし：御中元 のし：御歳暮 のし：内祝×蝶結 のし：内祝×結切(婚礼関係) のし：御誕生日御祝 のし：新築御祝 のし：還暦御祝 のし：粗品×蝶結 のし：無地×蝶結 のし：無地×結切(婚礼関係) のし：御供×蓮のし(弔事) のし：御供×黄白(弔事) のし：志×蓮のし(弔事) のし：志×黄白(弔事) のし：その他 のし表書き：その他: ※上記リストにない場合はお書き下さい。 | 平成元年に「地元の米、地元の水で酒を仕込もう」という呼びかけのもと、地元稲作農家と酒蔵が協力して東広島酒米栽培推進協議会を結成し酒米の栽培が始まりました。 | 東広島酒米栽培推進協議会は県内他産地との差別化を図るため、「山田錦」単一品種のみの栽培から始め、技術者による遺伝的種子選抜や栽培方法の統一化を行いながら、高品質化を図っています。,,"""大吟醸 吟凛雅"" ""賀茂鶴酒造"" 発売 OR 新発売 OR 受賞 OR リニューアル OR 限定",[],
賀茂鶴酒造,賀茂鶴,大吟醸 天凜,大吟醸,,,一般流通,公式直営ECで販売中を確認。SKU層から商品層へ補完。,https://shop.kamotsuru.jp/SHOP/tenrin720.html,200,大吟醸 天凜 720ml 木箱入 賀茂鶴 直営オンラインストア,圧力を加えずに自然の力で滴る雫酒の新酒と古酒をブレンドした至極の酒。 まろやかでありながら凛とした味わいの大吟醸酒。 賀茂鶴酒造株式会社の直営ショッピングサイトです。日本酒はもちろん、梅酒やオリジナルグッズなど、新商品からギフト商品まで多数品揃えしております。,,,他の商品も一緒にご注文の場合、この商品に合わせて出荷します。 | 選択してください ご自宅用（包装なし・のしなし） 包装あり・のしなし のし：御祝×蝶結 のし：御祝×結切(婚礼関係) のし：御礼×蝶結 のし：御礼×結切(婚礼関係) のし：御中元 のし：御歳暮 のし：内祝×蝶結 のし：内祝×結切(婚礼関係) のし：御誕生日御祝 のし：新築御祝 のし：還暦御祝 のし：粗品×蝶結 のし：無地×蝶結 のし：無地×結切(婚礼関係) のし：御供×蓮のし(弔事) のし：御供×黄白(弔事) のし：志×蓮のし(弔事) のし：志×黄白(弔事) のし：その他 のし表書き：その他: ※上記リストにない場合はお書き下さい。 | 数量: 本 在庫: ○ 在庫 ○ 返品についての詳細はこちら 最高の贈り物～至極の大吟醸～ 【送料無料】 720ｍｌ木箱入 木箱サイズ：106×136×335（ｍｍ） 輸送用１本入 外カートン：118×147×345（ｍｍ） 「賀茂鶴2020オンライン酒まつり」Instagramフォトコンテスト入選受賞作品 凛とした味わい もろみを酒袋に入れ、圧力をかけずに自然の力で 一滴一滴袋から滴り落ちる酒を雫酒といいます。 | コンテストでも評価されています 2007年7月に第1回インターナショナル・サケ・チャレンジが行われ、おおよそ300種類の日本酒の中から、金賞に選ばれました。,,"""大吟醸 天凜"" ""賀茂鶴酒造"" 発売 OR 新発売 OR 受賞 OR リニューアル OR 限定",[],
賀茂鶴酒造,賀茂鶴,大吟醸 特製ゴールド賀茂鶴,大吟醸,,,一般流通,,https://shop.kamotsuru.jp/SHOP/GK-A2.html,200,大吟醸 特製ゴールド賀茂鶴1.8L(GK-A2) 2本化粧箱入 賀茂鶴 直営オンラインストア,オバマ前米国大統領も「すきやばし次郎」で召し上がった大吟醸酒。桜の花びら型金箔入り。大吟醸酒のさきがけ。優雅な香りと芳醇な味わい。 賀茂鶴酒造株式会社の直営ショッピングサイトです。日本酒はもちろん、梅酒やオリジナルグッズなど、新商品からギフト商品まで多数品揃えしております。,,,選択してください ご自宅用（包装なし・のしなし） 包装あり・のしなし のし：御祝×蝶結 のし：御祝×結切(婚礼関係) のし：御礼×蝶結 のし：御礼×結切(婚礼関係) のし：御中元 のし：御歳暮 のし：内祝×蝶結 のし：内祝×結切(婚礼関係) のし：御誕生日御祝 のし：新築御祝 のし：還暦御祝 のし：粗品×蝶結 のし：無地×蝶結 のし：無地×結切(婚礼関係) のし：御供×蓮のし(弔事) のし：御供×黄白(弔事) のし：志×蓮のし(弔事) のし：志×黄白(弔事) のし：その他 のし表書き：その他: ※上記リストにない場合はお書き下さい。 | 広島県の豊かな自然に育まれた酒造好適米だけを吟味し、 丹念に磨き、じっくりと伏流井水で仕込みました。 | 昭和33年、大吟醸酒のさきがけとして発売して以来、「賀茂鶴」を代表する大吟醸酒。 | 大吟醸酒の先駆け これまでの日本酒のイメージを覆した「大吟造 特製ゴールド賀茂鶴・純金箔入り」（後の「大吟醸 特製ゴールド賀茂鶴」）が発売されたのは、池田勇人総理大臣が所得倍増計画を発表する2年前の1958（昭和33）年。,,"""大吟醸 特製ゴールド賀茂鶴"" ""賀茂鶴酒造"" 発売 OR 新発売 OR 受賞 OR リニューアル OR 限定",[],
賀茂鶴酒造,賀茂鶴,大吟醸 賀茂鶴 双鶴,大吟醸,,32％,一般流通,,https://shop.kamotsuru.jp/SHOP/SK-A1.html,200,大吟醸 賀茂鶴 双鶴1.8L（SK-A1)化粧箱入 賀茂鶴 直営オンラインストア,2016年G7外相会談ワーキングディナー、乾杯のお酒としても振舞われた大吟醸。高雅な気品と果実を思わせる華やかな香りと優雅な味わい。 賀茂鶴酒造株式会社の直営ショッピングサイトです。日本酒はもちろん、梅酒やオリジナルグッズなど、新商品からギフト商品まで多数品揃えしております。,,,選択してください ご自宅用（包装なし・のしなし） 包装あり・のしなし のし：御祝×蝶結 のし：御祝×結切(婚礼関係) のし：御礼×蝶結 のし：御礼×結切(婚礼関係) のし：御中元 のし：御歳暮 のし：内祝×蝶結 のし：内祝×結切(婚礼関係) のし：御誕生日御祝 のし：新築御祝 のし：還暦御祝 のし：粗品×蝶結 のし：無地×蝶結 のし：無地×結切(婚礼関係) のし：御供×蓮のし(弔事) のし：御供×黄白(弔事) のし：志×蓮のし(弔事) のし：志×黄白(弔事) のし：その他 のし表書き：その他: ※上記リストにない場合はお書き下さい。 | 数量: 本 在庫: ○ 在庫 ○ 返品についての詳細はこちら 大切な方への贈り物に 1.8L 1本化粧箱入 サイズ：142×114×447（ｍｍ） （1.8L 単品サイズ：110×110×400（ｍｍ）） 国賓にも振舞われた大吟醸 2016年4月、広島で行われたG7外相会談ワーキングディナー、乾杯の酒としてふるまわれた大吟醸酒です。 | 平成元年に「地元の米、地元の水で酒を仕込もう」という呼びかけのもと、地元稲作農家と酒蔵が協力して東広島酒米栽培推進協議会を結成し酒米の栽培が始まりました。 | 東広島酒米栽培推進協議会は県内他産地との差別化を図るため、「山田錦」単一品種のみの栽培から始め、技術者による遺伝的種子選抜や栽培方法の統一化を行いながら、高品質化を図っています。,,"""大吟醸 賀茂鶴 双鶴"" ""賀茂鶴酒造"" 発売 OR 新発売 OR 受賞 OR リニューアル OR 限定",[],
賀茂鶴酒造,賀茂鶴,大吟醸 限定搾汁,大吟醸,山田錦100%,50%,季節商品,年末年始限定・公式EC現行ページでは売切,https://shop.kamotsuru.jp/SHOP/346519/346484/list.html,200,大吟醸 限定搾汁 賀茂鶴 直営オンラインストア,大吟醸 限定搾汁 賀茂鶴酒造株式会社の直営ショッピングサイトです。日本酒はもちろん、梅酒やオリジナルグッズなど、新商品からギフト商品まで多数品揃えしております。,,,百貨店でも好評いただいている本数限定販売の大吟醸酒です。 | 華やかな香りと豊かな味わい 伝承の技で醸す本流の酒 杜氏に引き継がれてきた伝承の技で醸す本流の酒。,,"""大吟醸 限定搾汁"" ""賀茂鶴酒造"" 発売 OR 新発売 OR 受賞 OR リニューアル OR 限定",[],
賀茂鶴酒造,賀茂鶴,大吟醸原酒 あらばしり,大吟醸,,,季節商品,季節限定・公式EC現行ページでは売切,https://shop.kamotsuru.jp/SHOP/346440/346519/list.html,200,季節限定酒 賀茂鶴 直営オンラインストア,季節限定酒 賀茂鶴酒造株式会社の直営ショッピングサイトです。日本酒はもちろん、梅酒やオリジナルグッズなど、新商品からギフト商品まで多数品揃えしております。,,,"純米にごり酒720ml 税込1,430円 四季の季節限定酒 日本酒の味わいは、季節とともに日々変化します。 | 賀茂鶴酒造は、3人の杜氏を中心として酒造りに取り組んでいます。 | 賀茂鶴の季節限定酒は、杜氏がそれぞれの想いを込め季節ごとの日本酒の美味しさを表現しています。 | 季節限定｜11月上旬出荷開始 しぼったばかりの フレッシュな香りと味わい 純米酒 しぼりたて 720ml・1.8L 季節限定｜2月上旬出荷開始 しぼったばかりの 若々しい大吟醸 大吟醸原酒 あらばしり 720ml 季節限定｜6月上旬出荷開始 冷やして美味しい キリっとスッキリ 本醸造生貯蔵酒 ひやしざけ 720ml 季節限定｜9月上旬出荷開始 穏やかな香り、 深く丸みのある味わい 純米酒 ひやおろし 720ml そのほかの季節限定酒 例年大好評のにごり酒！",,"""大吟醸原酒 あらばしり"" ""賀茂鶴酒造"" 発売 OR 新発売 OR 受賞 OR リニューアル OR 限定",[],
賀茂鶴酒造,賀茂鶴,本醸造 からくち,本醸造,,,一般流通,,https://shop.kamotsuru.jp/SHOP/honkara1800.html,200,本醸造 からくち 1.8L 賀茂鶴 直営オンラインストア,キリッとした本格辛口。 冷やでスッキリ、燗で美味しい本醸造。全国燗酒コンテストで高評価をいただき、2013年には「最高金賞」をいただきました。 賀茂鶴酒造株式会社の直営ショッピングサイトです。日本酒はもちろん、梅酒やオリジナルグッズなど、新商品からギフト商品まで多数品揃えしております。,,,数量: 本 在庫: ○ 在庫 ○ 返品についての詳細はこちら 賀茂鶴酒造株式会社法人設立100周年記念キャンペーン「賀茂鶴 Instagram フォトコンテスト」の6月受賞作品 しっかり楽しめる、日本酒の定番サイズ 容器サイズ 1.8L１本化粧箱入 サイズ：115×115×410（ｍｍ） （1.8L瓶サイズ：110×110×400（ｍｍ）） キリッとした本格辛口の味わい 豊醇な香り、きりっとした辛口の本醸造。 | お燗酒のコンテストで最高金賞をいただきました 全国燗酒コンテストで高評価をいただいております。 | 2013年は「最高金賞」をいただき、2012年・2014年・2020年・2021年と4度の金賞をいただきました。 | 歴代の杜氏が醸し続けてきた味を守ることは、ただ同じ味を造り続けることではありません。,,"""本醸造 からくち"" ""賀茂鶴酒造"" 発売 OR 新発売 OR 受賞 OR リニューアル OR 限定",[],
賀茂鶴酒造,賀茂鶴,本醸造 上等酒,本醸造,,,一般流通,,https://shop.kamotsuru.jp/SHOP/joutou1800.html,200,本醸造 上等酒 1.8L 賀茂鶴 直営オンラインストア,香味のバランスのとれた料理とよく合う、賀茂鶴を代表する伝統の本醸造酒。冷やでも燗でも飲み方を問わず食中におすすめ。『全国燗酒コンテスト』金賞や『ロンドン酒チャレンジ』本醸造部門金賞など、国内外のコンテストで高い評価をいただきました。 賀茂鶴酒造株式会社の直営ショッピングサイトです。日本酒はもちろん、梅酒やオリジナルグッズなど、新商品からギフト商品まで多数品揃えしております。,,,数量: 本 在庫: ○ 在庫 ○ 返品についての詳細はこちら 香味のバランスのとれた料理とよく合う伝統の本醸造 冷やでも燗でも楽しんでいただける、食中にオススメのお酒です。 | 国内外の品評会で賞をいただきました 国内外のコンテストで評価をいただき、国内では『全国燗酒コンテスト』お値打ち燗酒 ぬる燗部門で2015年・2018年・2025年、お値打ち燗酒 熱燗部門で2019年・2022年・2024年と計6度金賞を受賞。 | 2019年には海外の『ロンドン酒チャレンジ』本醸造部門で金賞をいただきました。 | 歴代の杜氏が醸し続けてきた味を守ることは、ただ同じ味を造り続けることではありません。,,"""本醸造 上等酒"" ""賀茂鶴酒造"" 発売 OR 新発売 OR 受賞 OR リニューアル OR 限定",[],
賀茂鶴酒造,賀茂鶴,本醸造生貯蔵酒 ひやしざけ,本醸造,,,季節商品,2026-09-06現行性を公式情報で再確認,https://shop.kamotsuru.jp/SHOP/hiyashizake720.html,200,季節限定酒 本醸造生貯蔵酒 ひやしざけ 720ｍl 賀茂鶴 直営オンラインストア,夏の季節限定酒、賀茂鶴「四季酒 ひやしざけ」。四号蔵 中須賀杜氏が醸した本醸造生貯蔵酒。きりりと冷やして、清々しい喉越しをお楽しみください。 賀茂鶴酒造株式会社の直営ショッピングサイトです。日本酒はもちろん、梅酒やオリジナルグッズなど、新商品からギフト商品まで多数品揃えしております。,,,数量: 本 在庫: 品切れ 在庫 品切れ 返品についての詳細はこちら 本醸造生貯蔵酒 ひやしざけ 令和八年 夏の季節酒、「ひやしざけ」は6月5日(金)より出荷を開始いたします。 | 仕込み蔵は最新の空調・機械設備を有する「四号蔵」。 | 中須賀杜氏を中心とした四号蔵醸造スタッフが丹念に仕込みました。 | 搾ったお酒は生酒の状態で貯蔵し、出荷前に火入れを一回行う「生貯蔵酒」としてフレッシュさを残したまま、出荷いたします。,,"""本醸造生貯蔵酒 ひやしざけ"" ""賀茂鶴酒造"" 発売 OR 新発売 OR 受賞 OR リニューアル OR 限定",[],
賀茂鶴酒造,賀茂鶴,樽酒,普通酒・上撰,,,一般流通,,https://shop.kamotsuru.jp/SHOP/taruzake1800.html,200,樽酒 瓶詰 1.8L 賀茂鶴 直営オンラインストア,賀茂鶴こだわりのお酒を紙パックに。持ち運びも後片付けも簡単便利！バランスのよいコクのある旨口の味わいは飲みあきしない、調和の取れた味わいです。 賀茂鶴酒造株式会社の直営ショッピングサイトです。日本酒はもちろん、梅酒やオリジナルグッズなど、新商品からギフト商品まで多数品揃えしております。,,,2020年の『全国燗酒コンテスト』の特殊ぬる燗部門（にごり酒・古酒・樽酒・極甘酒などの種類を45度で審査）で金賞をいただき、2023年の同コンテスト（同部門）で最高金賞をいただきました。 | 歴代の杜氏が醸し続けてきた味を守ることは、ただ同じ味を造り続けることではありません。,,"""樽酒"" ""賀茂鶴酒造"" 発売 OR 新発売 OR 受賞 OR リニューアル OR 限定",[],
賀茂鶴酒造,賀茂鶴,特別本醸造 蔵出し原酒,特別本醸造,,,限定流通,2026-09-06現行性を公式情報で再確認,https://shop.kamotsuru.jp/SHOP/kuradashi-genshu720.html,200,特別本醸造 蔵出し原酒 720ml【賀茂鶴メンバーズ限定】 賀茂鶴 直営オンラインストア,賀茂鶴 蔵元限定品の特別本醸造「蔵出し原酒」。穏やかな香りとまろやかな旨味が特徴の原酒。 賀茂鶴酒造株式会社の直営ショッピングサイトです。日本酒はもちろん、梅酒やオリジナルグッズなど、新商品からギフト商品まで多数品揃えしております。,,,数量: 本 在庫: ○ 在庫 ○ 返品についての詳細はこちら 穏やかな香りとまろやかな旨味が特徴の原酒 広島県の豊かな自然に育まれた酒造好適米だけを吟味し、 丹念に磨き、じっくりと伏流水で仕込みました。 | 見学室直売所でしか買えない特別なお酒 ※見学室直売所と賀茂鶴メンバーズ会員様限定販売の商品です。 | 」 実はこれこそ、代々の杜氏から現在の杜氏まで脈々と受け継がれてきた賀茂鶴の酒の本質。 | 各蔵の事務所や会所場（休憩所）に飾されたこの額の存在は、杜氏たちが飽くことなく酒造りを自問自答し続けてきた歴史の証です。,,"""特別本醸造 蔵出し原酒"" ""賀茂鶴酒造"" 発売 OR 新発売 OR 受賞 OR リニューアル OR 限定",[],
賀茂鶴酒造,賀茂鶴,特別本醸造 超特撰特等酒,特別本醸造,,,一般流通,,https://shop.kamotsuru.jp/SHOP/tokutou1800.html,200,特別本醸造 超特撰特等酒 1.8L 賀茂鶴 直営オンラインストア,2011年「燗酒コンテスト」で最高位大賞を受賞。伝統の技で醸した賀茂鶴本流の酒。ふくよかな香り、深いコクと濃醇な旨味があり、幅広い温度帯で、様々な料理に寄り添う特別本醸造酒。東京・銀座の「すきやばし次郎」、 名古屋・伏見「大甚」、京都・先斗町「ますだ」など全国の名店でお取扱いいただいております。 賀茂鶴酒造株式会社の直営ショッピングサイトです。日本酒はもちろん、梅酒やオリジナルグッズなど、新商品からギフト商品まで多数品揃えしております。,,,数量: 本 在庫: ○ 在庫 ○ 返品についての詳細はこちら 賀茂鶴酒造株式会社法人設立100周年記念キャンペーン「賀茂鶴 Instagram フォトコンテスト」の2017年11月受賞作品 しっかり楽しめる、日本酒の定番サイズ 容器サイズ 1.8L１本化粧箱入 サイズ：115×115×410（ｍｍ） （1.8L瓶サイズ：110×110×400（ｍｍ）） ふくよかな香りと程よいコク 伝統の特別本醸造酒 燗酒に最適。 | 広島県の豊かな自然に育まれた酒造好適米だけを吟味し、 丹念に磨き、じっくりと伏流水で仕込みました。 | ふくよかな香り、深いコクと濃醇な旨味のある特別本醸造酒です。 | 燗にして旨い日本酒を専門家が選ぶ大会「燗酒コンテスト」で、2011年から2013年、3年連続金賞受賞。,,"""特別本醸造 超特撰特等酒"" ""賀茂鶴酒造"" 発売 OR 新発売 OR 受賞 OR リニューアル OR 限定",[],
賀茂鶴酒造,賀茂鶴,生囲い純米,純米,,,一般流通,2026-09-06現行性を公式情報で再確認,https://shop.kamotsuru.jp/SHOP/namakakoi-junmai720.html,200,生囲い純米 720ml 賀茂鶴 直営オンラインストア,賀茂鶴酒造の純米生貯蔵酒。フレッシュで素材の味が生きる辛口純米酒。原料米を吟味し、丹念に磨き、 じっくりと伏流井水で仕込みました。爽やかで程よい酸味があり、料理に寄り添います。 賀茂鶴酒造株式会社の直営ショッピングサイトです。日本酒はもちろん、梅酒やオリジナルグッズなど、新商品からギフト商品まで多数品揃えしております。,,,"シーン コンテスト受賞酒 生囲い純米 720ml 価格: ¥1,298 (税込) [ポイント還元 12ポイント～] 販売期間： 包装形態をお選びください【必須】: のし紙をご選択の場合は、化粧箱にのし紙を貼り、その上から包装いたします。 | 数量: 本 在庫: ○ 在庫 ○ 返品についての詳細はこちら 冷蔵庫に収まるサイズ 容器サイズ 720ml １本入化粧箱 サイズ：83×83×301（ｍｍ） （720ml瓶サイズ：77×77×296（mm）） 米の旨味を生かした新鮮で爽やかな純米生貯蔵酒 原料米を吟味し、丹念に磨き、 じっくりと伏流井水で仕込みました。 | さらに、プラチナ賞の中から選出される優秀賞も受賞しました。 | ＊2017年に始まったKura Masterは、フランスのソムリエやシェフを中心としたプロフェッショナルによる審査で知られ、欧州市場における日本酒の評価指標として高い注目を集めている国際的なコンクールです。",,"""生囲い純米"" ""賀茂鶴酒造"" 発売 OR 新発売 OR 受賞 OR リニューアル OR 限定",[],
賀茂鶴酒造,賀茂鶴,生貯蔵酒 冷温「蔵生」囲い,普通酒・上撰,,,一般流通,,https://shop.kamotsuru.jp/SHOP/kuranama1800.html,200,生貯蔵酒 冷温「蔵生」囲い 1.8L 賀茂鶴 直営オンラインストア,新鮮な香りと爽快な味わいの賀茂鶴 冷温蔵生囲い。冷やして楽しむ生貯蔵酒。2020年「ワイングラスでおいしい日本酒アワード」アワードメイン部門金賞受賞。お好み焼きなど濃い味のお料理にもおすすめのお酒。 賀茂鶴酒造株式会社の直営ショッピングサイトです。日本酒はもちろん、梅酒やオリジナルグッズなど、新商品からギフト商品まで多数品揃えしております。,,,2019 年イギリスで開催された「ロンドン酒チャレンジ」普通酒部門で金賞に選ばれ、 2020年には「ワイングラスでおいしい日本酒アワード」アワードメイン部門金賞に選ばれました。,,"""生貯蔵酒 冷温「蔵生」囲い"" ""賀茂鶴酒造"" 発売 OR 新発売 OR 受賞 OR リニューアル OR 限定",[],
賀茂鶴酒造,賀茂鶴,白壁の郷,普通酒・上撰,,,一般流通,,https://shop.kamotsuru.jp/SHOP/sirakabe1800.html,200,白壁の郷 1.8L 賀茂鶴 直営オンラインストア,もち米を加えて仕上げた四段仕込の日本酒。賀茂鶴では数少ない濃醇旨口の味わい。秋から冬にかけては燗酒がおすすめ。「燗酒」は安らぎを感じさせ、ときには 癒しを感じます。 賀茂鶴酒造株式会社の直営ショッピングサイトです。日本酒はもちろん、梅酒やオリジナルグッズなど、新商品からギフト商品まで多数品揃えしております。,,,数量: 本 在庫: ○ 在庫 ○ 返品についての詳細はこちら もち米を加えて仕上げた四段仕込 甘口の味わい 最も日本酒が消費されていた頃の濃醇旨口の味わいです。 | 全国燗酒コンテスト2025にて金賞受賞 2025年8月19日、お燗にして美味しいお酒を審査する「全国燗酒コンテスト2025」の審査結果が発表され、 「白壁の郷」がお値打ち熱燗部門（審査温度50℃～55℃）で金賞を受賞しました。 | 粒の揃った良質な酒米を使うことができるのは、地元農家の協力があるからこそ。 | また精米においては、1898年(明治31年) には日本初の動力精米機を導入。,,"""白壁の郷"" ""賀茂鶴酒造"" 発売 OR 新発売 OR 受賞 OR リニューアル OR 限定",[],
賀茂鶴酒造,賀茂鶴,純米吟醸,純米吟醸,,,限定流通,,https://shop.kamotsuru.jp/SHOP/GP-A1.html,200,純米吟醸 1.8L (GP-A1) 化粧箱入 賀茂鶴 直営オンラインストア,広島県産の酒造好適米で醸したこの酒は、酒米本来の旨味を感じる純米吟醸。冷酒あるいはぬる燗までの幅広い温度帯でふくよかな香りと芳醇な旨味をお楽しみください。 賀茂鶴酒造株式会社の直営ショッピングサイトです。日本酒はもちろん、梅酒やオリジナルグッズなど、新商品からギフト商品まで多数品揃えしております。,,,選択してください ご自宅用（包装なし・のしなし） 包装あり・のしなし のし：御祝×蝶結 のし：御祝×結切(婚礼関係) のし：御礼×蝶結 のし：御礼×結切(婚礼関係) のし：御中元 のし：御歳暮 のし：内祝×蝶結 のし：内祝×結切(婚礼関係) のし：御誕生日御祝 のし：新築御祝 のし：還暦御祝 のし：粗品×蝶結 のし：無地×蝶結 のし：無地×結切(婚礼関係) のし：御供×蓮のし(弔事) のし：御供×黄白(弔事) のし：志×蓮のし(弔事) のし：志×黄白(弔事) のし：その他 のし表書き：その他: ※上記リストにない場合はお書き下さい。 | 粒の揃った良質な酒米を使うことができるのは、地元農家の協力があるからこそ。 | また精米においては、1898年(明治31年) には日本初の動力精米機を導入。 | 広島の吟醸造り 軟水は酒造りにあまり適さないとされていましたが、明治時代後期に広島杜氏の祖・三浦仙三郎氏が軟水で良質な酒を造る醸造法を開発。,,"""純米吟醸"" ""賀茂鶴酒造"" 発売 OR 新発売 OR 受賞 OR リニューアル OR 限定",[],
賀茂鶴酒造,賀茂鶴,純米吟醸 一滴入魂,純米吟醸,,,一般流通,公式直営ECで販売中を確認。SKU層から商品層へ補完。,https://shop.kamotsuru.jp/SHOP/itteki720.html,200,純米吟醸 一滴入魂 720ml 賀茂鶴 直営オンラインストア,香味バランスのとれたキレの良い純米吟醸。2016年には「全国燗酒コンテスト」プレミアム燗酒部門 最高金賞を受賞。飲み飽きしない、柔らかな口当たりで食中酒としてもおすすめ。 賀茂鶴酒造株式会社の直営ショッピングサイトです。日本酒はもちろん、梅酒やオリジナルグッズなど、新商品からギフト商品まで多数品揃えしております。,,,最高金賞をいただきました 純米吟醸「一滴入魂」は、「ワイングラスでおいしい日本酒アワード」で2014年と2018年にメインアワード部門で金賞に選ばれました。 | 2016年には温めて美味しい日本酒を専門家が選ぶ大会「全国燗酒コンテスト」プレミアム燗酒部門で最高金賞に選ばれました。 | そして、2025年にもプレミアム熱燗部門金賞にも選ばれています。 | また、この純米吟醸「一滴入魂」は、海外でも評価が高く、2019年 中国で開催された「SAKE-China」吟醸 / 純米吟醸部門で金賞にも選ばれました。,,"""純米吟醸 一滴入魂"" ""賀茂鶴酒造"" 発売 OR 新発売 OR 受賞 OR リニューアル OR 限定",[],
賀茂鶴酒造,賀茂鶴,純米吟醸 五,純米吟醸,,,限定流通,2026-09-06現行性を公式情報で再確認,https://shop.kamotsuru.jp/SHOP/junmaiginjo-go.html,200,純米吟醸 五 720ｍｌ【賀茂鶴メンバーズ限定】 賀茂鶴 直営オンラインストア,・・・ 賀茂鶴酒造株式会社の直営ショッピングサイトです。日本酒はもちろん、梅酒やオリジナルグッズなど、新商品からギフト商品まで多数品揃えしております。,,,数量: 本 在庫: ○ 在庫 ○ 返品についての詳細はこちら 香り穏やかで旨味のある、食中酒に適した純米吟醸酒 原料に幻の酒米「広島錦」、「協会５号酵母（賀茂鶴酵母）」を用い醸しました。 | 賀茂鶴酒造発祥の「協会５号酵母」で醸した純米酒 明治時代に酵母がアルコールを造っていることが分かり、日本醸造協会が良質な酒を醸す銘醸蔵の酵母を純粋培養し、全国の酒蔵に配布するようになったのが協会酵母の始まりです。 | 賀茂鶴酵母の優秀性が認められ、５番目の「協会酵母」として各地の蔵に配布されていきました。 | 幻の酒米「広島錦」 種籾から復活させた「広島錦」は、 昭和初期に広島県で推奨品種とされていた酒米です。,,"""純米吟醸 五"" ""賀茂鶴酒造"" 発売 OR 新発売 OR 受賞 OR リニューアル OR 限定",[],
賀茂鶴酒造,賀茂鶴,純米大吟醸 大吟峰,純米大吟醸,山田錦100%,50％,一般流通,,https://shop.kamotsuru.jp/SHOP/originalbottle_DK-B1.html,200,【オリジナルラベル】純米大吟醸 大吟峰720ml (DK-B1) 木箱入 賀茂鶴 直営オンラインストア,・・・ 賀茂鶴酒造株式会社の直営ショッピングサイトです。日本酒はもちろん、梅酒やオリジナルグッズなど、新商品からギフト商品まで多数品揃えしております。,,,企業様の周年や新年のご挨拶、ご勇退の記念などビジネスシーンでもお使いいただけます。 | アルコール分：15度以上16度未満 原材料名：米(広島県産)、米こうじ(広島県産米) 精米歩合：50％ 原料米：山田錦 100% 酒米の王様「山田錦」 「山田錦」は、数ある酒造好適米の中でも、その品質、知名度、作付面積でトップを誇る品種で、「酒造好適米(酒米)の王様」とも呼ばれています。 | 2017年の雑誌「pen」でソムリエが選ぶおいしい日本酒として掲載され、 2020年には「ワイングラスでおいしい日本酒アワード」 でプレミアム純米部門で金賞と、各方面で評価されています。,,"""純米大吟醸 大吟峰"" ""賀茂鶴酒造"" 発売 OR 新発売 OR 受賞 OR リニューアル OR 限定",[],
賀茂鶴酒造,賀茂鶴,純米大吟醸 広島錦,純米大吟醸,,,一般流通,,https://shop.kamotsuru.jp/SHOP/HK-180.html,200,純米大吟醸 広島錦 180ml 化粧箱入 賀茂鶴 直営オンラインストア,幻の酒米「広島錦」を精米歩合38％まで磨き、賀茂鶴発祥の「協会５号酵母」で醸した純米大吟醸。2019KuraMaster日本酒コンクール純米大吟醸部門で金賞受賞。華やかな香りにやわらかでふくよかな甘味が特徴。 賀茂鶴酒造株式会社の直営ショッピングサイトです。日本酒はもちろん、梅酒やオリジナルグッズなど、新商品からギフト商品まで多数品揃えしております。,,,選択してください ご自宅用（包装なし・のしなし） 包装あり・のしなし のし：御祝×蝶結 のし：御祝×結切(婚礼関係) のし：御礼×蝶結 のし：御礼×結切(婚礼関係) のし：御中元 のし：御歳暮 のし：内祝×蝶結 のし：内祝×結切(婚礼関係) のし：御誕生日御祝 のし：新築御祝 のし：還暦御祝 のし：粗品×蝶結 のし：無地×蝶結 のし：無地×結切(婚礼関係) のし：御供×蓮のし(弔事) のし：御供×黄白(弔事) のし：志×蓮のし(弔事) のし：志×黄白(弔事) のし：その他 のし表書き：その他: ※上記リストにない場合はお書き下さい。 | 多くのお客様からご要望をいただいておりました、プレミアム日本酒の小瓶サイズ単品販売を開始いたしました。 | 2023年に開催されたG7広島サミットで各国首脳に振る舞われた特別な逸品「純米大吟醸 広島錦」。 | 法人設立100周年を契機に、広島の素材にこだわり造り上げた純米大吟醸 広島生まれの幻の酒米「広島錦」と、賀茂鶴にゆかりのある「協会5号酵母（賀茂鶴酵母）」を使用。,,"""純米大吟醸 広島錦"" ""賀茂鶴酒造"" 発売 OR 新発売 OR 受賞 OR リニューアル OR 限定",[],
賀茂鶴酒造,賀茂鶴,純米大吟醸 広島錦 精米歩合38% 超辛口,純米大吟醸,,,限定流通,2026-09-06現行性を公式情報で再確認,https://shop.kamotsuru.jp/SHOP/hiroshimanishiki38_karakuchi.html,200,【蔵元限定酒】純米大吟醸 広島錦 精米歩合38% 超辛口 720ml〈共通化粧箱入〉 賀茂鶴 直営オンラインストア,・・・ 賀茂鶴酒造株式会社の直営ショッピングサイトです。日本酒はもちろん、梅酒やオリジナルグッズなど、新商品からギフト商品まで多数品揃えしております。,,,他の商品も一緒にご注文の場合、この商品に合わせて出荷します。 | 選択してください ご自宅用（包装なし・のしなし） 包装あり・のしなし のし：御祝×蝶結 のし：御祝×結切(婚礼関係) のし：御礼×蝶結 のし：御礼×結切(婚礼関係) のし：御中元 のし：御歳暮 のし：内祝×蝶結 のし：内祝×結切(婚礼関係) のし：御誕生日御祝 のし：新築御祝 のし：還暦御祝 のし：粗品×蝶結 のし：無地×蝶結 のし：無地×結切(婚礼関係) のし：御供×蓮のし(弔事) のし：御供×黄白(弔事) のし：志×蓮のし(弔事) のし：志×黄白(弔事) のし：その他 のし表書き：その他: ※上記リストにない場合はお書き下さい。 | 数量: 本 在庫: ○ 在庫 ○ 返品についての詳細はこちら 蔵元限定酒 純米大吟醸 広島錦 精米歩合38% 超辛口 720ml 蔵元でしか買えない「蔵元限定酒」に新しいお酒が仲間入り。 | 辛口好きの方にこそ、味わっていただきたい蔵元限定酒です。,,"""純米大吟醸 広島錦 精米歩合38% 超辛口"" ""賀茂鶴酒造"" 発売 OR 新発売 OR 受賞 OR リニューアル OR 限定",[],
賀茂鶴酒造,賀茂鶴,純米大吟醸 広系酒33号,純米大吟醸,,,限定流通,2026-09-06現行性を公式情報で再確認,https://shop.kamotsuru.jp/SHOP/junmaidaiginjo-hirokei720.html,200,純米大吟醸 広系酒33号 720ml【賀茂鶴メンバーズ限定】 賀茂鶴 直営オンラインストア,賀茂鶴 蔵元限定品。新しい酒米「広系酒三十三号」を精米歩合50％まで磨き、2号蔵椋田杜氏が醸した純米大吟醸酒。果実のような香りと旨味と酸味のバランスのとれた味わい。 賀茂鶴酒造株式会社の直営ショッピングサイトです。日本酒はもちろん、梅酒やオリジナルグッズなど、新商品からギフト商品まで多数品揃えしております。,,,数量: 本 在庫: ○ 在庫 ○ 返品についての詳細はこちら 冷蔵庫に収まるサイズ 容器サイズ 720ml １本入化粧箱 サイズ：83×83×301（ｍｍ） （720ml瓶サイズ：77×77×296（mm）） 新しい酒米で醸した純米大吟醸 酒米「広系酒三十三号」を精米歩合50％まで磨き醸した純米大吟醸酒。 | 「広系酒三十三号」は広島県立総合技術研究所農業技術センターが開発した新しい酒米です。 | 【新規酒造好適米として申請中】 本数限定 ※見学室直売所と賀茂鶴メンバーズ会員様限定販売の商品です 果実のような香りの純米大吟醸 賀茂鶴の味わい 賀茂鶴の酒は創醸以来「アマ・カラ・ピン・ウマ」の四拍子揃った味を心掛けています。 | 歴代の杜氏が醸し続けてきた味を守ることは、ただ同じ味を造り続けることではありません。,,"""純米大吟醸 広系酒33号"" ""賀茂鶴酒造"" 発売 OR 新発売 OR 受賞 OR リニューアル OR 限定",[],
賀茂鶴酒造,賀茂鶴,純米大吟醸 瑞兆賀茂鶴,純米大吟醸,,,一般流通,公式直営ECで販売中を確認。SKU層から商品層へ補完。,https://shop.kamotsuru.jp/SHOP/zuicho720.html,200,純米大吟醸 瑞兆賀茂鶴 720ml 化粧箱入 賀茂鶴 直営オンラインストア,伝統の技で醸した、渾身の純米大吟醸酒 雫酒。圧力を加えずに自然の力で滴る雫酒は限りなく純粋できめ細かな香りと優雅な味わい。 賀茂鶴酒造株式会社の直営ショッピングサイトです。日本酒はもちろん、梅酒やオリジナルグッズなど、新商品からギフト商品まで多数品揃えしております。,,,他の商品も一緒にご注文の場合、この商品に合わせて出荷します。 | 選択してください ご自宅用（包装なし・のしなし） 包装あり・のしなし のし：御祝×蝶結 のし：御祝×結切(婚礼関係) のし：御礼×蝶結 のし：御礼×結切(婚礼関係) のし：御中元 のし：御歳暮 のし：内祝×蝶結 のし：内祝×結切(婚礼関係) のし：御誕生日御祝 のし：新築御祝 のし：還暦御祝 のし：粗品×蝶結 のし：無地×蝶結 のし：無地×結切(婚礼関係) のし：御供×蓮のし(弔事) のし：御供×黄白(弔事) のし：志×蓮のし(弔事) のし：志×黄白(弔事) のし：その他 のし表書き：その他: ※上記リストにない場合はお書き下さい。 | 平成元年に「地元の米、地元の水で酒を仕込もう」という呼びかけのもと、地元稲作農家と酒蔵が協力して東広島酒米栽培推進協議会を結成し酒米の栽培が始まりました。 | 東広島酒米栽培推進協議会は県内他産地との差別化を図るため、「山田錦」単一品種のみの栽培から始め、技術者による遺伝的種子選抜や栽培方法の統一化を行いながら、高品質化を図っています。,,"""純米大吟醸 瑞兆賀茂鶴"" ""賀茂鶴酒造"" 発売 OR 新発売 OR 受賞 OR リニューアル OR 限定",[],
賀茂鶴酒造,賀茂鶴,純米酒,純米,のもつ旨味と純米特有の酸味とがほどよくマッチした爽やかな辛口純米酒,,一般流通,,https://shop.kamotsuru.jp/SHOP/junmai1800.html,200,純米酒 1.8L 賀茂鶴 直営オンラインストア,米のもつ旨味と純米特有の酸味が程よくマッチした爽快辛口。飲み方は冷やでも燗でも問わない、料理に寄り添う純米酒。 賀茂鶴酒造株式会社の直営ショッピングサイトです。日本酒はもちろん、梅酒やオリジナルグッズなど、新商品からギフト商品まで多数品揃えしております。,,,コンテストで金賞を受賞 16年目を迎える、「ワイングラスでおいしい日本酒アワード」。 | 254社から1091点のエントリーがあり、2025年メイン部門にて金賞を受賞しました。,,"""純米酒"" ""賀茂鶴酒造"" 発売 OR 新発売 OR 受賞 OR リニューアル OR 限定",[],
賀茂鶴酒造,賀茂鶴,純米酒 しぼりたて,純米,,65%,季節商品,2026-09-06現行性を公式情報で再確認,https://shop.kamotsuru.jp/SHOP/346519/346479/list.html,200,【季節限定】 純米酒 しぼりたて 賀茂鶴 直営オンラインストア,【季節限定】 純米酒 しぼりたて 賀茂鶴酒造株式会社の直営ショッピングサイトです。日本酒はもちろん、梅酒やオリジナルグッズなど、新商品からギフト商品まで多数品揃えしております。,,,心を込めて仕込んだ新酒を、その名の通り“しぼりたて”の状態で一度だけ火入れし、できたての風味をそのままお届けします。 | 醸した蔵・杜氏のご紹介 醸造は昨年に引き続き、四号蔵杜氏・中須賀玄治が担当。 | 四号蔵は、レギュラー酒を中心に、賀茂鶴ラインナップの多くを仕込む、最新の空調・機械設備を有した醸造蔵。 | 中須賀杜氏の他、若手醸造スタッフ中心に丹念に仕込みました。,,"""純米酒 しぼりたて"" ""賀茂鶴酒造"" 発売 OR 新発売 OR 受賞 OR リニューアル OR 限定",[],
賀茂鶴酒造,賀茂鶴,純米酒 にごり酒,純米,,,季節商品,2026-09-06現行性を公式情報で再確認,https://shop.kamotsuru.jp/SHOP/346519/346502/list.html,200,純米酒にごり酒 賀茂鶴 直営オンラインストア,純米酒にごり酒 賀茂鶴酒造株式会社の直営ショッピングサイトです。日本酒はもちろん、梅酒やオリジナルグッズなど、新商品からギフト商品まで多数品揃えしております。,,,賀茂鶴の杜氏おすすめの季節限定酒 友安総杜氏からのコメント「日本酒未経験の方にも、飲んでいただきたいです。,,"""純米酒 にごり酒"" ""賀茂鶴酒造"" 発売 OR 新発売 OR 受賞 OR リニューアル OR 限定",[],
賀茂鶴酒造,賀茂鶴,純米酒 ひやおろし,純米,,,季節商品,2026-09-06現行性を公式情報で再確認,https://shop.kamotsuru.jp/SHOP/hiyaoroshi720.html,200,季節限定酒 純米酒 ひやおろし 720ML 賀茂鶴 直営オンラインストア,秋の季節限定酒。賀茂鶴「純米ひやおろし」は、2号蔵椋田杜氏が広島県産雄町で醸した、穏やかな香りとまるみのある味わいの純米酒。飲み方を問わず、秋の味覚に寄り添います。 賀茂鶴酒造株式会社の直営ショッピングサイトです。日本酒はもちろん、梅酒やオリジナルグッズなど、新商品からギフト商品まで多数品揃えしております。,,,数量: 本 在庫: ○ 在庫 ○ 返品についての詳細はこちら ※2026年は9月4日(金)より出荷開始予定 穏やかな香り、深い旨味の熟成した味わい 2026年、秋の季節限定酒「純米 ひやおろし」。 | トンボが舞い始める秋口に、ほどよい熟成を経た飲み頃の状態で出荷されます。 | 〈賀茂鶴酒造 二号蔵杜氏 椋田茂 醸造〉 広島県産「雄町」100％使用 お隣の岡山県で生まれた酒米「雄町（おまち）」は、「山田錦」「五百万石」「美山錦」と並ぶ4大酒造好適米のひとつ。 | 「『ひやおろし』は季節限定酒だからこそ、毎年さまざまな挑戦ができるお酒です。,,"""純米酒 ひやおろし"" ""賀茂鶴酒造"" 発売 OR 新発売 OR 受賞 OR リニューアル OR 限定",[],
賀茂鶴酒造,賀茂鶴,花咲かじいさん 純米吟醸 萌えいぶき,純米吟醸,,,限定流通,オンラインストア限定・数量限定。公式ECでは売切,https://shop.kamotsuru.jp/SHOP/346441/346462/list.html,200,冷酒におすすめ 賀茂鶴 直営オンラインストア,冷酒におすすめ 賀茂鶴酒造株式会社の直営ショッピングサイトです。日本酒はもちろん、梅酒やオリジナルグッズなど、新商品からギフト商品まで多数品揃えしております。,,,賀茂鶴の3人の杜氏が季節ごとの日本酒の味わいを醸します。,,"""花咲かじいさん 純米吟醸 萌えいぶき"" ""賀茂鶴酒造"" 発売 OR 新発売 OR 受賞 OR リニューアル OR 限定",[],
賀茂鶴酒造,賀茂鶴,豊醇冷酒,普通酒・上撰,,,一般流通,2026-09-06現行性を公式情報で再確認,https://shop.kamotsuru.jp/SHOP/346437/346505/list.html,200,豊醇冷酒 賀茂鶴 直営オンラインストア,豊醇冷酒 賀茂鶴酒造株式会社の直営ショッピングサイトです。日本酒はもちろん、梅酒やオリジナルグッズなど、新商品からギフト商品まで多数品揃えしております。,,,,,"""豊醇冷酒"" ""賀茂鶴酒造"" 発売 OR 新発売 OR 受賞 OR リニューアル OR 限定",[],
賀茂鶴酒造,賀茂鶴,賀茂鶴 光壽,その他,,28%,一般流通,公式直営ECで販売中を確認。SKU層から商品層へ補完。,https://shop.kamotsuru.jp/SHOP/kouju750.html,200,スパークリング日本酒 賀茂鶴光壽 750ml 化粧箱入 賀茂鶴 直営オンラインストア,スパークリング日本酒 瓶内二次発酵による発泡性 低アルコール純米酒 広島県産山田錦 精米歩合28％ 賀茂鶴酒造株式会社の直営ショッピングサイトです。日本酒はもちろん、梅酒やオリジナルグッズなど、新商品からギフト商品まで多数品揃えしております。,,,他の商品も一緒にご注文の場合、この商品に合わせて出荷します。 | 選択してください ご自宅用（包装なし・のしなし） 包装あり・のしなし のし：御祝×蝶結 のし：御祝×結切(婚礼関係) のし：御礼×蝶結 のし：御礼×結切(婚礼関係) のし：御中元 のし：御歳暮 のし：内祝×蝶結 のし：内祝×結切(婚礼関係) のし：御誕生日御祝 のし：新築御祝 のし：還暦御祝 のし：粗品×蝶結 のし：無地×蝶結 のし：無地×結切(婚礼関係) のし：御供×蓮のし(弔事) のし：御供×黄白(弔事) のし：志×蓮のし(弔事) のし：志×黄白(弔事) のし：その他 のし表書き：その他: ※上記リストにない場合はお書き下さい。 | 数量: 本 在庫: ○ 在庫 ○ 返品についての詳細はこちら スパークリング日本酒 賀茂鶴 光壽 「賀茂鶴 光壽」は、賀茂鶴酒造が5年余りの歳月をかけ開発したスパークリング日本酒です。 | 酒米の王様とも呼ばれる山田錦(広島県産)を精米歩合28%まで磨き込み、瓶内二次発酵方式による製法で米の旨みを感じさせながらも、雑味のない、澄んだ味わいに仕上げました。,,"""賀茂鶴 光壽"" ""賀茂鶴酒造"" 発売 OR 新発売 OR 受賞 OR リニューアル OR 限定",[],
賀茂鶴酒造,酒中在心,酒中在心 橙 純米吟醸 生もと 八反35号,純米吟醸,八反35号,60％,限定流通,,https://shop.kamotsuru.jp/SHOP/shutyuzaishin-daidai_1800.html,200,【取扱い店限定酒】酒中在心 橙 純米吟醸 生もと 八反35号 1.8L,取扱い店限定酒 酒中在心 橙 純米吟醸 生もと 八反35号 協会7号酵母 蔵元限定酒 賀茂鶴酒造株式会社の直営ショッピングサイトです。日本酒はもちろん、梅酒やオリジナルグッズなど、新商品からギフト商品まで多数品揃えしております。,,,その原点を大切にしながら、多様なお客様の好みに応える新たな挑戦として誕生したのが「酒中在心」シリーズです。 | 歴代の杜氏が受け継いできた技を守りつつ、さらに新しい味を追求。 | 途絶えていた伝統的な醸造法を復活させ、栽培が難しく長らく使われていなかった酒米も、農家の皆さまと協力して蘇らせました。 | また、あえて落ち着きのある香りをもつクラシカルな酵母を採用し、個性豊かな4種類の純米酒が生まれました。,,"""酒中在心 橙 純米吟醸 生もと 八反35号"" ""賀茂鶴酒造"" 発売 OR 新発売 OR 受賞 OR リニューアル OR 限定",[],
賀茂鶴酒造,酒中在心,酒中在心 茜 純米酒 広島錦,純米,広島錦100%,65％,限定流通,,https://shop.kamotsuru.jp/SHOP/shutyuzaishin-akane_1800.html,200,【取扱い店限定酒】酒中在心 茜 純米酒 広島錦1.8L,燗純米 純米酒 希少な酒米「広島錦」 協会5号酵母 蔵元限定酒 取扱い店限定酒 賀茂鶴酒造株式会社の直営ショッピングサイトです。日本酒はもちろん、梅酒やオリジナルグッズなど、新商品からギフト商品まで多数品揃えしております。,,,「酒中在心」を醸す杜氏 二号蔵 杜氏 椋田 茂 1997年賀茂鶴酒造入社。 | 2013年二号蔵杜氏に就任し同年には日本酒造技術研究連盟にて1位を獲得。 | 【全国新酒鑑評会通算7回金賞受賞】（2026年1月現在） クラシカルでかつ現代的な味わい お客様の心に寄り添った新しい酒を目指しました。 | そのため、歴代の杜氏が積み重ねてきた技を大切に引き継ぎながらも、さらなる新しい味わいを求めて、途絶えていた昔ながらの醸造法にも取り組みました。,,"""酒中在心 茜 純米酒 広島錦"" ""賀茂鶴酒造"" 発売 OR 新発売 OR 受賞 OR リニューアル OR 限定",[],
賀茂鶴酒造,酒中在心,酒中在心 藍 特別純米酒 生もと 雄町,特別純米,雄町,60％,限定流通,,https://shop.kamotsuru.jp/SHOP/shutyuzaishin-ai_1800.html,200,【取扱い店限定酒】酒中在心 藍 特別純米酒 生もと 雄町 1.8L,繊細でキレのある生もと 特別純米酒 酒造好適米「雄町」 協会10号酵母 蔵元限定酒 取扱い店限定酒 賀茂鶴酒造株式会社の直営ショッピングサイトです。日本酒はもちろん、梅酒やオリジナルグッズなど、新商品からギフト商品まで多数品揃えしております。,,,その原点を大切にしながら、多様なお客様の好みに応える新たな挑戦として誕生したのが「酒中在心」シリーズです。 | 歴代の杜氏が受け継いできた技を守りつつ、さらに新しい味を追求。 | 途絶えていた伝統的な醸造法を復活させ、栽培が難しく長らく使われていなかった酒米も、農家の皆さまと協力して蘇らせました。 | また、あえて落ち着きのある香りをもつクラシカルな酵母を採用し、個性豊かな4種類の純米酒が生まれました。,,"""酒中在心 藍 特別純米酒 生もと 雄町"" ""賀茂鶴酒造"" 発売 OR 新発売 OR 受賞 OR リニューアル OR 限定",[],
賀茂鶴酒造,酒中在心,酒中在心 鶯 純米大吟醸 山田錦,純米大吟醸,,,限定流通,公式直営ECで販売中を確認。SKU層から商品層へ補完。,https://shop.kamotsuru.jp/SHOP/shutyuzaishin-uguisu_720.html,200,【取扱い店限定酒】酒中在心 鶯 純米大吟醸 山田錦 720ml〈共通化粧箱入〉,旨味が増す純米大吟醸 純米大吟醸 酒米の王様「山田錦」 協会9号酵母 蔵元限定酒 葡萄を連想させる華やかな香り 賀茂鶴酒造株式会社の直営ショッピングサイトです。日本酒はもちろん、梅酒やオリジナルグッズなど、新商品からギフト商品まで多数品揃えしております。,,,選択してください ご自宅用（包装なし・のしなし） 包装あり・のしなし のし：御祝×蝶結 のし：御祝×結切(婚礼関係) のし：御礼×蝶結 のし：御礼×結切(婚礼関係) のし：御中元 のし：御歳暮 のし：内祝×蝶結 のし：内祝×結切(婚礼関係) のし：御誕生日御祝 のし：新築御祝 のし：還暦御祝 のし：粗品×蝶結 のし：無地×蝶結 のし：無地×結切(婚礼関係) のし：御供×蓮のし(弔事) のし：御供×黄白(弔事) のし：志×蓮のし(弔事) のし：志×黄白(弔事) のし：その他 のし表書き：その他: ※上記リストにない場合はお書き下さい。 | 「酒中在心」を醸す杜氏 二号蔵 杜氏 椋田 茂 1997年賀茂鶴酒造入社。 | 2013年二号蔵杜氏に就任し同年には日本酒造技術研究連盟にて1位を獲得。 | 【全国新酒鑑評会通算7回金賞受賞】（2026年1月現在） クラシカルでかつ現代的な味わい お客様の心に寄り添った新しい酒を目指しました。,,"""酒中在心 鶯 純米大吟醸 山田錦"" ""賀茂鶴酒造"" 発売 OR 新発売 OR 受賞 OR リニューアル OR 限定",[],
賀茂鶴酒造,賀茂鶴,金紋,普通酒・上撰,,,一般流通,,https://shop.kamotsuru.jp/SHOP/kinmon1800.html,200,金紋 1.8L 賀茂鶴 直営オンラインストア,賀茂鶴の伝統的な酒造りによって仕上げた、柔らかな口当たりで芳醇旨口のお酒はお燗にぴったり、食中酒としてもおすすめ。飲みあきしない、調和の取れた味わいです。 賀茂鶴酒造株式会社の直営ショッピングサイトです。日本酒はもちろん、梅酒やオリジナルグッズなど、新商品からギフト商品まで多数品揃えしております。,,,数量: 本 在庫: ○ 在庫 ○ 返品についての詳細はこちら サイズ 1.8L１本化粧箱入 サイズ：115×115×410（ｍｍ） （1.8L瓶サイズ：110×110×400（ｍｍ）） 柔らかな口当たりで芳醇な味わい 原料米を吟味し、丹念に磨き、じっくりと伏流井水で仕込みました。 | 歴代の杜氏が醸し続けてきた味を守ることは、ただ同じ味を造り続けることではありません。,,"""金紋"" ""賀茂鶴酒造"" 発売 OR 新発売 OR 受賞 OR リニューアル OR 限定",[],
賀茂鶴酒造,賀茂鶴,青冴え 2026 純米吟醸生原酒,純米吟醸,,,季節商品,2026年現行限定商品・公式ECでは売切,https://shop.kamotsuru.jp/SHOP/346441/346462/list.html,200,冷酒におすすめ 賀茂鶴 直営オンラインストア,冷酒におすすめ 賀茂鶴酒造株式会社の直営ショッピングサイトです。日本酒はもちろん、梅酒やオリジナルグッズなど、新商品からギフト商品まで多数品揃えしております。,,,賀茂鶴の3人の杜氏が季節ごとの日本酒の味わいを醸します。,,"""青冴え 2026 純米吟醸生原酒"" ""賀茂鶴酒造"" 発売 OR 新発売 OR 受賞 OR リニューアル OR 限定",[],
金光酒造,桜吹雪,桜吹雪 特別純米うすにごり生,特別純米,,50% / 60%,季節商品,公式限定商品一覧・発売時期 2月中旬,https://www.kamokin.com/line_up/Limited/limited.html,200,Limited株式会社金光酒造,清酒「賀茂金秀」「桜吹雪」の限定商品のご案内です。 清酒「賀茂金秀」「桜吹雪」の限定商品のご案内です。,,,"株式会社金光酒造Line Up Limited Message About Us Company Access Sake Making Sake Making Process Sake Rice Recent Awards Line Up Regular Limited Liqueur Shop List 北海道・東北地方 関東地方 中部地方 近畿地方 中国地方 九州地方 Gallery Symbol Mark Link Home | LineUp | Limited | Limited 限定商品 数量または季節限定の商品です。 | 純米吟醸 愛山 原材料名／米（国産） 米こうじ（国産米） 使用米／愛山 精米歩合／55% アルコール分／16度 ※販売開始時期 10月中旬 720㎖ 2,420円（税込） 1.8ℓ 4,565円（税込） SUITOH（すいとう） 原材料名／米（国産） 米こうじ（国産米） 使用米／蔵人下川栽培 雄町 精米歩合／60% アルコール分／16度 蔵人である下川健二が、米の栽培からお酒の仕込みまで責任を持って手掛けた渾身の一本です。 | >>Story ※販売開始時期 1月中旬 720㎖ 2,090円（税込） 1.8ℓ 3,740円（税込） 麗酸 雄町60 原材料名／米（国産） 米こうじ（国産米） 使用米／雄町 精米歩合／60% アルコール分／15度 雄町米とリンゴ酸高生産性酵母を使用したお酒です。 | ※販売開始時期 7月下旬 720㎖ 2,035円（税込） 1.8ℓ 無し 純米しぼりたて生 原材料名／米（国産） 米こうじ（国産米） 使用米／八反錦 精米歩合／60% アルコール分／16度 その年の最初にしぼる純米新酒。",,"""桜吹雪 特別純米うすにごり生"" ""金光酒造"" 発売 OR 新発売 OR 受賞 OR リニューアル OR 限定",[],
金光酒造,賀茂金秀,賀茂金秀 SUITOH,その他,蔵人下川栽培 雄町,60%,季節商品,公式限定商品一覧・発売時期 1月中旬,https://www.kamokin.com/line_up/Limited/limited.html,200,Limited株式会社金光酒造,清酒「賀茂金秀」「桜吹雪」の限定商品のご案内です。 清酒「賀茂金秀」「桜吹雪」の限定商品のご案内です。,,,"株式会社金光酒造Line Up Limited Message About Us Company Access Sake Making Sake Making Process Sake Rice Recent Awards Line Up Regular Limited Liqueur Shop List 北海道・東北地方 関東地方 中部地方 近畿地方 中国地方 九州地方 Gallery Symbol Mark Link Home | LineUp | Limited | Limited 限定商品 数量または季節限定の商品です。 | 純米吟醸 愛山 原材料名／米（国産） 米こうじ（国産米） 使用米／愛山 精米歩合／55% アルコール分／16度 ※販売開始時期 10月中旬 720㎖ 2,420円（税込） 1.8ℓ 4,565円（税込） SUITOH（すいとう） 原材料名／米（国産） 米こうじ（国産米） 使用米／蔵人下川栽培 雄町 精米歩合／60% アルコール分／16度 蔵人である下川健二が、米の栽培からお酒の仕込みまで責任を持って手掛けた渾身の一本です。 | >>Story ※販売開始時期 1月中旬 720㎖ 2,090円（税込） 1.8ℓ 3,740円（税込） 麗酸 雄町60 原材料名／米（国産） 米こうじ（国産米） 使用米／雄町 精米歩合／60% アルコール分／15度 雄町米とリンゴ酸高生産性酵母を使用したお酒です。 | ※販売開始時期 7月下旬 720㎖ 2,035円（税込） 1.8ℓ 無し 純米しぼりたて生 原材料名／米（国産） 米こうじ（国産米） 使用米／八反錦 精米歩合／60% アルコール分／16度 その年の最初にしぼる純米新酒。",,"""賀茂金秀 SUITOH"" ""金光酒造"" 発売 OR 新発売 OR 受賞 OR リニューアル OR 限定",[],
金光酒造,賀茂金秀,賀茂金秀 特別純米,特別純米,赤磐雄町 / 八反錦,50% / 60%,一般流通,公式定番ラインナップ掲載 / 二次DBでも存在確認,https://www.kamokin.com/line_up/regular.html,200,Regular株式会社金光酒造,清酒「賀茂金秀」「桜吹雪」の定番商品のご案内です。 清酒「賀茂金秀」「桜吹雪」の定番商品のご案内です。,,,純米大吟醸35 原材料名／米（国産） 米こうじ（国産米） 使用米／兵庫県東条産山田錦 精米歩合／35％ アルコール分／16度 高品質の酒米を使用したバランスの良いプレミアムなお酒。,,"""賀茂金秀 特別純米"" ""金光酒造"" 発売 OR 新発売 OR 受賞 OR リニューアル OR 限定",[],
金光酒造,賀茂金秀,賀茂金秀 特別純米 秋あがり,特別純米,,50% / 60%,季節商品,公式限定商品一覧・発売時期 9月上旬,https://www.kamokin.com/line_up/Limited/limited.html,200,Limited株式会社金光酒造,清酒「賀茂金秀」「桜吹雪」の限定商品のご案内です。 清酒「賀茂金秀」「桜吹雪」の限定商品のご案内です。,,,"株式会社金光酒造Line Up Limited Message About Us Company Access Sake Making Sake Making Process Sake Rice Recent Awards Line Up Regular Limited Liqueur Shop List 北海道・東北地方 関東地方 中部地方 近畿地方 中国地方 九州地方 Gallery Symbol Mark Link Home | LineUp | Limited | Limited 限定商品 数量または季節限定の商品です。 | 純米吟醸 愛山 原材料名／米（国産） 米こうじ（国産米） 使用米／愛山 精米歩合／55% アルコール分／16度 ※販売開始時期 10月中旬 720㎖ 2,420円（税込） 1.8ℓ 4,565円（税込） SUITOH（すいとう） 原材料名／米（国産） 米こうじ（国産米） 使用米／蔵人下川栽培 雄町 精米歩合／60% アルコール分／16度 蔵人である下川健二が、米の栽培からお酒の仕込みまで責任を持って手掛けた渾身の一本です。 | >>Story ※販売開始時期 1月中旬 720㎖ 2,090円（税込） 1.8ℓ 3,740円（税込） 麗酸 雄町60 原材料名／米（国産） 米こうじ（国産米） 使用米／雄町 精米歩合／60% アルコール分／15度 雄町米とリンゴ酸高生産性酵母を使用したお酒です。 | ※販売開始時期 7月下旬 720㎖ 2,035円（税込） 1.8ℓ 無し 純米しぼりたて生 原材料名／米（国産） 米こうじ（国産米） 使用米／八反錦 精米歩合／60% アルコール分／16度 その年の最初にしぼる純米新酒。",,"""賀茂金秀 特別純米 秋あがり"" ""金光酒造"" 発売 OR 新発売 OR 受賞 OR リニューアル OR 限定",[],
金光酒造,賀茂金秀,賀茂金秀 特別純米13,特別純米,赤磐雄町 / 八反錦,50% / 60%,一般流通,日本酒造組合中央会系JSP蔵元ページの代表商品,https://j-s-p.or.jp/kuramoto/kanemitsu,200,金光酒造合資会社 -JSP,創業1880年。桜吹雪銘柄で低価格酒を中心に販売していたが、2003年から「賀茂金秀」を立ち上げて、純米酒を中心に「こころに残る おいしいを求めて」をキャッチフレーズに酒造に勤しんでいる。水は敷地内に湧く中硬水、麹に赤磐雄町を多用してフレッシュ＆ジューシーな味わいをコンセプトにしている。 創業1880年。桜吹雪銘柄で低価格酒を中心に販売していたが、2003年から「賀茂金秀」を立ち上げて、純米酒を中心に「こころに残る おいしいを求めて」をキャッチフレーズに酒造に勤しんでいる。水は敷地内に湧く中硬水、麹に赤磐雄町を多用してフレッシュ＆ジューシーな味わいをコンセプトにしている。,,,JSPとは 記事一覧 特集 JSP 地酒情報 加盟蔵元一覧 TOP JSPとは 記事一覧 特集 JSP 地酒情報 加盟蔵元一覧 JSPトップ 加盟蔵元一覧 蔵元情報 金光酒造合資会社 創業1880年。 | 桜吹雪銘柄で低価格酒を中心に販売していたが、 2003年から「賀茂金秀」を立ち上げて、 純米酒を中心に「こころに残る おいしいを求めて」をキャッチフレーズに酒造に勤しんでいる。,,"""賀茂金秀 特別純米13"" ""金光酒造"" 発売 OR 新発売 OR 受賞 OR リニューアル OR 限定",[],
金光酒造,賀茂金秀,賀茂金秀 純米 お燗酒,純米,,60% / 65%,季節商品,公式限定商品一覧・発売時期 10月中旬,https://www.kamokin.com/line_up/Limited/limited.html,200,Limited株式会社金光酒造,清酒「賀茂金秀」「桜吹雪」の限定商品のご案内です。 清酒「賀茂金秀」「桜吹雪」の限定商品のご案内です。,,,"株式会社金光酒造Line Up Limited Message About Us Company Access Sake Making Sake Making Process Sake Rice Recent Awards Line Up Regular Limited Liqueur Shop List 北海道・東北地方 関東地方 中部地方 近畿地方 中国地方 九州地方 Gallery Symbol Mark Link Home | LineUp | Limited | Limited 限定商品 数量または季節限定の商品です。 | 純米吟醸 愛山 原材料名／米（国産） 米こうじ（国産米） 使用米／愛山 精米歩合／55% アルコール分／16度 ※販売開始時期 10月中旬 720㎖ 2,420円（税込） 1.8ℓ 4,565円（税込） SUITOH（すいとう） 原材料名／米（国産） 米こうじ（国産米） 使用米／蔵人下川栽培 雄町 精米歩合／60% アルコール分／16度 蔵人である下川健二が、米の栽培からお酒の仕込みまで責任を持って手掛けた渾身の一本です。 | >>Story ※販売開始時期 1月中旬 720㎖ 2,090円（税込） 1.8ℓ 3,740円（税込） 麗酸 雄町60 原材料名／米（国産） 米こうじ（国産米） 使用米／雄町 精米歩合／60% アルコール分／15度 雄町米とリンゴ酸高生産性酵母を使用したお酒です。 | ※販売開始時期 7月下旬 720㎖ 2,035円（税込） 1.8ℓ 無し 純米しぼりたて生 原材料名／米（国産） 米こうじ（国産米） 使用米／八反錦 精米歩合／60% アルコール分／16度 その年の最初にしぼる純米新酒。",,"""賀茂金秀 純米 お燗酒"" ""金光酒造"" 発売 OR 新発売 OR 受賞 OR リニューアル OR 限定",[],
金光酒造,賀茂金秀,賀茂金秀 純米しぼりたて生,純米,八反錦,60%,季節商品,公式限定商品一覧・発売時期 11月下旬,https://www.kamokin.com/line_up/Limited/limited.html,200,Limited株式会社金光酒造,清酒「賀茂金秀」「桜吹雪」の限定商品のご案内です。 清酒「賀茂金秀」「桜吹雪」の限定商品のご案内です。,,,"株式会社金光酒造Line Up Limited Message About Us Company Access Sake Making Sake Making Process Sake Rice Recent Awards Line Up Regular Limited Liqueur Shop List 北海道・東北地方 関東地方 中部地方 近畿地方 中国地方 九州地方 Gallery Symbol Mark Link Home | LineUp | Limited | Limited 限定商品 数量または季節限定の商品です。 | 純米吟醸 愛山 原材料名／米（国産） 米こうじ（国産米） 使用米／愛山 精米歩合／55% アルコール分／16度 ※販売開始時期 10月中旬 720㎖ 2,420円（税込） 1.8ℓ 4,565円（税込） SUITOH（すいとう） 原材料名／米（国産） 米こうじ（国産米） 使用米／蔵人下川栽培 雄町 精米歩合／60% アルコール分／16度 蔵人である下川健二が、米の栽培からお酒の仕込みまで責任を持って手掛けた渾身の一本です。 | >>Story ※販売開始時期 1月中旬 720㎖ 2,090円（税込） 1.8ℓ 3,740円（税込） 麗酸 雄町60 原材料名／米（国産） 米こうじ（国産米） 使用米／雄町 精米歩合／60% アルコール分／15度 雄町米とリンゴ酸高生産性酵母を使用したお酒です。 | ※販売開始時期 7月下旬 720㎖ 2,035円（税込） 1.8ℓ 無し 純米しぼりたて生 原材料名／米（国産） 米こうじ（国産米） 使用米／八反錦 精米歩合／60% アルコール分／16度 その年の最初にしぼる純米新酒。",,"""賀茂金秀 純米しぼりたて生"" ""金光酒造"" 発売 OR 新発売 OR 受賞 OR リニューアル OR 限定",[],
金光酒造,賀茂金秀,賀茂金秀 純米吟醸 愛山,純米吟醸,愛山,55%,季節商品,公式限定商品一覧・発売時期 10月中旬,https://www.kamokin.com/line_up/Limited/limited.html,200,Limited株式会社金光酒造,清酒「賀茂金秀」「桜吹雪」の限定商品のご案内です。 清酒「賀茂金秀」「桜吹雪」の限定商品のご案内です。,,,"株式会社金光酒造Line Up Limited Message About Us Company Access Sake Making Sake Making Process Sake Rice Recent Awards Line Up Regular Limited Liqueur Shop List 北海道・東北地方 関東地方 中部地方 近畿地方 中国地方 九州地方 Gallery Symbol Mark Link Home | LineUp | Limited | Limited 限定商品 数量または季節限定の商品です。 | 純米吟醸 愛山 原材料名／米（国産） 米こうじ（国産米） 使用米／愛山 精米歩合／55% アルコール分／16度 ※販売開始時期 10月中旬 720㎖ 2,420円（税込） 1.8ℓ 4,565円（税込） SUITOH（すいとう） 原材料名／米（国産） 米こうじ（国産米） 使用米／蔵人下川栽培 雄町 精米歩合／60% アルコール分／16度 蔵人である下川健二が、米の栽培からお酒の仕込みまで責任を持って手掛けた渾身の一本です。 | >>Story ※販売開始時期 1月中旬 720㎖ 2,090円（税込） 1.8ℓ 3,740円（税込） 麗酸 雄町60 原材料名／米（国産） 米こうじ（国産米） 使用米／雄町 精米歩合／60% アルコール分／15度 雄町米とリンゴ酸高生産性酵母を使用したお酒です。 | ※販売開始時期 7月下旬 720㎖ 2,035円（税込） 1.8ℓ 無し 純米しぼりたて生 原材料名／米（国産） 米こうじ（国産米） 使用米／八反錦 精米歩合／60% アルコール分／16度 その年の最初にしぼる純米新酒。",,"""賀茂金秀 純米吟醸 愛山"" ""金光酒造"" 発売 OR 新発売 OR 受賞 OR リニューアル OR 限定",[],
金光酒造,賀茂金秀,賀茂金秀 純米吟醸 雄町,純米吟醸,麹米：赤磐雄町 / 掛米：雄町,50%,一般流通,公式定番ラインナップ掲載 / 日本酒造組合中央会系JSP蔵元ページの代表商品 / 二次DBでも存在確認,https://www.kamokin.com/line_up/regular.html,200,Regular株式会社金光酒造,清酒「賀茂金秀」「桜吹雪」の定番商品のご案内です。 清酒「賀茂金秀」「桜吹雪」の定番商品のご案内です。,,,純米大吟醸35 原材料名／米（国産） 米こうじ（国産米） 使用米／兵庫県東条産山田錦 精米歩合／35％ アルコール分／16度 高品質の酒米を使用したバランスの良いプレミアムなお酒。,,"""賀茂金秀 純米吟醸 雄町"" ""金光酒造"" 発売 OR 新発売 OR 受賞 OR リニューアル OR 限定",[],
金光酒造,賀茂金秀,賀茂金秀 純米大吟醸35,純米大吟醸,東条産山田錦,35%,一般流通,公式定番ラインナップ掲載 / 日本酒造組合中央会系JSP蔵元ページの代表商品,https://www.kamokin.com/line_up/regular.html,200,Regular株式会社金光酒造,清酒「賀茂金秀」「桜吹雪」の定番商品のご案内です。 清酒「賀茂金秀」「桜吹雪」の定番商品のご案内です。,,,純米大吟醸35 原材料名／米（国産） 米こうじ（国産米） 使用米／兵庫県東条産山田錦 精米歩合／35％ アルコール分／16度 高品質の酒米を使用したバランスの良いプレミアムなお酒。,,"""賀茂金秀 純米大吟醸35"" ""金光酒造"" 発売 OR 新発売 OR 受賞 OR リニューアル OR 限定",[],
金光酒造,賀茂金秀,賀茂金秀 純米大吟醸40,純米大吟醸,千本錦,40%,一般流通,公式定番ラインナップ掲載 / 二次DBでも存在確認,https://www.kamokin.com/line_up/regular.html,200,Regular株式会社金光酒造,清酒「賀茂金秀」「桜吹雪」の定番商品のご案内です。 清酒「賀茂金秀」「桜吹雪」の定番商品のご案内です。,,,純米大吟醸35 原材料名／米（国産） 米こうじ（国産米） 使用米／兵庫県東条産山田錦 精米歩合／35％ アルコール分／16度 高品質の酒米を使用したバランスの良いプレミアムなお酒。,,"""賀茂金秀 純米大吟醸40"" ""金光酒造"" 発売 OR 新発売 OR 受賞 OR リニューアル OR 限定",[],
金光酒造,賀茂金秀,賀茂金秀 辛口夏純,純米,八反錦,60%,季節商品,公式限定商品一覧・発売時期 5月中旬,https://www.kamokin.com/line_up/Limited/limited.html,200,Limited株式会社金光酒造,清酒「賀茂金秀」「桜吹雪」の限定商品のご案内です。 清酒「賀茂金秀」「桜吹雪」の限定商品のご案内です。,,,"株式会社金光酒造Line Up Limited Message About Us Company Access Sake Making Sake Making Process Sake Rice Recent Awards Line Up Regular Limited Liqueur Shop List 北海道・東北地方 関東地方 中部地方 近畿地方 中国地方 九州地方 Gallery Symbol Mark Link Home | LineUp | Limited | Limited 限定商品 数量または季節限定の商品です。 | 純米吟醸 愛山 原材料名／米（国産） 米こうじ（国産米） 使用米／愛山 精米歩合／55% アルコール分／16度 ※販売開始時期 10月中旬 720㎖ 2,420円（税込） 1.8ℓ 4,565円（税込） SUITOH（すいとう） 原材料名／米（国産） 米こうじ（国産米） 使用米／蔵人下川栽培 雄町 精米歩合／60% アルコール分／16度 蔵人である下川健二が、米の栽培からお酒の仕込みまで責任を持って手掛けた渾身の一本です。 | >>Story ※販売開始時期 1月中旬 720㎖ 2,090円（税込） 1.8ℓ 3,740円（税込） 麗酸 雄町60 原材料名／米（国産） 米こうじ（国産米） 使用米／雄町 精米歩合／60% アルコール分／15度 雄町米とリンゴ酸高生産性酵母を使用したお酒です。 | ※販売開始時期 7月下旬 720㎖ 2,035円（税込） 1.8ℓ 無し 純米しぼりたて生 原材料名／米（国産） 米こうじ（国産米） 使用米／八反錦 精米歩合／60% アルコール分／16度 その年の最初にしぼる純米新酒。",,"""賀茂金秀 辛口夏純"" ""金光酒造"" 発売 OR 新発売 OR 受賞 OR リニューアル OR 限定",[],
金光酒造,賀茂金秀,賀茂金秀 辛口特別純米,特別純米,赤磐雄町 / 八反錦,50% / 60%,一般流通,公式定番ラインナップ掲載 / 二次DBでも存在確認,https://www.kamokin.com/line_up/regular.html,200,Regular株式会社金光酒造,清酒「賀茂金秀」「桜吹雪」の定番商品のご案内です。 清酒「賀茂金秀」「桜吹雪」の定番商品のご案内です。,,,純米大吟醸35 原材料名／米（国産） 米こうじ（国産米） 使用米／兵庫県東条産山田錦 精米歩合／35％ アルコール分／16度 高品質の酒米を使用したバランスの良いプレミアムなお酒。,,"""賀茂金秀 辛口特別純米"" ""金光酒造"" 発売 OR 新発売 OR 受賞 OR リニューアル OR 限定",[],
金光酒造,賀茂金秀,賀茂金秀 麗酸 雄町60,その他,雄町,60%,季節商品,公式限定商品一覧・発売時期 7月下旬,https://www.kamokin.com/line_up/Limited/limited.html,200,Limited株式会社金光酒造,清酒「賀茂金秀」「桜吹雪」の限定商品のご案内です。 清酒「賀茂金秀」「桜吹雪」の限定商品のご案内です。,,,"株式会社金光酒造Line Up Limited Message About Us Company Access Sake Making Sake Making Process Sake Rice Recent Awards Line Up Regular Limited Liqueur Shop List 北海道・東北地方 関東地方 中部地方 近畿地方 中国地方 九州地方 Gallery Symbol Mark Link Home | LineUp | Limited | Limited 限定商品 数量または季節限定の商品です。 | 純米吟醸 愛山 原材料名／米（国産） 米こうじ（国産米） 使用米／愛山 精米歩合／55% アルコール分／16度 ※販売開始時期 10月中旬 720㎖ 2,420円（税込） 1.8ℓ 4,565円（税込） SUITOH（すいとう） 原材料名／米（国産） 米こうじ（国産米） 使用米／蔵人下川栽培 雄町 精米歩合／60% アルコール分／16度 蔵人である下川健二が、米の栽培からお酒の仕込みまで責任を持って手掛けた渾身の一本です。 | >>Story ※販売開始時期 1月中旬 720㎖ 2,090円（税込） 1.8ℓ 3,740円（税込） 麗酸 雄町60 原材料名／米（国産） 米こうじ（国産米） 使用米／雄町 精米歩合／60% アルコール分／15度 雄町米とリンゴ酸高生産性酵母を使用したお酒です。 | ※販売開始時期 7月下旬 720㎖ 2,035円（税込） 1.8ℓ 無し 純米しぼりたて生 原材料名／米（国産） 米こうじ（国産米） 使用米／八反錦 精米歩合／60% アルコール分／16度 その年の最初にしぼる純米新酒。",,"""賀茂金秀 麗酸 雄町60"" ""金光酒造"" 発売 OR 新発売 OR 受賞 OR リニューアル OR 限定",[],
